"year","month","date","airport_iata","airport_name","city","state","latitude","longitude","monthly_passengers","monthly_flights","aircraft_movements","temperature_c","rainfall_mm","humidity_pct","wind_speed_kmh","weather_severity_score"
2021,1,"2021-01-01","DEL","Indira Gandhi International Airport","New Delhi","Delhi",28.5562,77.1,6286667,44272,47814,16.7,18.5,65,15.5,24.1
2021,1,"2021-01-01","BOM","Chhatrapati Shivaji Maharaj International Airport","Mumbai","Maharashtra",19.0896,72.8656,4407500,31039,33522,21,18.5,65,15.5,27
2021,1,"2021-01-01","BLR","Kempegowda International Airport","Bengaluru","Karnataka",13.1986,77.7066,3203125,22557,24362,23.7,18.5,65,15.5,28.7
2021,1,"2021-01-01","MAA","Chennai International Airport","Chennai","Tamil Nadu",12.9941,80.1709,1802292,12692,13707,23.8,18.5,65,15.5,28.8
2021,1,"2021-01-01","HYD","Rajiv Gandhi International Airport","Hyderabad","Telangana",17.2403,78.4294,2135417,15038,16241,21.8,18.5,65,15.5,27.5
2021,1,"2021-01-01","CCU","Netaji Subhash Chandra Bose International Airport","Kolkata","West Bengal",22.6547,88.4467,1691250,11910,12863,19.4,18.5,65,15.5,25.9
2021,1,"2021-01-01","AMD","Sardar Vallabhbhai Patel International Airport","Ahmedabad","Gujarat",23.0772,72.6347,956667,6737,7276,19.2,18.5,65,15.5,25.8
2021,1,"2021-01-01","PNQ","Pune Airport","Pune","Maharashtra",18.5822,73.9197,683333,4812,5197,21.2,18.5,65,15.5,27.1
2021,1,"2021-01-01","COK","Cochin International Airport","Kochi","Kerala",10.152,76.4019,879792,6196,6692,25,18.5,65,15.5,29.7
2021,1,"2021-01-01","GOI","Dabolim Airport","Goa","Goa",15.3808,73.8314,717500,5053,5457,22.7,18.5,65,15.5,28.1
2021,1,"2021-01-01","GOX","Manohar International Airport (MOPA)","Goa","Goa",15.7481,73.8647,358750,2526,2728,22.5,18.5,65,15.5,28
2021,1,"2021-01-01","CJB","Coimbatore International Airport","Coimbatore","Tamil Nadu",11.03,77.0434,247708,1744,1884,24.6,18.5,65,15.5,29.4
2021,1,"2021-01-01","TRZ","Tiruchirappalli International Airport","Tiruchirappalli","Tamil Nadu",10.7654,78.7097,153750,1083,1170,24.8,18.5,65,15.5,29.5
2021,1,"2021-01-01","IXM","Madurai Airport","Madurai","Tamil Nadu",9.8345,78.0934,119583,842,909,25.2,18.5,65,15.5,29.8
2021,1,"2021-01-01","SXV","Salem Airport","Salem","Tamil Nadu",11.7783,78.0647,8542,60,65,24.3,18.5,65,15.5,29.2
2021,1,"2021-01-01","TCR","Tuticorin Airport","Thoothukudi","Tamil Nadu",8.7242,78.0267,17083,120,130,25.7,18.5,65,15.5,30.1
2021,1,"2021-01-01","ATQ","Sri Guru Ram Dass Jee International Airport","Amritsar","Punjab",31.7096,74.7973,239167,1684,1819,15.3,18.5,65,15.5,23.2
2021,1,"2021-01-01","IXC","Chandigarh International Airport","Chandigarh","Chandigarh",30.6735,76.7885,307500,2165,2338,15.8,18.5,65,15.5,23.5
2021,1,"2021-01-01","GAU","Lokpriya Gopinath Bordoloi International Airport","Guwahati","Assam",26.1061,91.5859,495417,3489,3768,17.9,18.5,65,15.5,24.9
2021,1,"2021-01-01","JAI","Jaipur International Airport","Jaipur","Rajasthan",26.8242,75.8122,461250,3248,3508,17.5,18.5,65,15.5,24.7
2021,1,"2021-01-01","LKO","Chaudhary Charan Singh International Airport","Lucknow","Uttar Pradesh",26.7606,80.8893,444167,3128,3378,17.6,18.5,65,15.5,24.7
2021,1,"2021-01-01","TRV","Thiruvananthapuram International Airport","Thiruvananthapuram","Kerala",8.4821,76.92,375833,2647,2859,25.8,18.5,65,15.5,30.2
2021,1,"2021-01-01","CCJ","Calicut International Airport","Kozhikode","Kerala",11.1368,75.9553,273333,1925,2079,24.6,18.5,65,15.5,29.4
2021,1,"2021-01-01","IXE","Mangaluru International Airport","Mangaluru","Karnataka",12.9613,74.89,162292,1143,1234,23.8,18.5,65,15.5,28.8
2021,1,"2021-01-01","PAT","Jay Prakash Narayan Airport","Patna","Bihar",25.5913,85.088,358750,2526,2728,18.1,18.5,65,15.5,25
2021,1,"2021-01-01","BBI","Biju Patnaik International Airport","Bhubaneswar","Odisha",20.2444,85.8178,384375,2707,2924,20.5,18.5,65,15.5,26.6
2021,1,"2021-01-01","IDR","Devi Ahilya Bai Holkar Airport","Indore","Madhya Pradesh",22.7217,75.8011,264792,1865,2014,19.4,18.5,65,15.5,25.9
2021,1,"2021-01-01","NAG","Dr. Babasaheb Ambedkar International Airport","Nagpur","Maharashtra",21.0922,79.0472,239167,1684,1819,20.1,18.5,65,15.5,26.4
2021,1,"2021-01-01","IXB","Bagdogra Airport","Siliguri","West Bengal",26.6812,88.3286,264792,1865,2014,17.6,18.5,65,15.5,24.7
2021,1,"2021-01-01","SXR","Sheikh ul-Alam International Airport","Srinagar","Jammu and Kashmir",33.9872,74.7742,375833,2647,2859,14.3,18.5,65,15.5,22.5
2021,1,"2021-01-01","IXJ","Jammu Airport","Jammu","Jammu and Kashmir",32.6892,74.8372,153750,1083,1170,14.9,18.5,65,15.5,22.9
2021,1,"2021-01-01","IXL","Kushok Bakula Rimpochee Airport","Leh","Ladakh",34.1358,77.5464,102500,722,780,14.2,18.5,65,15.5,22.5
2021,1,"2021-01-01","IXA","Maharaja Bir Bikram Airport","Agartala","Tripura",23.887,91.2405,128125,902,974,18.9,18.5,65,15.5,25.5
2021,1,"2021-01-01","IMF","Imphal Airport","Imphal","Manipur",24.76,93.8967,102500,722,780,18.5,18.5,65,15.5,25.3
2021,1,"2021-01-01","RJA","Rajahmundry Airport","Rajahmundry","Andhra Pradesh",17.1106,81.8181,34167,241,260,21.9,18.5,65,15.5,27.6
2021,1,"2021-01-01","VTZ","Visakhapatnam Airport","Visakhapatnam","Andhra Pradesh",17.7211,83.2244,239167,1684,1819,21.6,18.5,65,15.5,27.4
2021,1,"2021-01-01","TIR","Tirupati Airport","Tirupati","Andhra Pradesh",13.6325,79.5433,76875,541,584,23.5,18.5,65,15.5,28.6
2021,1,"2021-01-01","VGA","Vijayawada Airport","Vijayawada","Andhra Pradesh",16.5304,80.7968,93958,662,715,22.2,18.5,65,15.5,27.8
2021,1,"2021-01-01","DHM","Gaggal Airport (Dharamshala)","Kangra","Himachal Pradesh",32.1651,76.2634,25625,180,194,15.1,18.5,65,15.5,23.1
2021,1,"2021-01-01","SLV","Shimla Airport","Shimla","Himachal Pradesh",31.0817,77.0678,8542,60,65,15.6,18.5,65,15.5,23.4
2021,1,"2021-01-01","KUU","Kullu Manali Airport (Bhuntar)","Bhuntar","Himachal Pradesh",31.8767,77.1542,8542,60,65,15.3,18.5,65,15.5,23.1
2021,1,"2021-01-01","BDQ","Vadodara Airport","Vadodara","Gujarat",22.3361,73.2264,102500,722,780,19.5,18.5,65,15.5,26
2021,1,"2021-01-01","STV","Surat Airport","Surat","Gujarat",21.1142,72.7419,111042,782,845,20.1,18.5,65,15.5,26.4
2021,1,"2021-01-01","HSR","Hisar Airport","Hisar","Haryana",29.1794,75.7538,4271,30,32,16.5,18.5,65,15.5,24
2021,1,"2021-01-01","GWL","Gwalior Airport","Gwalior","Madhya Pradesh",26.2933,78.2278,34167,241,260,17.8,18.5,65,15.5,24.8
2021,1,"2021-01-01","JLR","Jabalpur Airport","Jabalpur","Madhya Pradesh",23.1778,80.0522,42708,301,325,19.2,18.5,65,15.5,25.8
2021,1,"2021-01-01","RPR","Swami Vivekananda Airport","Raipur","Chhattisgarh",21.1803,81.7389,213542,1504,1624,20.1,18.5,65,15.5,26.4
2021,1,"2021-01-01","DED","Jolly Grant Airport","Dehradun","Uttarakhand",30.1897,78.1803,136667,962,1039,16,18.5,65,15.5,23.7
2021,1,"2021-01-01","PNT","Pantnagar Airport","Pantnagar","Uttarakhand",29.0333,79.4736,8542,60,65,16.5,18.5,65,15.5,24
2021,1,"2021-01-01","IXR","Birsa Munda Airport","Ranchi","Jharkhand",23.3142,85.3217,205000,1444,1560,19.1,18.5,65,15.5,25.7
2021,1,"2021-01-01","DHO","Deoghar Airport","Deoghar","Jharkhand",24.4439,86.7028,25625,180,194,18.6,18.5,65,15.5,25.4
2021,1,"2021-01-01","JRG","Veer Surendra Sai Airport","Jharsuguda","Odisha",21.9136,84.0503,25625,180,194,19.7,18.5,65,15.5,26.1
2021,1,"2021-01-01","DMU","Dimapur Airport","Dimapur","Nagaland",25.8839,93.7711,34167,241,260,18,18.5,65,15.5,24.9
2021,1,"2021-01-01","SHL","Shillong Airport (Umroi)","Shillong","Meghalaya",25.7036,91.9786,8542,60,65,18,18.5,65,15.5,25
2021,1,"2021-01-01","AJL","Lengpui Airport","Aizawl","Mizoram",23.8406,92.6192,17083,120,130,18.9,18.5,65,15.5,25.6
2021,1,"2021-01-01","IXS","Silchar Airport","Silchar","Assam",24.9128,92.9789,34167,241,260,18.4,18.5,65,15.5,25.2
2021,1,"2021-01-01","DBR","Dibrugarh Airport","Dibrugarh","Assam",27.4839,95.0169,93958,662,715,17.2,18.5,65,15.5,24.5
2021,1,"2021-01-01","JRH","Jorhat Airport","Jorhat","Assam",26.7314,94.1758,25625,180,194,17.6,18.5,65,15.5,24.7
2021,1,"2021-01-01","TEZ","Tezpur Airport","Tezpur","Assam",26.7092,92.7872,8542,60,65,17.6,18.5,65,15.5,24.7
2021,1,"2021-01-01","IXT","Pakyong Airport","Pakyong","Sikkim",27.2344,88.5886,4271,30,32,17.3,18.5,65,15.5,24.5
2021,1,"2021-01-01","IXZ","Veer Savarkar International Airport","Port Blair","Andaman and Nicobar Islands",11.6411,92.7297,145208,1023,1105,24.4,18.5,65,15.5,29.2
2021,1,"2021-01-01","PYB","Jeypore Airport","Jeypore","Odisha",18.88,82.553,4271,30,32,21.1,18.5,65,15.5,27
2021,1,"2021-01-01","HYT","Donyi Polo Airport (Itanagar)","Hollongi","Arunachal Pradesh",26.96,93.64,17083,120,130,17.5,18.5,65,15.5,24.6
2021,1,"2021-01-01","RMD","Ramagundam Airport","Ramagundam","Telangana",18.78,79.44,1708,12,13,21.1,18.5,65,15.5,27.1
2021,2,"2021-02-01","DEL","Indira Gandhi International Airport","New Delhi","Delhi",28.5562,77.1,6398914,45063,48668,16.7,18.5,65,17.7,25.6
2021,2,"2021-02-01","BOM","Chhatrapati Shivaji Maharaj International Airport","Mumbai","Maharashtra",19.0896,72.8656,4486195,31593,34120,21,18.5,65,17.7,28.4
2021,2,"2021-02-01","BLR","Kempegowda International Airport","Bengaluru","Karnataka",13.1986,77.7066,3260316,22960,24797,23.7,18.5,65,17.7,30.2
2021,2,"2021-02-01","MAA","Chennai International Airport","Chennai","Tamil Nadu",12.9941,80.1709,1834471,12919,13953,23.8,18.5,65,17.7,30.3
2021,2,"2021-02-01","HYD","Rajiv Gandhi International Airport","Hyderabad","Telangana",17.2403,78.4294,2173544,15307,16532,21.8,18.5,65,17.7,29
2021,2,"2021-02-01","CCU","Netaji Subhash Chandra Bose International Airport","Kolkata","West Bengal",22.6547,88.4467,1721447,12123,13093,19.4,18.5,65,17.7,27.4
2021,2,"2021-02-01","AMD","Sardar Vallabhbhai Patel International Airport","Ahmedabad","Gujarat",23.0772,72.6347,973748,6857,7406,19.2,18.5,65,17.7,27.3
2021,2,"2021-02-01","PNQ","Pune Airport","Pune","Maharashtra",18.5822,73.9197,695534,4898,5290,21.2,18.5,65,17.7,28.6
2021,2,"2021-02-01","COK","Cochin International Airport","Kochi","Kerala",10.152,76.4019,895500,6306,6810,25,18.5,65,17.7,31.1
2021,2,"2021-02-01","GOI","Dabolim Airport","Goa","Goa",15.3808,73.8314,730311,5143,5554,22.7,18.5,65,17.7,29.6
2021,2,"2021-02-01","GOX","Manohar International Airport (MOPA)","Goa","Goa",15.7481,73.8647,365155,2572,2778,22.5,18.5,65,17.7,29.5
2021,2,"2021-02-01","CJB","Coimbatore International Airport","Coimbatore","Tamil Nadu",11.03,77.0434,252131,1776,1918,24.6,18.5,65,17.7,30.9
2021,2,"2021-02-01","TRZ","Tiruchirappalli International Airport","Tiruchirappalli","Tamil Nadu",10.7654,78.7097,156495,1102,1190,24.8,18.5,65,17.7,30.9
2021,2,"2021-02-01","IXM","Madurai Airport","Madurai","Tamil Nadu",9.8345,78.0934,121718,857,926,25.2,18.5,65,17.7,31.2
2021,2,"2021-02-01","SXV","Salem Airport","Salem","Tamil Nadu",11.7783,78.0647,8694,61,66,24.3,18.5,65,17.7,30.6
2021,2,"2021-02-01","TCR","Tuticorin Airport","Thoothukudi","Tamil Nadu",8.7242,78.0267,17388,122,132,25.7,18.5,65,17.7,31.6
2021,2,"2021-02-01","ATQ","Sri Guru Ram Dass Jee International Airport","Amritsar","Punjab",31.7096,74.7973,243437,1714,1851,15.3,18.5,65,17.7,24.7
2021,2,"2021-02-01","IXC","Chandigarh International Airport","Chandigarh","Chandigarh",30.6735,76.7885,312990,2204,2380,15.8,18.5,65,17.7,25
2021,2,"2021-02-01","GAU","Lokpriya Gopinath Bordoloi International Airport","Guwahati","Assam",26.1061,91.5859,504262,3551,3835,17.9,18.5,65,17.7,26.3
2021,2,"2021-02-01","JAI","Jaipur International Airport","Jaipur","Rajasthan",26.8242,75.8122,469486,3306,3570,17.5,18.5,65,17.7,26.1
2021,2,"2021-02-01","LKO","Chaudhary Charan Singh International Airport","Lucknow","Uttar Pradesh",26.7606,80.8893,452097,3184,3439,17.6,18.5,65,17.7,26.1
2021,2,"2021-02-01","TRV","Thiruvananthapuram International Airport","Thiruvananthapuram","Kerala",8.4821,76.92,382544,2694,2910,25.8,18.5,65,17.7,31.6
2021,2,"2021-02-01","CCJ","Calicut International Airport","Kozhikode","Kerala",11.1368,75.9553,278214,1959,2116,24.6,18.5,65,17.7,30.8
2021,2,"2021-02-01","IXE","Mangaluru International Airport","Mangaluru","Karnataka",12.9613,74.89,165189,1163,1256,23.8,18.5,65,17.7,30.3
2021,2,"2021-02-01","PAT","Jay Prakash Narayan Airport","Patna","Bihar",25.5913,85.088,365155,2572,2778,18.1,18.5,65,17.7,26.5
2021,2,"2021-02-01","BBI","Biju Patnaik International Airport","Bhubaneswar","Odisha",20.2444,85.8178,391238,2755,2975,20.5,18.5,65,17.7,28.1
2021,2,"2021-02-01","IDR","Devi Ahilya Bai Holkar Airport","Indore","Madhya Pradesh",22.7217,75.8011,269519,1898,2050,19.4,18.5,65,17.7,27.4
2021,2,"2021-02-01","NAG","Dr. Babasaheb Ambedkar International Airport","Nagpur","Maharashtra",21.0922,79.0472,243437,1714,1851,20.1,18.5,65,17.7,27.8
2021,2,"2021-02-01","IXB","Bagdogra Airport","Siliguri","West Bengal",26.6812,88.3286,269519,1898,2050,17.6,18.5,65,17.7,26.2
2021,2,"2021-02-01","SXR","Sheikh ul-Alam International Airport","Srinagar","Jammu and Kashmir",33.9872,74.7742,382544,2694,2910,14.3,18.5,65,17.7,24
2021,2,"2021-02-01","IXJ","Jammu Airport","Jammu","Jammu and Kashmir",32.6892,74.8372,156495,1102,1190,14.9,18.5,65,17.7,24.4
2021,2,"2021-02-01","IXL","Kushok Bakula Rimpochee Airport","Leh","Ladakh",34.1358,77.5464,104330,735,794,14.2,18.5,65,17.7,23.9
2021,2,"2021-02-01","IXA","Maharaja Bir Bikram Airport","Agartala","Tripura",23.887,91.2405,130413,918,991,18.9,18.5,65,17.7,27
2021,2,"2021-02-01","IMF","Imphal Airport","Imphal","Manipur",24.76,93.8967,104330,735,794,18.5,18.5,65,17.7,26.7
2021,2,"2021-02-01","RJA","Rajahmundry Airport","Rajahmundry","Andhra Pradesh",17.1106,81.8181,34777,245,265,21.9,18.5,65,17.7,29
2021,2,"2021-02-01","VTZ","Visakhapatnam Airport","Visakhapatnam","Andhra Pradesh",17.7211,83.2244,243437,1714,1851,21.6,18.5,65,17.7,28.9
2021,2,"2021-02-01","TIR","Tirupati Airport","Tirupati","Andhra Pradesh",13.6325,79.5433,78248,551,595,23.5,18.5,65,17.7,30.1
2021,2,"2021-02-01","VGA","Vijayawada Airport","Vijayawada","Andhra Pradesh",16.5304,80.7968,95636,673,727,22.2,18.5,65,17.7,29.2
2021,2,"2021-02-01","DHM","Gaggal Airport (Dharamshala)","Kangra","Himachal Pradesh",32.1651,76.2634,26083,184,199,15.1,18.5,65,17.7,24.5
2021,2,"2021-02-01","SLV","Shimla Airport","Shimla","Himachal Pradesh",31.0817,77.0678,8694,61,66,15.6,18.5,65,17.7,24.9
2021,2,"2021-02-01","KUU","Kullu Manali Airport (Bhuntar)","Bhuntar","Himachal Pradesh",31.8767,77.1542,8694,61,66,15.3,18.5,65,17.7,24.6
2021,2,"2021-02-01","BDQ","Vadodara Airport","Vadodara","Gujarat",22.3361,73.2264,104330,735,794,19.5,18.5,65,17.7,27.5
2021,2,"2021-02-01","STV","Surat Airport","Surat","Gujarat",21.1142,72.7419,113024,796,860,20.1,18.5,65,17.7,27.8
2021,2,"2021-02-01","HSR","Hisar Airport","Hisar","Haryana",29.1794,75.7538,4347,31,33,16.5,18.5,65,17.7,25.4
2021,2,"2021-02-01","GWL","Gwalior Airport","Gwalior","Madhya Pradesh",26.2933,78.2278,34777,245,265,17.8,18.5,65,17.7,26.3
2021,2,"2021-02-01","JLR","Jabalpur Airport","Jabalpur","Madhya Pradesh",23.1778,80.0522,43471,306,330,19.2,18.5,65,17.7,27.2
2021,2,"2021-02-01","RPR","Swami Vivekananda Airport","Raipur","Chhattisgarh",21.1803,81.7389,217354,1531,1653,20.1,18.5,65,17.7,27.8
2021,2,"2021-02-01","DED","Jolly Grant Airport","Dehradun","Uttarakhand",30.1897,78.1803,139107,980,1058,16,18.5,65,17.7,25.1
2021,2,"2021-02-01","PNT","Pantnagar Airport","Pantnagar","Uttarakhand",29.0333,79.4736,8694,61,66,16.5,18.5,65,17.7,25.5
2021,2,"2021-02-01","IXR","Birsa Munda Airport","Ranchi","Jharkhand",23.3142,85.3217,208660,1469,1587,19.1,18.5,65,17.7,27.2
2021,2,"2021-02-01","DHO","Deoghar Airport","Deoghar","Jharkhand",24.4439,86.7028,26083,184,199,18.6,18.5,65,17.7,26.8
2021,2,"2021-02-01","JRG","Veer Surendra Sai Airport","Jharsuguda","Odisha",21.9136,84.0503,26083,184,199,19.7,18.5,65,17.7,27.6
2021,2,"2021-02-01","DMU","Dimapur Airport","Dimapur","Nagaland",25.8839,93.7711,34777,245,265,18,18.5,65,17.7,26.4
2021,2,"2021-02-01","SHL","Shillong Airport (Umroi)","Shillong","Meghalaya",25.7036,91.9786,8694,61,66,18,18.5,65,17.7,26.5
2021,2,"2021-02-01","AJL","Lengpui Airport","Aizawl","Mizoram",23.8406,92.6192,17388,122,132,18.9,18.5,65,17.7,27
2021,2,"2021-02-01","IXS","Silchar Airport","Silchar","Assam",24.9128,92.9789,34777,245,265,18.4,18.5,65,17.7,26.7
2021,2,"2021-02-01","DBR","Dibrugarh Airport","Dibrugarh","Assam",27.4839,95.0169,95636,673,727,17.2,18.5,65,17.7,25.9
2021,2,"2021-02-01","JRH","Jorhat Airport","Jorhat","Assam",26.7314,94.1758,26083,184,199,17.6,18.5,65,17.7,26.2
2021,2,"2021-02-01","TEZ","Tezpur Airport","Tezpur","Assam",26.7092,92.7872,8694,61,66,17.6,18.5,65,17.7,26.2
2021,2,"2021-02-01","IXT","Pakyong Airport","Pakyong","Sikkim",27.2344,88.5886,4347,31,33,17.3,18.5,65,17.7,26
2021,2,"2021-02-01","IXZ","Veer Savarkar International Airport","Port Blair","Andaman and Nicobar Islands",11.6411,92.7297,147801,1041,1124,24.4,18.5,65,17.7,30.7
2021,2,"2021-02-01","PYB","Jeypore Airport","Jeypore","Odisha",18.88,82.553,4347,31,33,21.1,18.5,65,17.7,28.5
2021,2,"2021-02-01","HYT","Donyi Polo Airport (Itanagar)","Hollongi","Arunachal Pradesh",26.96,93.64,17388,122,132,17.5,18.5,65,17.7,26.1
2021,2,"2021-02-01","RMD","Ramagundam Airport","Ramagundam","Telangana",18.78,79.44,1739,12,13,21.1,18.5,65,17.7,28.5
2021,3,"2021-03-01","DEL","Indira Gandhi International Airport","New Delhi","Delhi",28.5562,77.1,6440000,45352,48980,29.7,18.5,48,18.5,34.8
2021,3,"2021-03-01","BOM","Chhatrapati Shivaji Maharaj International Airport","Mumbai","Maharashtra",19.0896,72.8656,4515000,31796,34340,34,18.5,48,18.5,37.6
2021,3,"2021-03-01","BLR","Kempegowda International Airport","Bengaluru","Karnataka",13.1986,77.7066,3281250,23107,24956,36.7,18.5,48,18.5,39.4
2021,3,"2021-03-01","MAA","Chennai International Airport","Chennai","Tamil Nadu",12.9941,80.1709,1846250,13002,14042,36.8,18.5,48,18.5,39.5
2021,3,"2021-03-01","HYD","Rajiv Gandhi International Airport","Hyderabad","Telangana",17.2403,78.4294,2187500,15405,16637,34.8,18.5,48,18.5,38.2
2021,3,"2021-03-01","CCU","Netaji Subhash Chandra Bose International Airport","Kolkata","West Bengal",22.6547,88.4467,1732500,12201,13177,32.4,18.5,48,18.5,36.6
2021,3,"2021-03-01","AMD","Sardar Vallabhbhai Patel International Airport","Ahmedabad","Gujarat",23.0772,72.6347,980000,6901,7453,32.2,18.5,48,18.5,36.5
2021,3,"2021-03-01","PNQ","Pune Airport","Pune","Maharashtra",18.5822,73.9197,7e+05,4930,5324,34.2,18.5,48,18.5,37.8
2021,3,"2021-03-01","COK","Cochin International Airport","Kochi","Kerala",10.152,76.4019,901250,6347,6855,38,18.5,48,18.5,40.3
2021,3,"2021-03-01","GOI","Dabolim Airport","Goa","Goa",15.3808,73.8314,735000,5176,5590,35.7,18.5,48,18.5,38.8
2021,3,"2021-03-01","GOX","Manohar International Airport (MOPA)","Goa","Goa",15.7481,73.8647,367500,2588,2795,35.5,18.5,48,18.5,38.7
2021,3,"2021-03-01","CJB","Coimbatore International Airport","Coimbatore","Tamil Nadu",11.03,77.0434,253750,1787,1930,37.6,18.5,48,18.5,40.1
2021,3,"2021-03-01","TRZ","Tiruchirappalli International Airport","Tiruchirappalli","Tamil Nadu",10.7654,78.7097,157500,1109,1198,37.8,18.5,48,18.5,40.1
2021,3,"2021-03-01","IXM","Madurai Airport","Madurai","Tamil Nadu",9.8345,78.0934,122500,863,932,38.2,18.5,48,18.5,40.4
2021,3,"2021-03-01","SXV","Salem Airport","Salem","Tamil Nadu",11.7783,78.0647,8750,62,67,37.3,18.5,48,18.5,39.8
2021,3,"2021-03-01","TCR","Tuticorin Airport","Thoothukudi","Tamil Nadu",8.7242,78.0267,17500,123,133,38.7,18.5,48,18.5,40.8
2021,3,"2021-03-01","ATQ","Sri Guru Ram Dass Jee International Airport","Amritsar","Punjab",31.7096,74.7973,245000,1725,1863,28.3,18.5,48,18.5,33.9
2021,3,"2021-03-01","IXC","Chandigarh International Airport","Chandigarh","Chandigarh",30.6735,76.7885,315000,2218,2395,28.8,18.5,48,18.5,34.2
2021,3,"2021-03-01","GAU","Lokpriya Gopinath Bordoloi International Airport","Guwahati","Assam",26.1061,91.5859,507500,3574,3860,30.9,18.5,48,18.5,35.5
2021,3,"2021-03-01","JAI","Jaipur International Airport","Jaipur","Rajasthan",26.8242,75.8122,472500,3327,3593,30.5,18.5,48,18.5,35.3
2021,3,"2021-03-01","LKO","Chaudhary Charan Singh International Airport","Lucknow","Uttar Pradesh",26.7606,80.8893,455000,3204,3460,30.6,18.5,48,18.5,35.3
2021,3,"2021-03-01","TRV","Thiruvananthapuram International Airport","Thiruvananthapuram","Kerala",8.4821,76.92,385000,2711,2928,38.8,18.5,48,18.5,40.8
2021,3,"2021-03-01","CCJ","Calicut International Airport","Kozhikode","Kerala",11.1368,75.9553,280000,1972,2130,37.6,18.5,48,18.5,40
2021,3,"2021-03-01","IXE","Mangaluru International Airport","Mangaluru","Karnataka",12.9613,74.89,166250,1171,1265,36.8,18.5,48,18.5,39.5
2021,3,"2021-03-01","PAT","Jay Prakash Narayan Airport","Patna","Bihar",25.5913,85.088,367500,2588,2795,31.1,18.5,48,18.5,35.7
2021,3,"2021-03-01","BBI","Biju Patnaik International Airport","Bhubaneswar","Odisha",20.2444,85.8178,393750,2773,2995,33.5,18.5,48,18.5,37.3
2021,3,"2021-03-01","IDR","Devi Ahilya Bai Holkar Airport","Indore","Madhya Pradesh",22.7217,75.8011,271250,1910,2063,32.4,18.5,48,18.5,36.6
2021,3,"2021-03-01","NAG","Dr. Babasaheb Ambedkar International Airport","Nagpur","Maharashtra",21.0922,79.0472,245000,1725,1863,33.1,18.5,48,18.5,37
2021,3,"2021-03-01","IXB","Bagdogra Airport","Siliguri","West Bengal",26.6812,88.3286,271250,1910,2063,30.6,18.5,48,18.5,35.4
2021,3,"2021-03-01","SXR","Sheikh ul-Alam International Airport","Srinagar","Jammu and Kashmir",33.9872,74.7742,385000,2711,2928,27.3,18.5,48,18.5,33.2
2021,3,"2021-03-01","IXJ","Jammu Airport","Jammu","Jammu and Kashmir",32.6892,74.8372,157500,1109,1198,27.9,18.5,48,18.5,33.6
2021,3,"2021-03-01","IXL","Kushok Bakula Rimpochee Airport","Leh","Ladakh",34.1358,77.5464,105000,739,798,27.2,18.5,48,18.5,33.1
2021,3,"2021-03-01","IXA","Maharaja Bir Bikram Airport","Agartala","Tripura",23.887,91.2405,131250,924,998,31.9,18.5,48,18.5,36.2
2021,3,"2021-03-01","IMF","Imphal Airport","Imphal","Manipur",24.76,93.8967,105000,739,798,31.5,18.5,48,18.5,35.9
2021,3,"2021-03-01","RJA","Rajahmundry Airport","Rajahmundry","Andhra Pradesh",17.1106,81.8181,35000,246,266,34.9,18.5,48,18.5,38.2
2021,3,"2021-03-01","VTZ","Visakhapatnam Airport","Visakhapatnam","Andhra Pradesh",17.7211,83.2244,245000,1725,1863,34.6,18.5,48,18.5,38.1
2021,3,"2021-03-01","TIR","Tirupati Airport","Tirupati","Andhra Pradesh",13.6325,79.5433,78750,555,599,36.5,18.5,48,18.5,39.3
2021,3,"2021-03-01","VGA","Vijayawada Airport","Vijayawada","Andhra Pradesh",16.5304,80.7968,96250,678,732,35.2,18.5,48,18.5,38.4
2021,3,"2021-03-01","DHM","Gaggal Airport (Dharamshala)","Kangra","Himachal Pradesh",32.1651,76.2634,26250,185,200,28.1,18.5,48,18.5,33.7
2021,3,"2021-03-01","SLV","Shimla Airport","Shimla","Himachal Pradesh",31.0817,77.0678,8750,62,67,28.6,18.5,48,18.5,34.1
2021,3,"2021-03-01","KUU","Kullu Manali Airport (Bhuntar)","Bhuntar","Himachal Pradesh",31.8767,77.1542,8750,62,67,28.3,18.5,48,18.5,33.8
2021,3,"2021-03-01","BDQ","Vadodara Airport","Vadodara","Gujarat",22.3361,73.2264,105000,739,798,32.5,18.5,48,18.5,36.7
2021,3,"2021-03-01","STV","Surat Airport","Surat","Gujarat",21.1142,72.7419,113750,801,865,33.1,18.5,48,18.5,37
2021,3,"2021-03-01","HSR","Hisar Airport","Hisar","Haryana",29.1794,75.7538,4375,31,33,29.5,18.5,48,18.5,34.6
2021,3,"2021-03-01","GWL","Gwalior Airport","Gwalior","Madhya Pradesh",26.2933,78.2278,35000,246,266,30.8,18.5,48,18.5,35.5
2021,3,"2021-03-01","JLR","Jabalpur Airport","Jabalpur","Madhya Pradesh",23.1778,80.0522,43750,308,333,32.2,18.5,48,18.5,36.4
2021,3,"2021-03-01","RPR","Swami Vivekananda Airport","Raipur","Chhattisgarh",21.1803,81.7389,218750,1540,1663,33.1,18.5,48,18.5,37
2021,3,"2021-03-01","DED","Jolly Grant Airport","Dehradun","Uttarakhand",30.1897,78.1803,140000,986,1065,29,18.5,48,18.5,34.3
2021,3,"2021-03-01","PNT","Pantnagar Airport","Pantnagar","Uttarakhand",29.0333,79.4736,8750,62,67,29.5,18.5,48,18.5,34.7
2021,3,"2021-03-01","IXR","Birsa Munda Airport","Ranchi","Jharkhand",23.3142,85.3217,210000,1479,1597,32.1,18.5,48,18.5,36.4
2021,3,"2021-03-01","DHO","Deoghar Airport","Deoghar","Jharkhand",24.4439,86.7028,26250,185,200,31.6,18.5,48,18.5,36
2021,3,"2021-03-01","JRG","Veer Surendra Sai Airport","Jharsuguda","Odisha",21.9136,84.0503,26250,185,200,32.7,18.5,48,18.5,36.8
2021,3,"2021-03-01","DMU","Dimapur Airport","Dimapur","Nagaland",25.8839,93.7711,35000,246,266,31,18.5,48,18.5,35.6
2021,3,"2021-03-01","SHL","Shillong Airport (Umroi)","Shillong","Meghalaya",25.7036,91.9786,8750,62,67,31,18.5,48,18.5,35.7
2021,3,"2021-03-01","AJL","Lengpui Airport","Aizawl","Mizoram",23.8406,92.6192,17500,123,133,31.9,18.5,48,18.5,36.2
2021,3,"2021-03-01","IXS","Silchar Airport","Silchar","Assam",24.9128,92.9789,35000,246,266,31.4,18.5,48,18.5,35.9
2021,3,"2021-03-01","DBR","Dibrugarh Airport","Dibrugarh","Assam",27.4839,95.0169,96250,678,732,30.2,18.5,48,18.5,35.1
2021,3,"2021-03-01","JRH","Jorhat Airport","Jorhat","Assam",26.7314,94.1758,26250,185,200,30.6,18.5,48,18.5,35.4
2021,3,"2021-03-01","TEZ","Tezpur Airport","Tezpur","Assam",26.7092,92.7872,8750,62,67,30.6,18.5,48,18.5,35.4
2021,3,"2021-03-01","IXT","Pakyong Airport","Pakyong","Sikkim",27.2344,88.5886,4375,31,33,30.3,18.5,48,18.5,35.2
2021,3,"2021-03-01","IXZ","Veer Savarkar International Airport","Port Blair","Andaman and Nicobar Islands",11.6411,92.7297,148750,1048,1132,37.4,18.5,48,18.5,39.9
2021,3,"2021-03-01","PYB","Jeypore Airport","Jeypore","Odisha",18.88,82.553,4375,31,33,34.1,18.5,48,18.5,37.7
2021,3,"2021-03-01","HYT","Donyi Polo Airport (Itanagar)","Hollongi","Arunachal Pradesh",26.96,93.64,17500,123,133,30.5,18.5,48,18.5,35.3
2021,3,"2021-03-01","RMD","Ramagundam Airport","Ramagundam","Telangana",18.78,79.44,1750,12,13,34.1,18.5,48,18.5,37.7
2021,4,"2021-04-01","DEL","Indira Gandhi International Airport","New Delhi","Delhi",28.5562,77.1,6398914,45063,48668,29.7,18.5,48,17.7,34.3
2021,4,"2021-04-01","BOM","Chhatrapati Shivaji Maharaj International Airport","Mumbai","Maharashtra",19.0896,72.8656,4486195,31593,34120,34,18.5,48,17.7,37.1
2021,4,"2021-04-01","BLR","Kempegowda International Airport","Bengaluru","Karnataka",13.1986,77.7066,3260316,22960,24797,36.7,18.5,48,17.7,38.9
2021,4,"2021-04-01","MAA","Chennai International Airport","Chennai","Tamil Nadu",12.9941,80.1709,1834471,12919,13953,36.8,18.5,48,17.7,38.9
2021,4,"2021-04-01","HYD","Rajiv Gandhi International Airport","Hyderabad","Telangana",17.2403,78.4294,2173544,15307,16532,34.8,18.5,48,17.7,37.7
2021,4,"2021-04-01","CCU","Netaji Subhash Chandra Bose International Airport","Kolkata","West Bengal",22.6547,88.4467,1721447,12123,13093,32.4,18.5,48,17.7,36
2021,4,"2021-04-01","AMD","Sardar Vallabhbhai Patel International Airport","Ahmedabad","Gujarat",23.0772,72.6347,973748,6857,7406,32.2,18.5,48,17.7,35.9
2021,4,"2021-04-01","PNQ","Pune Airport","Pune","Maharashtra",18.5822,73.9197,695534,4898,5290,34.2,18.5,48,17.7,37.3
2021,4,"2021-04-01","COK","Cochin International Airport","Kochi","Kerala",10.152,76.4019,895500,6306,6810,38,18.5,48,17.7,39.8
2021,4,"2021-04-01","GOI","Dabolim Airport","Goa","Goa",15.3808,73.8314,730311,5143,5554,35.7,18.5,48,17.7,38.2
2021,4,"2021-04-01","GOX","Manohar International Airport (MOPA)","Goa","Goa",15.7481,73.8647,365155,2572,2778,35.5,18.5,48,17.7,38.1
2021,4,"2021-04-01","CJB","Coimbatore International Airport","Coimbatore","Tamil Nadu",11.03,77.0434,252131,1776,1918,37.6,18.5,48,17.7,39.5
2021,4,"2021-04-01","TRZ","Tiruchirappalli International Airport","Tiruchirappalli","Tamil Nadu",10.7654,78.7097,156495,1102,1190,37.8,18.5,48,17.7,39.6
2021,4,"2021-04-01","IXM","Madurai Airport","Madurai","Tamil Nadu",9.8345,78.0934,121718,857,926,38.2,18.5,48,17.7,39.9
2021,4,"2021-04-01","SXV","Salem Airport","Salem","Tamil Nadu",11.7783,78.0647,8694,61,66,37.3,18.5,48,17.7,39.3
2021,4,"2021-04-01","TCR","Tuticorin Airport","Thoothukudi","Tamil Nadu",8.7242,78.0267,17388,122,132,38.7,18.5,48,17.7,40.2
2021,4,"2021-04-01","ATQ","Sri Guru Ram Dass Jee International Airport","Amritsar","Punjab",31.7096,74.7973,243437,1714,1851,28.3,18.5,48,17.7,33.3
2021,4,"2021-04-01","IXC","Chandigarh International Airport","Chandigarh","Chandigarh",30.6735,76.7885,312990,2204,2380,28.8,18.5,48,17.7,33.6
2021,4,"2021-04-01","GAU","Lokpriya Gopinath Bordoloi International Airport","Guwahati","Assam",26.1061,91.5859,504262,3551,3835,30.9,18.5,48,17.7,35
2021,4,"2021-04-01","JAI","Jaipur International Airport","Jaipur","Rajasthan",26.8242,75.8122,469486,3306,3570,30.5,18.5,48,17.7,34.8
2021,4,"2021-04-01","LKO","Chaudhary Charan Singh International Airport","Lucknow","Uttar Pradesh",26.7606,80.8893,452097,3184,3439,30.6,18.5,48,17.7,34.8
2021,4,"2021-04-01","TRV","Thiruvananthapuram International Airport","Thiruvananthapuram","Kerala",8.4821,76.92,382544,2694,2910,38.8,18.5,48,17.7,40.3
2021,4,"2021-04-01","CCJ","Calicut International Airport","Kozhikode","Kerala",11.1368,75.9553,278214,1959,2116,37.6,18.5,48,17.7,39.5
2021,4,"2021-04-01","IXE","Mangaluru International Airport","Mangaluru","Karnataka",12.9613,74.89,165189,1163,1256,36.8,18.5,48,17.7,39
2021,4,"2021-04-01","PAT","Jay Prakash Narayan Airport","Patna","Bihar",25.5913,85.088,365155,2572,2778,31.1,18.5,48,17.7,35.2
2021,4,"2021-04-01","BBI","Biju Patnaik International Airport","Bhubaneswar","Odisha",20.2444,85.8178,391238,2755,2975,33.5,18.5,48,17.7,36.8
2021,4,"2021-04-01","IDR","Devi Ahilya Bai Holkar Airport","Indore","Madhya Pradesh",22.7217,75.8011,269519,1898,2050,32.4,18.5,48,17.7,36
2021,4,"2021-04-01","NAG","Dr. Babasaheb Ambedkar International Airport","Nagpur","Maharashtra",21.0922,79.0472,243437,1714,1851,33.1,18.5,48,17.7,36.5
2021,4,"2021-04-01","IXB","Bagdogra Airport","Siliguri","West Bengal",26.6812,88.3286,269519,1898,2050,30.6,18.5,48,17.7,34.8
2021,4,"2021-04-01","SXR","Sheikh ul-Alam International Airport","Srinagar","Jammu and Kashmir",33.9872,74.7742,382544,2694,2910,27.3,18.5,48,17.7,32.6
2021,4,"2021-04-01","IXJ","Jammu Airport","Jammu","Jammu and Kashmir",32.6892,74.8372,156495,1102,1190,27.9,18.5,48,17.7,33
2021,4,"2021-04-01","IXL","Kushok Bakula Rimpochee Airport","Leh","Ladakh",34.1358,77.5464,104330,735,794,27.2,18.5,48,17.7,32.6
2021,4,"2021-04-01","IXA","Maharaja Bir Bikram Airport","Agartala","Tripura",23.887,91.2405,130413,918,991,31.9,18.5,48,17.7,35.7
2021,4,"2021-04-01","IMF","Imphal Airport","Imphal","Manipur",24.76,93.8967,104330,735,794,31.5,18.5,48,17.7,35.4
2021,4,"2021-04-01","RJA","Rajahmundry Airport","Rajahmundry","Andhra Pradesh",17.1106,81.8181,34777,245,265,34.9,18.5,48,17.7,37.7
2021,4,"2021-04-01","VTZ","Visakhapatnam Airport","Visakhapatnam","Andhra Pradesh",17.7211,83.2244,243437,1714,1851,34.6,18.5,48,17.7,37.5
2021,4,"2021-04-01","TIR","Tirupati Airport","Tirupati","Andhra Pradesh",13.6325,79.5433,78248,551,595,36.5,18.5,48,17.7,38.8
2021,4,"2021-04-01","VGA","Vijayawada Airport","Vijayawada","Andhra Pradesh",16.5304,80.7968,95636,673,727,35.2,18.5,48,17.7,37.9
2021,4,"2021-04-01","DHM","Gaggal Airport (Dharamshala)","Kangra","Himachal Pradesh",32.1651,76.2634,26083,184,199,28.1,18.5,48,17.7,33.2
2021,4,"2021-04-01","SLV","Shimla Airport","Shimla","Himachal Pradesh",31.0817,77.0678,8694,61,66,28.6,18.5,48,17.7,33.5
2021,4,"2021-04-01","KUU","Kullu Manali Airport (Bhuntar)","Bhuntar","Himachal Pradesh",31.8767,77.1542,8694,61,66,28.3,18.5,48,17.7,33.3
2021,4,"2021-04-01","BDQ","Vadodara Airport","Vadodara","Gujarat",22.3361,73.2264,104330,735,794,32.5,18.5,48,17.7,36.1
2021,4,"2021-04-01","STV","Surat Airport","Surat","Gujarat",21.1142,72.7419,113024,796,860,33.1,18.5,48,17.7,36.5
2021,4,"2021-04-01","HSR","Hisar Airport","Hisar","Haryana",29.1794,75.7538,4347,31,33,29.5,18.5,48,17.7,34.1
2021,4,"2021-04-01","GWL","Gwalior Airport","Gwalior","Madhya Pradesh",26.2933,78.2278,34777,245,265,30.8,18.5,48,17.7,35
2021,4,"2021-04-01","JLR","Jabalpur Airport","Jabalpur","Madhya Pradesh",23.1778,80.0522,43471,306,330,32.2,18.5,48,17.7,35.9
2021,4,"2021-04-01","RPR","Swami Vivekananda Airport","Raipur","Chhattisgarh",21.1803,81.7389,217354,1531,1653,33.1,18.5,48,17.7,36.5
2021,4,"2021-04-01","DED","Jolly Grant Airport","Dehradun","Uttarakhand",30.1897,78.1803,139107,980,1058,29,18.5,48,17.7,33.8
2021,4,"2021-04-01","PNT","Pantnagar Airport","Pantnagar","Uttarakhand",29.0333,79.4736,8694,61,66,29.5,18.5,48,17.7,34.1
2021,4,"2021-04-01","IXR","Birsa Munda Airport","Ranchi","Jharkhand",23.3142,85.3217,208660,1469,1587,32.1,18.5,48,17.7,35.8
2021,4,"2021-04-01","DHO","Deoghar Airport","Deoghar","Jharkhand",24.4439,86.7028,26083,184,199,31.6,18.5,48,17.7,35.5
2021,4,"2021-04-01","JRG","Veer Surendra Sai Airport","Jharsuguda","Odisha",21.9136,84.0503,26083,184,199,32.7,18.5,48,17.7,36.3
2021,4,"2021-04-01","DMU","Dimapur Airport","Dimapur","Nagaland",25.8839,93.7711,34777,245,265,31,18.5,48,17.7,35.1
2021,4,"2021-04-01","SHL","Shillong Airport (Umroi)","Shillong","Meghalaya",25.7036,91.9786,8694,61,66,31,18.5,48,17.7,35.1
2021,4,"2021-04-01","AJL","Lengpui Airport","Aizawl","Mizoram",23.8406,92.6192,17388,122,132,31.9,18.5,48,17.7,35.7
2021,4,"2021-04-01","IXS","Silchar Airport","Silchar","Assam",24.9128,92.9789,34777,245,265,31.4,18.5,48,17.7,35.4
2021,4,"2021-04-01","DBR","Dibrugarh Airport","Dibrugarh","Assam",27.4839,95.0169,95636,673,727,30.2,18.5,48,17.7,34.6
2021,4,"2021-04-01","JRH","Jorhat Airport","Jorhat","Assam",26.7314,94.1758,26083,184,199,30.6,18.5,48,17.7,34.8
2021,4,"2021-04-01","TEZ","Tezpur Airport","Tezpur","Assam",26.7092,92.7872,8694,61,66,30.6,18.5,48,17.7,34.8
2021,4,"2021-04-01","IXT","Pakyong Airport","Pakyong","Sikkim",27.2344,88.5886,4347,31,33,30.3,18.5,48,17.7,34.7
2021,4,"2021-04-01","IXZ","Veer Savarkar International Airport","Port Blair","Andaman and Nicobar Islands",11.6411,92.7297,147801,1041,1124,37.4,18.5,48,17.7,39.4
2021,4,"2021-04-01","PYB","Jeypore Airport","Jeypore","Odisha",18.88,82.553,4347,31,33,34.1,18.5,48,17.7,37.2
2021,4,"2021-04-01","HYT","Donyi Polo Airport (Itanagar)","Hollongi","Arunachal Pradesh",26.96,93.64,17388,122,132,30.5,18.5,48,17.7,34.8
2021,4,"2021-04-01","RMD","Ramagundam Airport","Ramagundam","Telangana",18.78,79.44,1739,12,13,34.1,18.5,48,17.7,37.2
2021,5,"2021-05-01","DEL","Indira Gandhi International Airport","New Delhi","Delhi",28.5562,77.1,6286667,44272,47814,29.7,18.5,48,15.5,32.8
2021,5,"2021-05-01","BOM","Chhatrapati Shivaji Maharaj International Airport","Mumbai","Maharashtra",19.0896,72.8656,4407500,31039,33522,34,18.5,48,15.5,35.6
2021,5,"2021-05-01","BLR","Kempegowda International Airport","Bengaluru","Karnataka",13.1986,77.7066,3203125,22557,24362,36.7,18.5,48,15.5,37.4
2021,5,"2021-05-01","MAA","Chennai International Airport","Chennai","Tamil Nadu",12.9941,80.1709,1802292,12692,13707,36.8,18.5,48,15.5,37.5
2021,5,"2021-05-01","HYD","Rajiv Gandhi International Airport","Hyderabad","Telangana",17.2403,78.4294,2135417,15038,16241,34.8,18.5,48,15.5,36.2
2021,5,"2021-05-01","CCU","Netaji Subhash Chandra Bose International Airport","Kolkata","West Bengal",22.6547,88.4467,1691250,11910,12863,32.4,18.5,48,15.5,34.6
2021,5,"2021-05-01","AMD","Sardar Vallabhbhai Patel International Airport","Ahmedabad","Gujarat",23.0772,72.6347,956667,6737,7276,32.2,18.5,48,15.5,34.5
2021,5,"2021-05-01","PNQ","Pune Airport","Pune","Maharashtra",18.5822,73.9197,683333,4812,5197,34.2,18.5,48,15.5,35.8
2021,5,"2021-05-01","COK","Cochin International Airport","Kochi","Kerala",10.152,76.4019,879792,6196,6692,38,18.5,48,15.5,38.3
2021,5,"2021-05-01","GOI","Dabolim Airport","Goa","Goa",15.3808,73.8314,717500,5053,5457,35.7,18.5,48,15.5,36.8
2021,5,"2021-05-01","GOX","Manohar International Airport (MOPA)","Goa","Goa",15.7481,73.8647,358750,2526,2728,35.5,18.5,48,15.5,36.7
2021,5,"2021-05-01","CJB","Coimbatore International Airport","Coimbatore","Tamil Nadu",11.03,77.0434,247708,1744,1884,37.6,18.5,48,15.5,38.1
2021,5,"2021-05-01","TRZ","Tiruchirappalli International Airport","Tiruchirappalli","Tamil Nadu",10.7654,78.7097,153750,1083,1170,37.8,18.5,48,15.5,38.1
2021,5,"2021-05-01","IXM","Madurai Airport","Madurai","Tamil Nadu",9.8345,78.0934,119583,842,909,38.2,18.5,48,15.5,38.4
2021,5,"2021-05-01","SXV","Salem Airport","Salem","Tamil Nadu",11.7783,78.0647,8542,60,65,37.3,18.5,48,15.5,37.8
2021,5,"2021-05-01","TCR","Tuticorin Airport","Thoothukudi","Tamil Nadu",8.7242,78.0267,17083,120,130,38.7,18.5,48,15.5,38.8
2021,5,"2021-05-01","ATQ","Sri Guru Ram Dass Jee International Airport","Amritsar","Punjab",31.7096,74.7973,239167,1684,1819,28.3,18.5,48,15.5,31.9
2021,5,"2021-05-01","IXC","Chandigarh International Airport","Chandigarh","Chandigarh",30.6735,76.7885,307500,2165,2338,28.8,18.5,48,15.5,32.2
2021,5,"2021-05-01","GAU","Lokpriya Gopinath Bordoloi International Airport","Guwahati","Assam",26.1061,91.5859,495417,3489,3768,30.9,18.5,48,15.5,33.5
2021,5,"2021-05-01","JAI","Jaipur International Airport","Jaipur","Rajasthan",26.8242,75.8122,461250,3248,3508,30.5,18.5,48,15.5,33.3
2021,5,"2021-05-01","LKO","Chaudhary Charan Singh International Airport","Lucknow","Uttar Pradesh",26.7606,80.8893,444167,3128,3378,30.6,18.5,48,15.5,33.3
2021,5,"2021-05-01","TRV","Thiruvananthapuram International Airport","Thiruvananthapuram","Kerala",8.4821,76.92,375833,2647,2859,38.8,18.5,48,15.5,38.8
2021,5,"2021-05-01","CCJ","Calicut International Airport","Kozhikode","Kerala",11.1368,75.9553,273333,1925,2079,37.6,18.5,48,15.5,38
2021,5,"2021-05-01","IXE","Mangaluru International Airport","Mangaluru","Karnataka",12.9613,74.89,162292,1143,1234,36.8,18.5,48,15.5,37.5
2021,5,"2021-05-01","PAT","Jay Prakash Narayan Airport","Patna","Bihar",25.5913,85.088,358750,2526,2728,31.1,18.5,48,15.5,33.7
2021,5,"2021-05-01","BBI","Biju Patnaik International Airport","Bhubaneswar","Odisha",20.2444,85.8178,384375,2707,2924,33.5,18.5,48,15.5,35.3
2021,5,"2021-05-01","IDR","Devi Ahilya Bai Holkar Airport","Indore","Madhya Pradesh",22.7217,75.8011,264792,1865,2014,32.4,18.5,48,15.5,34.6
2021,5,"2021-05-01","NAG","Dr. Babasaheb Ambedkar International Airport","Nagpur","Maharashtra",21.0922,79.0472,239167,1684,1819,33.1,18.5,48,15.5,35
2021,5,"2021-05-01","IXB","Bagdogra Airport","Siliguri","West Bengal",26.6812,88.3286,264792,1865,2014,30.6,18.5,48,15.5,33.4
2021,5,"2021-05-01","SXR","Sheikh ul-Alam International Airport","Srinagar","Jammu and Kashmir",33.9872,74.7742,375833,2647,2859,27.3,18.5,48,15.5,31.2
2021,5,"2021-05-01","IXJ","Jammu Airport","Jammu","Jammu and Kashmir",32.6892,74.8372,153750,1083,1170,27.9,18.5,48,15.5,31.6
2021,5,"2021-05-01","IXL","Kushok Bakula Rimpochee Airport","Leh","Ladakh",34.1358,77.5464,102500,722,780,27.2,18.5,48,15.5,31.1
2021,5,"2021-05-01","IXA","Maharaja Bir Bikram Airport","Agartala","Tripura",23.887,91.2405,128125,902,974,31.9,18.5,48,15.5,34.2
2021,5,"2021-05-01","IMF","Imphal Airport","Imphal","Manipur",24.76,93.8967,102500,722,780,31.5,18.5,48,15.5,33.9
2021,5,"2021-05-01","RJA","Rajahmundry Airport","Rajahmundry","Andhra Pradesh",17.1106,81.8181,34167,241,260,34.9,18.5,48,15.5,36.2
2021,5,"2021-05-01","VTZ","Visakhapatnam Airport","Visakhapatnam","Andhra Pradesh",17.7211,83.2244,239167,1684,1819,34.6,18.5,48,15.5,36.1
2021,5,"2021-05-01","TIR","Tirupati Airport","Tirupati","Andhra Pradesh",13.6325,79.5433,76875,541,584,36.5,18.5,48,15.5,37.3
2021,5,"2021-05-01","VGA","Vijayawada Airport","Vijayawada","Andhra Pradesh",16.5304,80.7968,93958,662,715,35.2,18.5,48,15.5,36.4
2021,5,"2021-05-01","DHM","Gaggal Airport (Dharamshala)","Kangra","Himachal Pradesh",32.1651,76.2634,25625,180,194,28.1,18.5,48,15.5,31.7
2021,5,"2021-05-01","SLV","Shimla Airport","Shimla","Himachal Pradesh",31.0817,77.0678,8542,60,65,28.6,18.5,48,15.5,32.1
2021,5,"2021-05-01","KUU","Kullu Manali Airport (Bhuntar)","Bhuntar","Himachal Pradesh",31.8767,77.1542,8542,60,65,28.3,18.5,48,15.5,31.8
2021,5,"2021-05-01","BDQ","Vadodara Airport","Vadodara","Gujarat",22.3361,73.2264,102500,722,780,32.5,18.5,48,15.5,34.7
2021,5,"2021-05-01","STV","Surat Airport","Surat","Gujarat",21.1142,72.7419,111042,782,845,33.1,18.5,48,15.5,35
2021,5,"2021-05-01","HSR","Hisar Airport","Hisar","Haryana",29.1794,75.7538,4271,30,32,29.5,18.5,48,15.5,32.6
2021,5,"2021-05-01","GWL","Gwalior Airport","Gwalior","Madhya Pradesh",26.2933,78.2278,34167,241,260,30.8,18.5,48,15.5,33.5
2021,5,"2021-05-01","JLR","Jabalpur Airport","Jabalpur","Madhya Pradesh",23.1778,80.0522,42708,301,325,32.2,18.5,48,15.5,34.4
2021,5,"2021-05-01","RPR","Swami Vivekananda Airport","Raipur","Chhattisgarh",21.1803,81.7389,213542,1504,1624,33.1,18.5,48,15.5,35
2021,5,"2021-05-01","DED","Jolly Grant Airport","Dehradun","Uttarakhand",30.1897,78.1803,136667,962,1039,29,18.5,48,15.5,32.3
2021,5,"2021-05-01","PNT","Pantnagar Airport","Pantnagar","Uttarakhand",29.0333,79.4736,8542,60,65,29.5,18.5,48,15.5,32.7
2021,5,"2021-05-01","IXR","Birsa Munda Airport","Ranchi","Jharkhand",23.3142,85.3217,205000,1444,1560,32.1,18.5,48,15.5,34.4
2021,5,"2021-05-01","DHO","Deoghar Airport","Deoghar","Jharkhand",24.4439,86.7028,25625,180,194,31.6,18.5,48,15.5,34
2021,5,"2021-05-01","JRG","Veer Surendra Sai Airport","Jharsuguda","Odisha",21.9136,84.0503,25625,180,194,32.7,18.5,48,15.5,34.8
2021,5,"2021-05-01","DMU","Dimapur Airport","Dimapur","Nagaland",25.8839,93.7711,34167,241,260,31,18.5,48,15.5,33.6
2021,5,"2021-05-01","SHL","Shillong Airport (Umroi)","Shillong","Meghalaya",25.7036,91.9786,8542,60,65,31,18.5,48,15.5,33.7
2021,5,"2021-05-01","AJL","Lengpui Airport","Aizawl","Mizoram",23.8406,92.6192,17083,120,130,31.9,18.5,48,15.5,34.2
2021,5,"2021-05-01","IXS","Silchar Airport","Silchar","Assam",24.9128,92.9789,34167,241,260,31.4,18.5,48,15.5,33.9
2021,5,"2021-05-01","DBR","Dibrugarh Airport","Dibrugarh","Assam",27.4839,95.0169,93958,662,715,30.2,18.5,48,15.5,33.1
2021,5,"2021-05-01","JRH","Jorhat Airport","Jorhat","Assam",26.7314,94.1758,25625,180,194,30.6,18.5,48,15.5,33.4
2021,5,"2021-05-01","TEZ","Tezpur Airport","Tezpur","Assam",26.7092,92.7872,8542,60,65,30.6,18.5,48,15.5,33.4
2021,5,"2021-05-01","IXT","Pakyong Airport","Pakyong","Sikkim",27.2344,88.5886,4271,30,32,30.3,18.5,48,15.5,33.2
2021,5,"2021-05-01","IXZ","Veer Savarkar International Airport","Port Blair","Andaman and Nicobar Islands",11.6411,92.7297,145208,1023,1105,37.4,18.5,48,15.5,37.9
2021,5,"2021-05-01","PYB","Jeypore Airport","Jeypore","Odisha",18.88,82.553,4271,30,32,34.1,18.5,48,15.5,35.7
2021,5,"2021-05-01","HYT","Donyi Polo Airport (Itanagar)","Hollongi","Arunachal Pradesh",26.96,93.64,17083,120,130,30.5,18.5,48,15.5,33.3
2021,5,"2021-05-01","RMD","Ramagundam Airport","Ramagundam","Telangana",18.78,79.44,1708,12,13,34.1,18.5,48,15.5,35.7
2021,6,"2021-06-01","DEL","Indira Gandhi International Airport","New Delhi","Delhi",28.5562,77.1,6133333,43192,46647,24.7,160,84,12.5,47.7
2021,6,"2021-06-01","BOM","Chhatrapati Shivaji Maharaj International Airport","Mumbai","Maharashtra",19.0896,72.8656,4300000,30282,32705,29,160,84,12.5,50.5
2021,6,"2021-06-01","BLR","Kempegowda International Airport","Bengaluru","Karnataka",13.1986,77.7066,3125000,22007,23768,31.7,160,84,12.5,52.3
2021,6,"2021-06-01","MAA","Chennai International Airport","Chennai","Tamil Nadu",12.9941,80.1709,1758333,12383,13374,31.8,160,84,12.5,52.4
2021,6,"2021-06-01","HYD","Rajiv Gandhi International Airport","Hyderabad","Telangana",17.2403,78.4294,2083333,14671,15845,29.8,160,84,12.5,51.1
2021,6,"2021-06-01","CCU","Netaji Subhash Chandra Bose International Airport","Kolkata","West Bengal",22.6547,88.4467,1650000,11620,12550,27.4,320,84,12.5,72.3
2021,6,"2021-06-01","AMD","Sardar Vallabhbhai Patel International Airport","Ahmedabad","Gujarat",23.0772,72.6347,933333,6573,7099,27.2,160,84,12.5,49.3
2021,6,"2021-06-01","PNQ","Pune Airport","Pune","Maharashtra",18.5822,73.9197,666667,4695,5071,29.2,160,84,12.5,50.7
2021,6,"2021-06-01","COK","Cochin International Airport","Kochi","Kerala",10.152,76.4019,858333,6045,6529,33,280,84,12.5,70.4
2021,6,"2021-06-01","GOI","Dabolim Airport","Goa","Goa",15.3808,73.8314,7e+05,4930,5324,30.7,280,84,12.5,68.8
2021,6,"2021-06-01","GOX","Manohar International Airport (MOPA)","Goa","Goa",15.7481,73.8647,350000,2465,2662,30.5,280,84,12.5,68.7
2021,6,"2021-06-01","CJB","Coimbatore International Airport","Coimbatore","Tamil Nadu",11.03,77.0434,241667,1702,1838,32.6,160,84,12.5,52.9
2021,6,"2021-06-01","TRZ","Tiruchirappalli International Airport","Tiruchirappalli","Tamil Nadu",10.7654,78.7097,150000,1056,1140,32.8,160,84,12.5,53
2021,6,"2021-06-01","IXM","Madurai Airport","Madurai","Tamil Nadu",9.8345,78.0934,116667,822,888,33.2,160,84,12.5,53.3
2021,6,"2021-06-01","SXV","Salem Airport","Salem","Tamil Nadu",11.7783,78.0647,8333,59,64,32.3,160,84,12.5,52.7
2021,6,"2021-06-01","TCR","Tuticorin Airport","Thoothukudi","Tamil Nadu",8.7242,78.0267,16667,117,126,33.7,160,84,12.5,53.6
2021,6,"2021-06-01","ATQ","Sri Guru Ram Dass Jee International Airport","Amritsar","Punjab",31.7096,74.7973,233333,1643,1774,23.3,160,84,12.5,46.7
2021,6,"2021-06-01","IXC","Chandigarh International Airport","Chandigarh","Chandigarh",30.6735,76.7885,3e+05,2113,2282,23.8,160,84,12.5,47.1
2021,6,"2021-06-01","GAU","Lokpriya Gopinath Bordoloi International Airport","Guwahati","Assam",26.1061,91.5859,483333,3404,3676,25.9,320,84,12.5,71.3
2021,6,"2021-06-01","JAI","Jaipur International Airport","Jaipur","Rajasthan",26.8242,75.8122,450000,3169,3423,25.5,160,84,12.5,48.2
2021,6,"2021-06-01","LKO","Chaudhary Charan Singh International Airport","Lucknow","Uttar Pradesh",26.7606,80.8893,433333,3052,3296,25.6,160,84,12.5,48.2
2021,6,"2021-06-01","TRV","Thiruvananthapuram International Airport","Thiruvananthapuram","Kerala",8.4821,76.92,366667,2582,2789,33.8,280,84,12.5,70.9
2021,6,"2021-06-01","CCJ","Calicut International Airport","Kozhikode","Kerala",11.1368,75.9553,266667,1878,2028,32.6,280,84,12.5,70.1
2021,6,"2021-06-01","IXE","Mangaluru International Airport","Mangaluru","Karnataka",12.9613,74.89,158333,1115,1204,31.8,280,84,12.5,69.5
2021,6,"2021-06-01","PAT","Jay Prakash Narayan Airport","Patna","Bihar",25.5913,85.088,350000,2465,2662,26.1,320,84,12.5,71.4
2021,6,"2021-06-01","BBI","Biju Patnaik International Airport","Bhubaneswar","Odisha",20.2444,85.8178,375000,2641,2852,28.5,320,84,12.5,73
2021,6,"2021-06-01","IDR","Devi Ahilya Bai Holkar Airport","Indore","Madhya Pradesh",22.7217,75.8011,258333,1819,1965,27.4,160,84,12.5,49.4
2021,6,"2021-06-01","NAG","Dr. Babasaheb Ambedkar International Airport","Nagpur","Maharashtra",21.0922,79.0472,233333,1643,1774,28.1,160,84,12.5,49.9
2021,6,"2021-06-01","IXB","Bagdogra Airport","Siliguri","West Bengal",26.6812,88.3286,258333,1819,1965,25.6,320,84,12.5,71.1
2021,6,"2021-06-01","SXR","Sheikh ul-Alam International Airport","Srinagar","Jammu and Kashmir",33.9872,74.7742,366667,2582,2789,22.3,160,84,12.5,46.1
2021,6,"2021-06-01","IXJ","Jammu Airport","Jammu","Jammu and Kashmir",32.6892,74.8372,150000,1056,1140,22.9,160,84,12.5,46.5
2021,6,"2021-06-01","IXL","Kushok Bakula Rimpochee Airport","Leh","Ladakh",34.1358,77.5464,1e+05,704,760,22.2,160,84,12.5,46
2021,6,"2021-06-01","IXA","Maharaja Bir Bikram Airport","Agartala","Tripura",23.887,91.2405,125000,880,950,26.9,320,84,12.5,71.9
2021,6,"2021-06-01","IMF","Imphal Airport","Imphal","Manipur",24.76,93.8967,1e+05,704,760,26.5,320,84,12.5,71.7
2021,6,"2021-06-01","RJA","Rajahmundry Airport","Rajahmundry","Andhra Pradesh",17.1106,81.8181,33333,235,254,29.9,160,84,12.5,51.1
2021,6,"2021-06-01","VTZ","Visakhapatnam Airport","Visakhapatnam","Andhra Pradesh",17.7211,83.2244,233333,1643,1774,29.6,160,84,12.5,50.9
2021,6,"2021-06-01","TIR","Tirupati Airport","Tirupati","Andhra Pradesh",13.6325,79.5433,75000,528,570,31.5,160,84,12.5,52.2
2021,6,"2021-06-01","VGA","Vijayawada Airport","Vijayawada","Andhra Pradesh",16.5304,80.7968,91667,646,698,30.2,160,84,12.5,51.3
2021,6,"2021-06-01","DHM","Gaggal Airport (Dharamshala)","Kangra","Himachal Pradesh",32.1651,76.2634,25000,176,190,23.1,160,84,12.5,46.6
2021,6,"2021-06-01","SLV","Shimla Airport","Shimla","Himachal Pradesh",31.0817,77.0678,8333,59,64,23.6,160,84,12.5,46.9
2021,6,"2021-06-01","KUU","Kullu Manali Airport (Bhuntar)","Bhuntar","Himachal Pradesh",31.8767,77.1542,8333,59,64,23.3,160,84,12.5,46.7
2021,6,"2021-06-01","BDQ","Vadodara Airport","Vadodara","Gujarat",22.3361,73.2264,1e+05,704,760,27.5,160,84,12.5,49.6
2021,6,"2021-06-01","STV","Surat Airport","Surat","Gujarat",21.1142,72.7419,108333,763,824,28.1,160,84,12.5,49.9
2021,6,"2021-06-01","HSR","Hisar Airport","Hisar","Haryana",29.1794,75.7538,4167,29,31,24.5,160,84,12.5,47.5
2021,6,"2021-06-01","GWL","Gwalior Airport","Gwalior","Madhya Pradesh",26.2933,78.2278,33333,235,254,25.8,160,84,12.5,48.4
2021,6,"2021-06-01","JLR","Jabalpur Airport","Jabalpur","Madhya Pradesh",23.1778,80.0522,41667,293,316,27.2,160,84,12.5,49.3
2021,6,"2021-06-01","RPR","Swami Vivekananda Airport","Raipur","Chhattisgarh",21.1803,81.7389,208333,1467,1584,28.1,160,84,12.5,49.9
2021,6,"2021-06-01","DED","Jolly Grant Airport","Dehradun","Uttarakhand",30.1897,78.1803,133333,939,1014,24,160,84,12.5,47.2
2021,6,"2021-06-01","PNT","Pantnagar Airport","Pantnagar","Uttarakhand",29.0333,79.4736,8333,59,64,24.5,160,84,12.5,47.5
2021,6,"2021-06-01","IXR","Birsa Munda Airport","Ranchi","Jharkhand",23.3142,85.3217,2e+05,1408,1521,27.1,320,84,12.5,72.1
2021,6,"2021-06-01","DHO","Deoghar Airport","Deoghar","Jharkhand",24.4439,86.7028,25000,176,190,26.6,320,84,12.5,71.8
2021,6,"2021-06-01","JRG","Veer Surendra Sai Airport","Jharsuguda","Odisha",21.9136,84.0503,25000,176,190,27.7,160,84,12.5,49.7
2021,6,"2021-06-01","DMU","Dimapur Airport","Dimapur","Nagaland",25.8839,93.7711,33333,235,254,26,320,84,12.5,71.3
2021,6,"2021-06-01","SHL","Shillong Airport (Umroi)","Shillong","Meghalaya",25.7036,91.9786,8333,59,64,26,320,84,12.5,71.4
2021,6,"2021-06-01","AJL","Lengpui Airport","Aizawl","Mizoram",23.8406,92.6192,16667,117,126,26.9,320,84,12.5,72
2021,6,"2021-06-01","IXS","Silchar Airport","Silchar","Assam",24.9128,92.9789,33333,235,254,26.4,320,84,12.5,71.6
2021,6,"2021-06-01","DBR","Dibrugarh Airport","Dibrugarh","Assam",27.4839,95.0169,91667,646,698,25.2,320,84,12.5,70.9
2021,6,"2021-06-01","JRH","Jorhat Airport","Jorhat","Assam",26.7314,94.1758,25000,176,190,25.6,320,84,12.5,71.1
2021,6,"2021-06-01","TEZ","Tezpur Airport","Tezpur","Assam",26.7092,92.7872,8333,59,64,25.6,320,84,12.5,71.1
2021,6,"2021-06-01","IXT","Pakyong Airport","Pakyong","Sikkim",27.2344,88.5886,4167,29,31,25.3,320,84,12.5,70.9
2021,6,"2021-06-01","IXZ","Veer Savarkar International Airport","Port Blair","Andaman and Nicobar Islands",11.6411,92.7297,141667,998,1078,32.4,160,84,12.5,52.8
2021,6,"2021-06-01","PYB","Jeypore Airport","Jeypore","Odisha",18.88,82.553,4167,29,31,29.1,160,84,12.5,50.6
2021,6,"2021-06-01","HYT","Donyi Polo Airport (Itanagar)","Hollongi","Arunachal Pradesh",26.96,93.64,16667,117,126,25.5,320,84,12.5,71
2021,6,"2021-06-01","RMD","Ramagundam Airport","Ramagundam","Telangana",18.78,79.44,1667,12,13,29.1,160,84,12.5,50.6
2021,7,"2021-07-01","DEL","Indira Gandhi International Airport","New Delhi","Delhi",28.5562,77.1,5980000,42113,45482,24.7,160,84,9.5,45.7
2021,7,"2021-07-01","BOM","Chhatrapati Shivaji Maharaj International Airport","Mumbai","Maharashtra",19.0896,72.8656,4192500,29525,31887,29,160,84,9.5,48.5
2021,7,"2021-07-01","BLR","Kempegowda International Airport","Bengaluru","Karnataka",13.1986,77.7066,3046875,21457,23174,31.7,160,84,9.5,50.3
2021,7,"2021-07-01","MAA","Chennai International Airport","Chennai","Tamil Nadu",12.9941,80.1709,1714375,12073,13039,31.8,160,84,9.5,50.4
2021,7,"2021-07-01","HYD","Rajiv Gandhi International Airport","Hyderabad","Telangana",17.2403,78.4294,2031250,14305,15449,29.8,160,84,9.5,49.1
2021,7,"2021-07-01","CCU","Netaji Subhash Chandra Bose International Airport","Kolkata","West Bengal",22.6547,88.4467,1608750,11329,12235,27.4,320,84,9.5,70.3
2021,7,"2021-07-01","AMD","Sardar Vallabhbhai Patel International Airport","Ahmedabad","Gujarat",23.0772,72.6347,910000,6408,6921,27.2,160,84,9.5,47.3
2021,7,"2021-07-01","PNQ","Pune Airport","Pune","Maharashtra",18.5822,73.9197,650000,4577,4943,29.2,160,84,9.5,48.7
2021,7,"2021-07-01","COK","Cochin International Airport","Kochi","Kerala",10.152,76.4019,836875,5893,6364,33,280,84,9.5,68.4
2021,7,"2021-07-01","GOI","Dabolim Airport","Goa","Goa",15.3808,73.8314,682500,4806,5190,30.7,280,84,9.5,66.8
2021,7,"2021-07-01","GOX","Manohar International Airport (MOPA)","Goa","Goa",15.7481,73.8647,341250,2403,2595,30.5,280,84,9.5,66.7
2021,7,"2021-07-01","CJB","Coimbatore International Airport","Coimbatore","Tamil Nadu",11.03,77.0434,235625,1659,1792,32.6,160,84,9.5,50.9
2021,7,"2021-07-01","TRZ","Tiruchirappalli International Airport","Tiruchirappalli","Tamil Nadu",10.7654,78.7097,146250,1030,1112,32.8,160,84,9.5,51
2021,7,"2021-07-01","IXM","Madurai Airport","Madurai","Tamil Nadu",9.8345,78.0934,113750,801,865,33.2,160,84,9.5,51.3
2021,7,"2021-07-01","SXV","Salem Airport","Salem","Tamil Nadu",11.7783,78.0647,8125,57,62,32.3,160,84,9.5,50.7
2021,7,"2021-07-01","TCR","Tuticorin Airport","Thoothukudi","Tamil Nadu",8.7242,78.0267,16250,114,123,33.7,160,84,9.5,51.6
2021,7,"2021-07-01","ATQ","Sri Guru Ram Dass Jee International Airport","Amritsar","Punjab",31.7096,74.7973,227500,1602,1730,23.3,160,84,9.5,44.7
2021,7,"2021-07-01","IXC","Chandigarh International Airport","Chandigarh","Chandigarh",30.6735,76.7885,292500,2060,2225,23.8,160,84,9.5,45.1
2021,7,"2021-07-01","GAU","Lokpriya Gopinath Bordoloi International Airport","Guwahati","Assam",26.1061,91.5859,471250,3319,3585,25.9,320,84,9.5,69.3
2021,7,"2021-07-01","JAI","Jaipur International Airport","Jaipur","Rajasthan",26.8242,75.8122,438750,3090,3337,25.5,160,84,9.5,46.2
2021,7,"2021-07-01","LKO","Chaudhary Charan Singh International Airport","Lucknow","Uttar Pradesh",26.7606,80.8893,422500,2975,3213,25.6,160,84,9.5,46.2
2021,7,"2021-07-01","TRV","Thiruvananthapuram International Airport","Thiruvananthapuram","Kerala",8.4821,76.92,357500,2518,2719,33.8,280,84,9.5,68.9
2021,7,"2021-07-01","CCJ","Calicut International Airport","Kozhikode","Kerala",11.1368,75.9553,260000,1831,1977,32.6,280,84,9.5,68.1
2021,7,"2021-07-01","IXE","Mangaluru International Airport","Mangaluru","Karnataka",12.9613,74.89,154375,1087,1174,31.8,280,84,9.5,67.5
2021,7,"2021-07-01","PAT","Jay Prakash Narayan Airport","Patna","Bihar",25.5913,85.088,341250,2403,2595,26.1,320,84,9.5,69.4
2021,7,"2021-07-01","BBI","Biju Patnaik International Airport","Bhubaneswar","Odisha",20.2444,85.8178,365625,2575,2781,28.5,320,84,9.5,71
2021,7,"2021-07-01","IDR","Devi Ahilya Bai Holkar Airport","Indore","Madhya Pradesh",22.7217,75.8011,251875,1774,1916,27.4,160,84,9.5,47.4
2021,7,"2021-07-01","NAG","Dr. Babasaheb Ambedkar International Airport","Nagpur","Maharashtra",21.0922,79.0472,227500,1602,1730,28.1,160,84,9.5,47.9
2021,7,"2021-07-01","IXB","Bagdogra Airport","Siliguri","West Bengal",26.6812,88.3286,251875,1774,1916,25.6,320,84,9.5,69.1
2021,7,"2021-07-01","SXR","Sheikh ul-Alam International Airport","Srinagar","Jammu and Kashmir",33.9872,74.7742,357500,2518,2719,22.3,160,84,9.5,44.1
2021,7,"2021-07-01","IXJ","Jammu Airport","Jammu","Jammu and Kashmir",32.6892,74.8372,146250,1030,1112,22.9,160,84,9.5,44.5
2021,7,"2021-07-01","IXL","Kushok Bakula Rimpochee Airport","Leh","Ladakh",34.1358,77.5464,97500,687,742,22.2,160,84,9.5,44
2021,7,"2021-07-01","IXA","Maharaja Bir Bikram Airport","Agartala","Tripura",23.887,91.2405,121875,858,927,26.9,320,84,9.5,69.9
2021,7,"2021-07-01","IMF","Imphal Airport","Imphal","Manipur",24.76,93.8967,97500,687,742,26.5,320,84,9.5,69.7
2021,7,"2021-07-01","RJA","Rajahmundry Airport","Rajahmundry","Andhra Pradesh",17.1106,81.8181,32500,229,247,29.9,160,84,9.5,49.1
2021,7,"2021-07-01","VTZ","Visakhapatnam Airport","Visakhapatnam","Andhra Pradesh",17.7211,83.2244,227500,1602,1730,29.6,160,84,9.5,48.9
2021,7,"2021-07-01","TIR","Tirupati Airport","Tirupati","Andhra Pradesh",13.6325,79.5433,73125,515,556,31.5,160,84,9.5,50.2
2021,7,"2021-07-01","VGA","Vijayawada Airport","Vijayawada","Andhra Pradesh",16.5304,80.7968,89375,629,679,30.2,160,84,9.5,49.3
2021,7,"2021-07-01","DHM","Gaggal Airport (Dharamshala)","Kangra","Himachal Pradesh",32.1651,76.2634,24375,172,186,23.1,160,84,9.5,44.6
2021,7,"2021-07-01","SLV","Shimla Airport","Shimla","Himachal Pradesh",31.0817,77.0678,8125,57,62,23.6,160,84,9.5,44.9
2021,7,"2021-07-01","KUU","Kullu Manali Airport (Bhuntar)","Bhuntar","Himachal Pradesh",31.8767,77.1542,8125,57,62,23.3,160,84,9.5,44.7
2021,7,"2021-07-01","BDQ","Vadodara Airport","Vadodara","Gujarat",22.3361,73.2264,97500,687,742,27.5,160,84,9.5,47.6
2021,7,"2021-07-01","STV","Surat Airport","Surat","Gujarat",21.1142,72.7419,105625,744,804,28.1,160,84,9.5,47.9
2021,7,"2021-07-01","HSR","Hisar Airport","Hisar","Haryana",29.1794,75.7538,4062,29,31,24.5,160,84,9.5,45.5
2021,7,"2021-07-01","GWL","Gwalior Airport","Gwalior","Madhya Pradesh",26.2933,78.2278,32500,229,247,25.8,160,84,9.5,46.4
2021,7,"2021-07-01","JLR","Jabalpur Airport","Jabalpur","Madhya Pradesh",23.1778,80.0522,40625,286,309,27.2,160,84,9.5,47.3
2021,7,"2021-07-01","RPR","Swami Vivekananda Airport","Raipur","Chhattisgarh",21.1803,81.7389,203125,1430,1544,28.1,160,84,9.5,47.9
2021,7,"2021-07-01","DED","Jolly Grant Airport","Dehradun","Uttarakhand",30.1897,78.1803,130000,915,988,24,160,84,9.5,45.2
2021,7,"2021-07-01","PNT","Pantnagar Airport","Pantnagar","Uttarakhand",29.0333,79.4736,8125,57,62,24.5,160,84,9.5,45.5
2021,7,"2021-07-01","IXR","Birsa Munda Airport","Ranchi","Jharkhand",23.3142,85.3217,195000,1373,1483,27.1,320,84,9.5,70.1
2021,7,"2021-07-01","DHO","Deoghar Airport","Deoghar","Jharkhand",24.4439,86.7028,24375,172,186,26.6,320,84,9.5,69.8
2021,7,"2021-07-01","JRG","Veer Surendra Sai Airport","Jharsuguda","Odisha",21.9136,84.0503,24375,172,186,27.7,160,84,9.5,47.7
2021,7,"2021-07-01","DMU","Dimapur Airport","Dimapur","Nagaland",25.8839,93.7711,32500,229,247,26,320,84,9.5,69.3
2021,7,"2021-07-01","SHL","Shillong Airport (Umroi)","Shillong","Meghalaya",25.7036,91.9786,8125,57,62,26,320,84,9.5,69.4
2021,7,"2021-07-01","AJL","Lengpui Airport","Aizawl","Mizoram",23.8406,92.6192,16250,114,123,26.9,320,84,9.5,70
2021,7,"2021-07-01","IXS","Silchar Airport","Silchar","Assam",24.9128,92.9789,32500,229,247,26.4,320,84,9.5,69.6
2021,7,"2021-07-01","DBR","Dibrugarh Airport","Dibrugarh","Assam",27.4839,95.0169,89375,629,679,25.2,320,84,9.5,68.9
2021,7,"2021-07-01","JRH","Jorhat Airport","Jorhat","Assam",26.7314,94.1758,24375,172,186,25.6,320,84,9.5,69.1
2021,7,"2021-07-01","TEZ","Tezpur Airport","Tezpur","Assam",26.7092,92.7872,8125,57,62,25.6,320,84,9.5,69.1
2021,7,"2021-07-01","IXT","Pakyong Airport","Pakyong","Sikkim",27.2344,88.5886,4062,29,31,25.3,320,84,9.5,68.9
2021,7,"2021-07-01","IXZ","Veer Savarkar International Airport","Port Blair","Andaman and Nicobar Islands",11.6411,92.7297,138125,973,1051,32.4,160,84,9.5,50.8
2021,7,"2021-07-01","PYB","Jeypore Airport","Jeypore","Odisha",18.88,82.553,4062,29,31,29.1,160,84,9.5,48.6
2021,7,"2021-07-01","HYT","Donyi Polo Airport (Itanagar)","Hollongi","Arunachal Pradesh",26.96,93.64,16250,114,123,25.5,320,84,9.5,69
2021,7,"2021-07-01","RMD","Ramagundam Airport","Ramagundam","Telangana",18.78,79.44,1625,11,12,29.1,160,84,9.5,48.6
2021,8,"2021-08-01","DEL","Indira Gandhi International Airport","New Delhi","Delhi",28.5562,77.1,5867752,41322,44628,24.7,160,84,7.3,44.2
2021,8,"2021-08-01","BOM","Chhatrapati Shivaji Maharaj International Airport","Mumbai","Maharashtra",19.0896,72.8656,4113805,28970,31288,29,160,84,7.3,47.1
2021,8,"2021-08-01","BLR","Kempegowda International Airport","Bengaluru","Karnataka",13.1986,77.7066,2989684,21054,22738,31.7,160,84,7.3,48.8
2021,8,"2021-08-01","MAA","Chennai International Airport","Chennai","Tamil Nadu",12.9941,80.1709,1682195,11846,12794,31.8,160,84,7.3,48.9
2021,8,"2021-08-01","HYD","Rajiv Gandhi International Airport","Hyderabad","Telangana",17.2403,78.4294,1993122,14036,15159,29.8,160,84,7.3,47.6
2021,8,"2021-08-01","CCU","Netaji Subhash Chandra Bose International Airport","Kolkata","West Bengal",22.6547,88.4467,1578553,11117,12006,27.4,320,84,7.3,68.9
2021,8,"2021-08-01","AMD","Sardar Vallabhbhai Patel International Airport","Ahmedabad","Gujarat",23.0772,72.6347,892919,6288,6791,27.2,160,84,7.3,45.9
2021,8,"2021-08-01","PNQ","Pune Airport","Pune","Maharashtra",18.5822,73.9197,637799,4492,4851,29.2,160,84,7.3,47.2
2021,8,"2021-08-01","COK","Cochin International Airport","Kochi","Kerala",10.152,76.4019,821166,5783,6246,33,280,84,7.3,66.9
2021,8,"2021-08-01","GOI","Dabolim Airport","Goa","Goa",15.3808,73.8314,669689,4716,5093,30.7,280,84,7.3,65.3
2021,8,"2021-08-01","GOX","Manohar International Airport (MOPA)","Goa","Goa",15.7481,73.8647,334845,2358,2547,30.5,280,84,7.3,65.2
2021,8,"2021-08-01","CJB","Coimbatore International Airport","Coimbatore","Tamil Nadu",11.03,77.0434,231202,1628,1758,32.6,160,84,7.3,49.5
2021,8,"2021-08-01","TRZ","Tiruchirappalli International Airport","Tiruchirappalli","Tamil Nadu",10.7654,78.7097,143505,1011,1092,32.8,160,84,7.3,49.6
2021,8,"2021-08-01","IXM","Madurai Airport","Madurai","Tamil Nadu",9.8345,78.0934,111615,786,849,33.2,160,84,7.3,49.8
2021,8,"2021-08-01","SXV","Salem Airport","Salem","Tamil Nadu",11.7783,78.0647,7972,56,60,32.3,160,84,7.3,49.3
2021,8,"2021-08-01","TCR","Tuticorin Airport","Thoothukudi","Tamil Nadu",8.7242,78.0267,15945,112,121,33.7,160,84,7.3,50.2
2021,8,"2021-08-01","ATQ","Sri Guru Ram Dass Jee International Airport","Amritsar","Punjab",31.7096,74.7973,223230,1572,1698,23.3,160,84,7.3,43.3
2021,8,"2021-08-01","IXC","Chandigarh International Airport","Chandigarh","Chandigarh",30.6735,76.7885,287010,2021,2183,23.8,160,84,7.3,43.6
2021,8,"2021-08-01","GAU","Lokpriya Gopinath Bordoloi International Airport","Guwahati","Assam",26.1061,91.5859,462404,3256,3516,25.9,320,84,7.3,67.8
2021,8,"2021-08-01","JAI","Jaipur International Airport","Jaipur","Rajasthan",26.8242,75.8122,430514,3032,3275,25.5,160,84,7.3,44.7
2021,8,"2021-08-01","LKO","Chaudhary Charan Singh International Airport","Lucknow","Uttar Pradesh",26.7606,80.8893,414569,2920,3154,25.6,160,84,7.3,44.8
2021,8,"2021-08-01","TRV","Thiruvananthapuram International Airport","Thiruvananthapuram","Kerala",8.4821,76.92,350790,2470,2668,33.8,280,84,7.3,67.4
2021,8,"2021-08-01","CCJ","Calicut International Airport","Kozhikode","Kerala",11.1368,75.9553,255120,1797,1941,32.6,280,84,7.3,66.6
2021,8,"2021-08-01","IXE","Mangaluru International Airport","Mangaluru","Karnataka",12.9613,74.89,151477,1067,1152,31.8,280,84,7.3,66
2021,8,"2021-08-01","PAT","Jay Prakash Narayan Airport","Patna","Bihar",25.5913,85.088,334845,2358,2547,26.1,320,84,7.3,68
2021,8,"2021-08-01","BBI","Biju Patnaik International Airport","Bhubaneswar","Odisha",20.2444,85.8178,358762,2526,2728,28.5,320,84,7.3,69.6
2021,8,"2021-08-01","IDR","Devi Ahilya Bai Holkar Airport","Indore","Madhya Pradesh",22.7217,75.8011,247147,1740,1879,27.4,160,84,7.3,46
2021,8,"2021-08-01","NAG","Dr. Babasaheb Ambedkar International Airport","Nagpur","Maharashtra",21.0922,79.0472,223230,1572,1698,28.1,160,84,7.3,46.5
2021,8,"2021-08-01","IXB","Bagdogra Airport","Siliguri","West Bengal",26.6812,88.3286,247147,1740,1879,25.6,320,84,7.3,67.6
2021,8,"2021-08-01","SXR","Sheikh ul-Alam International Airport","Srinagar","Jammu and Kashmir",33.9872,74.7742,350790,2470,2668,22.3,160,84,7.3,42.6
2021,8,"2021-08-01","IXJ","Jammu Airport","Jammu","Jammu and Kashmir",32.6892,74.8372,143505,1011,1092,22.9,160,84,7.3,43
2021,8,"2021-08-01","IXL","Kushok Bakula Rimpochee Airport","Leh","Ladakh",34.1358,77.5464,95670,674,728,22.2,160,84,7.3,42.5
2021,8,"2021-08-01","IXA","Maharaja Bir Bikram Airport","Agartala","Tripura",23.887,91.2405,119587,842,909,26.9,320,84,7.3,68.5
2021,8,"2021-08-01","IMF","Imphal Airport","Imphal","Manipur",24.76,93.8967,95670,674,728,26.5,320,84,7.3,68.2
2021,8,"2021-08-01","RJA","Rajahmundry Airport","Rajahmundry","Andhra Pradesh",17.1106,81.8181,31890,225,243,29.9,160,84,7.3,47.7
2021,8,"2021-08-01","VTZ","Visakhapatnam Airport","Visakhapatnam","Andhra Pradesh",17.7211,83.2244,223230,1572,1698,29.6,160,84,7.3,47.5
2021,8,"2021-08-01","TIR","Tirupati Airport","Tirupati","Andhra Pradesh",13.6325,79.5433,71752,505,545,31.5,160,84,7.3,48.7
2021,8,"2021-08-01","VGA","Vijayawada Airport","Vijayawada","Andhra Pradesh",16.5304,80.7968,87697,618,667,30.2,160,84,7.3,47.8
2021,8,"2021-08-01","DHM","Gaggal Airport (Dharamshala)","Kangra","Himachal Pradesh",32.1651,76.2634,23917,168,181,23.1,160,84,7.3,43.1
2021,8,"2021-08-01","SLV","Shimla Airport","Shimla","Himachal Pradesh",31.0817,77.0678,7972,56,60,23.6,160,84,7.3,43.5
2021,8,"2021-08-01","KUU","Kullu Manali Airport (Bhuntar)","Bhuntar","Himachal Pradesh",31.8767,77.1542,7972,56,60,23.3,160,84,7.3,43.2
2021,8,"2021-08-01","BDQ","Vadodara Airport","Vadodara","Gujarat",22.3361,73.2264,95670,674,728,27.5,160,84,7.3,46.1
2021,8,"2021-08-01","STV","Surat Airport","Surat","Gujarat",21.1142,72.7419,103642,730,788,28.1,160,84,7.3,46.5
2021,8,"2021-08-01","HSR","Hisar Airport","Hisar","Haryana",29.1794,75.7538,3986,28,30,24.5,160,84,7.3,44
2021,8,"2021-08-01","GWL","Gwalior Airport","Gwalior","Madhya Pradesh",26.2933,78.2278,31890,225,243,25.8,160,84,7.3,44.9
2021,8,"2021-08-01","JLR","Jabalpur Airport","Jabalpur","Madhya Pradesh",23.1778,80.0522,39862,281,303,27.2,160,84,7.3,45.8
2021,8,"2021-08-01","RPR","Swami Vivekananda Airport","Raipur","Chhattisgarh",21.1803,81.7389,199312,1404,1516,28.1,160,84,7.3,46.4
2021,8,"2021-08-01","DED","Jolly Grant Airport","Dehradun","Uttarakhand",30.1897,78.1803,127560,898,970,24,160,84,7.3,43.7
2021,8,"2021-08-01","PNT","Pantnagar Airport","Pantnagar","Uttarakhand",29.0333,79.4736,7972,56,60,24.5,160,84,7.3,44.1
2021,8,"2021-08-01","IXR","Birsa Munda Airport","Ranchi","Jharkhand",23.3142,85.3217,191340,1347,1455,27.1,320,84,7.3,68.7
2021,8,"2021-08-01","DHO","Deoghar Airport","Deoghar","Jharkhand",24.4439,86.7028,23917,168,181,26.6,320,84,7.3,68.3
2021,8,"2021-08-01","JRG","Veer Surendra Sai Airport","Jharsuguda","Odisha",21.9136,84.0503,23917,168,181,27.7,160,84,7.3,46.2
2021,8,"2021-08-01","DMU","Dimapur Airport","Dimapur","Nagaland",25.8839,93.7711,31890,225,243,26,320,84,7.3,67.9
2021,8,"2021-08-01","SHL","Shillong Airport (Umroi)","Shillong","Meghalaya",25.7036,91.9786,7972,56,60,26,320,84,7.3,67.9
2021,8,"2021-08-01","AJL","Lengpui Airport","Aizawl","Mizoram",23.8406,92.6192,15945,112,121,26.9,320,84,7.3,68.5
2021,8,"2021-08-01","IXS","Silchar Airport","Silchar","Assam",24.9128,92.9789,31890,225,243,26.4,320,84,7.3,68.2
2021,8,"2021-08-01","DBR","Dibrugarh Airport","Dibrugarh","Assam",27.4839,95.0169,87697,618,667,25.2,320,84,7.3,67.4
2021,8,"2021-08-01","JRH","Jorhat Airport","Jorhat","Assam",26.7314,94.1758,23917,168,181,25.6,320,84,7.3,67.6
2021,8,"2021-08-01","TEZ","Tezpur Airport","Tezpur","Assam",26.7092,92.7872,7972,56,60,25.6,320,84,7.3,67.6
2021,8,"2021-08-01","IXT","Pakyong Airport","Pakyong","Sikkim",27.2344,88.5886,3986,28,30,25.3,320,84,7.3,67.5
2021,8,"2021-08-01","IXZ","Veer Savarkar International Airport","Port Blair","Andaman and Nicobar Islands",11.6411,92.7297,135532,954,1030,32.4,160,84,7.3,49.3
2021,8,"2021-08-01","PYB","Jeypore Airport","Jeypore","Odisha",18.88,82.553,3986,28,30,29.1,160,84,7.3,47.1
2021,8,"2021-08-01","HYT","Donyi Polo Airport (Itanagar)","Hollongi","Arunachal Pradesh",26.96,93.64,15945,112,121,25.5,320,84,7.3,67.6
2021,8,"2021-08-01","RMD","Ramagundam Airport","Ramagundam","Telangana",18.78,79.44,1594,11,12,29.1,160,84,7.3,47.2
2021,9,"2021-09-01","DEL","Indira Gandhi International Airport","New Delhi","Delhi",28.5562,77.1,5826667,41033,44316,24.7,160,84,6.5,43.7
2021,9,"2021-09-01","BOM","Chhatrapati Shivaji Maharaj International Airport","Mumbai","Maharashtra",19.0896,72.8656,4085000,28768,31069,29,160,84,6.5,46.5
2021,9,"2021-09-01","BLR","Kempegowda International Airport","Bengaluru","Karnataka",13.1986,77.7066,2968750,20907,22580,31.7,160,84,6.5,48.3
2021,9,"2021-09-01","MAA","Chennai International Airport","Chennai","Tamil Nadu",12.9941,80.1709,1670417,11764,12705,31.8,160,84,6.5,48.4
2021,9,"2021-09-01","HYD","Rajiv Gandhi International Airport","Hyderabad","Telangana",17.2403,78.4294,1979167,13938,15053,29.8,160,84,6.5,47.1
2021,9,"2021-09-01","CCU","Netaji Subhash Chandra Bose International Airport","Kolkata","West Bengal",22.6547,88.4467,1567500,11039,11922,27.4,320,84,6.5,68.3
2021,9,"2021-09-01","AMD","Sardar Vallabhbhai Patel International Airport","Ahmedabad","Gujarat",23.0772,72.6347,886667,6244,6744,27.2,160,84,6.5,45.3
2021,9,"2021-09-01","PNQ","Pune Airport","Pune","Maharashtra",18.5822,73.9197,633333,4460,4817,29.2,160,84,6.5,46.7
2021,9,"2021-09-01","COK","Cochin International Airport","Kochi","Kerala",10.152,76.4019,815417,5742,6201,33,280,84,6.5,66.4
2021,9,"2021-09-01","GOI","Dabolim Airport","Goa","Goa",15.3808,73.8314,665000,4683,5058,30.7,280,84,6.5,64.8
2021,9,"2021-09-01","GOX","Manohar International Airport (MOPA)","Goa","Goa",15.7481,73.8647,332500,2342,2529,30.5,280,84,6.5,64.7
2021,9,"2021-09-01","CJB","Coimbatore International Airport","Coimbatore","Tamil Nadu",11.03,77.0434,229583,1617,1746,32.6,160,84,6.5,48.9
2021,9,"2021-09-01","TRZ","Tiruchirappalli International Airport","Tiruchirappalli","Tamil Nadu",10.7654,78.7097,142500,1004,1084,32.8,160,84,6.5,49
2021,9,"2021-09-01","IXM","Madurai Airport","Madurai","Tamil Nadu",9.8345,78.0934,110833,781,843,33.2,160,84,6.5,49.3
2021,9,"2021-09-01","SXV","Salem Airport","Salem","Tamil Nadu",11.7783,78.0647,7917,56,60,32.3,160,84,6.5,48.7
2021,9,"2021-09-01","TCR","Tuticorin Airport","Thoothukudi","Tamil Nadu",8.7242,78.0267,15833,112,121,33.7,160,84,6.5,49.6
2021,9,"2021-09-01","ATQ","Sri Guru Ram Dass Jee International Airport","Amritsar","Punjab",31.7096,74.7973,221667,1561,1686,23.3,160,84,6.5,42.7
2021,9,"2021-09-01","IXC","Chandigarh International Airport","Chandigarh","Chandigarh",30.6735,76.7885,285000,2007,2168,23.8,160,84,6.5,43.1
2021,9,"2021-09-01","GAU","Lokpriya Gopinath Bordoloi International Airport","Guwahati","Assam",26.1061,91.5859,459167,3234,3493,25.9,320,84,6.5,67.3
2021,9,"2021-09-01","JAI","Jaipur International Airport","Jaipur","Rajasthan",26.8242,75.8122,427500,3011,3252,25.5,160,84,6.5,44.2
2021,9,"2021-09-01","LKO","Chaudhary Charan Singh International Airport","Lucknow","Uttar Pradesh",26.7606,80.8893,411667,2899,3131,25.6,160,84,6.5,44.2
2021,9,"2021-09-01","TRV","Thiruvananthapuram International Airport","Thiruvananthapuram","Kerala",8.4821,76.92,348333,2453,2649,33.8,280,84,6.5,66.9
2021,9,"2021-09-01","CCJ","Calicut International Airport","Kozhikode","Kerala",11.1368,75.9553,253333,1784,1927,32.6,280,84,6.5,66.1
2021,9,"2021-09-01","IXE","Mangaluru International Airport","Mangaluru","Karnataka",12.9613,74.89,150417,1059,1144,31.8,280,84,6.5,65.5
2021,9,"2021-09-01","PAT","Jay Prakash Narayan Airport","Patna","Bihar",25.5913,85.088,332500,2342,2529,26.1,320,84,6.5,67.4
2021,9,"2021-09-01","BBI","Biju Patnaik International Airport","Bhubaneswar","Odisha",20.2444,85.8178,356250,2509,2710,28.5,320,84,6.5,69
2021,9,"2021-09-01","IDR","Devi Ahilya Bai Holkar Airport","Indore","Madhya Pradesh",22.7217,75.8011,245417,1728,1866,27.4,160,84,6.5,45.4
2021,9,"2021-09-01","NAG","Dr. Babasaheb Ambedkar International Airport","Nagpur","Maharashtra",21.0922,79.0472,221667,1561,1686,28.1,160,84,6.5,45.9
2021,9,"2021-09-01","IXB","Bagdogra Airport","Siliguri","West Bengal",26.6812,88.3286,245417,1728,1866,25.6,320,84,6.5,67.1
2021,9,"2021-09-01","SXR","Sheikh ul-Alam International Airport","Srinagar","Jammu and Kashmir",33.9872,74.7742,348333,2453,2649,22.3,160,84,6.5,42.1
2021,9,"2021-09-01","IXJ","Jammu Airport","Jammu","Jammu and Kashmir",32.6892,74.8372,142500,1004,1084,22.9,160,84,6.5,42.5
2021,9,"2021-09-01","IXL","Kushok Bakula Rimpochee Airport","Leh","Ladakh",34.1358,77.5464,95000,669,723,22.2,160,84,6.5,42
2021,9,"2021-09-01","IXA","Maharaja Bir Bikram Airport","Agartala","Tripura",23.887,91.2405,118750,836,903,26.9,320,84,6.5,67.9
2021,9,"2021-09-01","IMF","Imphal Airport","Imphal","Manipur",24.76,93.8967,95000,669,723,26.5,320,84,6.5,67.7
2021,9,"2021-09-01","RJA","Rajahmundry Airport","Rajahmundry","Andhra Pradesh",17.1106,81.8181,31667,223,241,29.9,160,84,6.5,47.1
2021,9,"2021-09-01","VTZ","Visakhapatnam Airport","Visakhapatnam","Andhra Pradesh",17.7211,83.2244,221667,1561,1686,29.6,160,84,6.5,46.9
2021,9,"2021-09-01","TIR","Tirupati Airport","Tirupati","Andhra Pradesh",13.6325,79.5433,71250,502,542,31.5,160,84,6.5,48.2
2021,9,"2021-09-01","VGA","Vijayawada Airport","Vijayawada","Andhra Pradesh",16.5304,80.7968,87083,613,662,30.2,160,84,6.5,47.3
2021,9,"2021-09-01","DHM","Gaggal Airport (Dharamshala)","Kangra","Himachal Pradesh",32.1651,76.2634,23750,167,180,23.1,160,84,6.5,42.6
2021,9,"2021-09-01","SLV","Shimla Airport","Shimla","Himachal Pradesh",31.0817,77.0678,7917,56,60,23.6,160,84,6.5,42.9
2021,9,"2021-09-01","KUU","Kullu Manali Airport (Bhuntar)","Bhuntar","Himachal Pradesh",31.8767,77.1542,7917,56,60,23.3,160,84,6.5,42.7
2021,9,"2021-09-01","BDQ","Vadodara Airport","Vadodara","Gujarat",22.3361,73.2264,95000,669,723,27.5,160,84,6.5,45.6
2021,9,"2021-09-01","STV","Surat Airport","Surat","Gujarat",21.1142,72.7419,102917,725,783,28.1,160,84,6.5,45.9
2021,9,"2021-09-01","HSR","Hisar Airport","Hisar","Haryana",29.1794,75.7538,3958,28,30,24.5,160,84,6.5,43.5
2021,9,"2021-09-01","GWL","Gwalior Airport","Gwalior","Madhya Pradesh",26.2933,78.2278,31667,223,241,25.8,160,84,6.5,44.4
2021,9,"2021-09-01","JLR","Jabalpur Airport","Jabalpur","Madhya Pradesh",23.1778,80.0522,39583,279,301,27.2,160,84,6.5,45.3
2021,9,"2021-09-01","RPR","Swami Vivekananda Airport","Raipur","Chhattisgarh",21.1803,81.7389,197917,1394,1506,28.1,160,84,6.5,45.9
2021,9,"2021-09-01","DED","Jolly Grant Airport","Dehradun","Uttarakhand",30.1897,78.1803,126667,892,963,24,160,84,6.5,43.2
2021,9,"2021-09-01","PNT","Pantnagar Airport","Pantnagar","Uttarakhand",29.0333,79.4736,7917,56,60,24.5,160,84,6.5,43.5
2021,9,"2021-09-01","IXR","Birsa Munda Airport","Ranchi","Jharkhand",23.3142,85.3217,190000,1338,1445,27.1,320,84,6.5,68.1
2021,9,"2021-09-01","DHO","Deoghar Airport","Deoghar","Jharkhand",24.4439,86.7028,23750,167,180,26.6,320,84,6.5,67.8
2021,9,"2021-09-01","JRG","Veer Surendra Sai Airport","Jharsuguda","Odisha",21.9136,84.0503,23750,167,180,27.7,160,84,6.5,45.7
2021,9,"2021-09-01","DMU","Dimapur Airport","Dimapur","Nagaland",25.8839,93.7711,31667,223,241,26,320,84,6.5,67.3
2021,9,"2021-09-01","SHL","Shillong Airport (Umroi)","Shillong","Meghalaya",25.7036,91.9786,7917,56,60,26,320,84,6.5,67.4
2021,9,"2021-09-01","AJL","Lengpui Airport","Aizawl","Mizoram",23.8406,92.6192,15833,112,121,26.9,320,84,6.5,68
2021,9,"2021-09-01","IXS","Silchar Airport","Silchar","Assam",24.9128,92.9789,31667,223,241,26.4,320,84,6.5,67.6
2021,9,"2021-09-01","DBR","Dibrugarh Airport","Dibrugarh","Assam",27.4839,95.0169,87083,613,662,25.2,320,84,6.5,66.9
2021,9,"2021-09-01","JRH","Jorhat Airport","Jorhat","Assam",26.7314,94.1758,23750,167,180,25.6,320,84,6.5,67.1
2021,9,"2021-09-01","TEZ","Tezpur Airport","Tezpur","Assam",26.7092,92.7872,7917,56,60,25.6,320,84,6.5,67.1
2021,9,"2021-09-01","IXT","Pakyong Airport","Pakyong","Sikkim",27.2344,88.5886,3958,28,30,25.3,320,84,6.5,66.9
2021,9,"2021-09-01","IXZ","Veer Savarkar International Airport","Port Blair","Andaman and Nicobar Islands",11.6411,92.7297,134583,948,1024,32.4,160,84,6.5,48.8
2021,9,"2021-09-01","PYB","Jeypore Airport","Jeypore","Odisha",18.88,82.553,3958,28,30,29.1,160,84,6.5,46.6
2021,9,"2021-09-01","HYT","Donyi Polo Airport (Itanagar)","Hollongi","Arunachal Pradesh",26.96,93.64,15833,112,121,25.5,320,84,6.5,67
2021,9,"2021-09-01","RMD","Ramagundam Airport","Ramagundam","Telangana",18.78,79.44,1583,11,12,29.1,160,84,6.5,46.6
2021,10,"2021-10-01","DEL","Indira Gandhi International Airport","New Delhi","Delhi",28.5562,77.1,5867752,41322,44628,24.7,18.5,65,7.3,24
2021,10,"2021-10-01","BOM","Chhatrapati Shivaji Maharaj International Airport","Mumbai","Maharashtra",19.0896,72.8656,4113805,28970,31288,29,18.5,65,7.3,26.8
2021,10,"2021-10-01","BLR","Kempegowda International Airport","Bengaluru","Karnataka",13.1986,77.7066,2989684,21054,22738,31.7,210,65,7.3,56
2021,10,"2021-10-01","MAA","Chennai International Airport","Chennai","Tamil Nadu",12.9941,80.1709,1682195,11846,12794,31.8,210,65,7.3,56
2021,10,"2021-10-01","HYD","Rajiv Gandhi International Airport","Hyderabad","Telangana",17.2403,78.4294,1993122,14036,15159,29.8,18.5,65,7.3,27.4
2021,10,"2021-10-01","CCU","Netaji Subhash Chandra Bose International Airport","Kolkata","West Bengal",22.6547,88.4467,1578553,11117,12006,27.4,18.5,65,7.3,25.8
2021,10,"2021-10-01","AMD","Sardar Vallabhbhai Patel International Airport","Ahmedabad","Gujarat",23.0772,72.6347,892919,6288,6791,27.2,18.5,65,7.3,25.7
2021,10,"2021-10-01","PNQ","Pune Airport","Pune","Maharashtra",18.5822,73.9197,637799,4492,4851,29.2,18.5,65,7.3,27
2021,10,"2021-10-01","COK","Cochin International Airport","Kochi","Kerala",10.152,76.4019,821166,5783,6246,33,210,65,7.3,56.9
2021,10,"2021-10-01","GOI","Dabolim Airport","Goa","Goa",15.3808,73.8314,669689,4716,5093,30.7,18.5,65,7.3,28
2021,10,"2021-10-01","GOX","Manohar International Airport (MOPA)","Goa","Goa",15.7481,73.8647,334845,2358,2547,30.5,18.5,65,7.3,27.9
2021,10,"2021-10-01","CJB","Coimbatore International Airport","Coimbatore","Tamil Nadu",11.03,77.0434,231202,1628,1758,32.6,210,65,7.3,56.6
2021,10,"2021-10-01","TRZ","Tiruchirappalli International Airport","Tiruchirappalli","Tamil Nadu",10.7654,78.7097,143505,1011,1092,32.8,210,65,7.3,56.7
2021,10,"2021-10-01","IXM","Madurai Airport","Madurai","Tamil Nadu",9.8345,78.0934,111615,786,849,33.2,210,65,7.3,57
2021,10,"2021-10-01","SXV","Salem Airport","Salem","Tamil Nadu",11.7783,78.0647,7972,56,60,32.3,210,65,7.3,56.4
2021,10,"2021-10-01","TCR","Tuticorin Airport","Thoothukudi","Tamil Nadu",8.7242,78.0267,15945,112,121,33.7,210,65,7.3,57.3
2021,10,"2021-10-01","ATQ","Sri Guru Ram Dass Jee International Airport","Amritsar","Punjab",31.7096,74.7973,223230,1572,1698,23.3,18.5,65,7.3,23.1
2021,10,"2021-10-01","IXC","Chandigarh International Airport","Chandigarh","Chandigarh",30.6735,76.7885,287010,2021,2183,23.8,18.5,65,7.3,23.4
2021,10,"2021-10-01","GAU","Lokpriya Gopinath Bordoloi International Airport","Guwahati","Assam",26.1061,91.5859,462404,3256,3516,25.9,18.5,65,7.3,24.7
2021,10,"2021-10-01","JAI","Jaipur International Airport","Jaipur","Rajasthan",26.8242,75.8122,430514,3032,3275,25.5,18.5,65,7.3,24.5
2021,10,"2021-10-01","LKO","Chaudhary Charan Singh International Airport","Lucknow","Uttar Pradesh",26.7606,80.8893,414569,2920,3154,25.6,18.5,65,7.3,24.5
2021,10,"2021-10-01","TRV","Thiruvananthapuram International Airport","Thiruvananthapuram","Kerala",8.4821,76.92,350790,2470,2668,33.8,210,65,7.3,57.4
2021,10,"2021-10-01","CCJ","Calicut International Airport","Kozhikode","Kerala",11.1368,75.9553,255120,1797,1941,32.6,210,65,7.3,56.6
2021,10,"2021-10-01","IXE","Mangaluru International Airport","Mangaluru","Karnataka",12.9613,74.89,151477,1067,1152,31.8,210,65,7.3,56
2021,10,"2021-10-01","PAT","Jay Prakash Narayan Airport","Patna","Bihar",25.5913,85.088,334845,2358,2547,26.1,18.5,65,7.3,24.9
2021,10,"2021-10-01","BBI","Biju Patnaik International Airport","Bhubaneswar","Odisha",20.2444,85.8178,358762,2526,2728,28.5,18.5,65,7.3,26.5
2021,10,"2021-10-01","IDR","Devi Ahilya Bai Holkar Airport","Indore","Madhya Pradesh",22.7217,75.8011,247147,1740,1879,27.4,18.5,65,7.3,25.8
2021,10,"2021-10-01","NAG","Dr. Babasaheb Ambedkar International Airport","Nagpur","Maharashtra",21.0922,79.0472,223230,1572,1698,28.1,18.5,65,7.3,26.2
2021,10,"2021-10-01","IXB","Bagdogra Airport","Siliguri","West Bengal",26.6812,88.3286,247147,1740,1879,25.6,18.5,65,7.3,24.6
2021,10,"2021-10-01","SXR","Sheikh ul-Alam International Airport","Srinagar","Jammu and Kashmir",33.9872,74.7742,350790,2470,2668,22.3,18.5,65,7.3,22.4
2021,10,"2021-10-01","IXJ","Jammu Airport","Jammu","Jammu and Kashmir",32.6892,74.8372,143505,1011,1092,22.9,18.5,65,7.3,22.8
2021,10,"2021-10-01","IXL","Kushok Bakula Rimpochee Airport","Leh","Ladakh",34.1358,77.5464,95670,674,728,22.2,18.5,65,7.3,22.3
2021,10,"2021-10-01","IXA","Maharaja Bir Bikram Airport","Agartala","Tripura",23.887,91.2405,119587,842,909,26.9,18.5,65,7.3,25.4
2021,10,"2021-10-01","IMF","Imphal Airport","Imphal","Manipur",24.76,93.8967,95670,674,728,26.5,18.5,65,7.3,25.1
2021,10,"2021-10-01","RJA","Rajahmundry Airport","Rajahmundry","Andhra Pradesh",17.1106,81.8181,31890,225,243,29.9,18.5,65,7.3,27.4
2021,10,"2021-10-01","VTZ","Visakhapatnam Airport","Visakhapatnam","Andhra Pradesh",17.7211,83.2244,223230,1572,1698,29.6,18.5,65,7.3,27.3
2021,10,"2021-10-01","TIR","Tirupati Airport","Tirupati","Andhra Pradesh",13.6325,79.5433,71752,505,545,31.5,210,65,7.3,55.8
2021,10,"2021-10-01","VGA","Vijayawada Airport","Vijayawada","Andhra Pradesh",16.5304,80.7968,87697,618,667,30.2,18.5,65,7.3,27.6
2021,10,"2021-10-01","DHM","Gaggal Airport (Dharamshala)","Kangra","Himachal Pradesh",32.1651,76.2634,23917,168,181,23.1,18.5,65,7.3,22.9
2021,10,"2021-10-01","SLV","Shimla Airport","Shimla","Himachal Pradesh",31.0817,77.0678,7972,56,60,23.6,18.5,65,7.3,23.3
2021,10,"2021-10-01","KUU","Kullu Manali Airport (Bhuntar)","Bhuntar","Himachal Pradesh",31.8767,77.1542,7972,56,60,23.3,18.5,65,7.3,23
2021,10,"2021-10-01","BDQ","Vadodara Airport","Vadodara","Gujarat",22.3361,73.2264,95670,674,728,27.5,18.5,65,7.3,25.9
2021,10,"2021-10-01","STV","Surat Airport","Surat","Gujarat",21.1142,72.7419,103642,730,788,28.1,18.5,65,7.3,26.2
2021,10,"2021-10-01","HSR","Hisar Airport","Hisar","Haryana",29.1794,75.7538,3986,28,30,24.5,18.5,65,7.3,23.8
2021,10,"2021-10-01","GWL","Gwalior Airport","Gwalior","Madhya Pradesh",26.2933,78.2278,31890,225,243,25.8,18.5,65,7.3,24.7
2021,10,"2021-10-01","JLR","Jabalpur Airport","Jabalpur","Madhya Pradesh",23.1778,80.0522,39862,281,303,27.2,18.5,65,7.3,25.6
2021,10,"2021-10-01","RPR","Swami Vivekananda Airport","Raipur","Chhattisgarh",21.1803,81.7389,199312,1404,1516,28.1,18.5,65,7.3,26.2
2021,10,"2021-10-01","DED","Jolly Grant Airport","Dehradun","Uttarakhand",30.1897,78.1803,127560,898,970,24,18.5,65,7.3,23.5
2021,10,"2021-10-01","PNT","Pantnagar Airport","Pantnagar","Uttarakhand",29.0333,79.4736,7972,56,60,24.5,18.5,65,7.3,23.9
2021,10,"2021-10-01","IXR","Birsa Munda Airport","Ranchi","Jharkhand",23.3142,85.3217,191340,1347,1455,27.1,18.5,65,7.3,25.6
2021,10,"2021-10-01","DHO","Deoghar Airport","Deoghar","Jharkhand",24.4439,86.7028,23917,168,181,26.6,18.5,65,7.3,25.2
2021,10,"2021-10-01","JRG","Veer Surendra Sai Airport","Jharsuguda","Odisha",21.9136,84.0503,23917,168,181,27.7,18.5,65,7.3,26
2021,10,"2021-10-01","DMU","Dimapur Airport","Dimapur","Nagaland",25.8839,93.7711,31890,225,243,26,18.5,65,7.3,24.8
2021,10,"2021-10-01","SHL","Shillong Airport (Umroi)","Shillong","Meghalaya",25.7036,91.9786,7972,56,60,26,18.5,65,7.3,24.9
2021,10,"2021-10-01","AJL","Lengpui Airport","Aizawl","Mizoram",23.8406,92.6192,15945,112,121,26.9,18.5,65,7.3,25.4
2021,10,"2021-10-01","IXS","Silchar Airport","Silchar","Assam",24.9128,92.9789,31890,225,243,26.4,18.5,65,7.3,25.1
2021,10,"2021-10-01","DBR","Dibrugarh Airport","Dibrugarh","Assam",27.4839,95.0169,87697,618,667,25.2,18.5,65,7.3,24.3
2021,10,"2021-10-01","JRH","Jorhat Airport","Jorhat","Assam",26.7314,94.1758,23917,168,181,25.6,18.5,65,7.3,24.6
2021,10,"2021-10-01","TEZ","Tezpur Airport","Tezpur","Assam",26.7092,92.7872,7972,56,60,25.6,18.5,65,7.3,24.6
2021,10,"2021-10-01","IXT","Pakyong Airport","Pakyong","Sikkim",27.2344,88.5886,3986,28,30,25.3,18.5,65,7.3,24.4
2021,10,"2021-10-01","IXZ","Veer Savarkar International Airport","Port Blair","Andaman and Nicobar Islands",11.6411,92.7297,135532,954,1030,32.4,210,65,7.3,56.4
2021,10,"2021-10-01","PYB","Jeypore Airport","Jeypore","Odisha",18.88,82.553,3986,28,30,29.1,18.5,65,7.3,26.9
2021,10,"2021-10-01","HYT","Donyi Polo Airport (Itanagar)","Hollongi","Arunachal Pradesh",26.96,93.64,15945,112,121,25.5,18.5,65,7.3,24.5
2021,10,"2021-10-01","RMD","Ramagundam Airport","Ramagundam","Telangana",18.78,79.44,1594,11,12,29.1,18.5,65,7.3,26.9
2021,11,"2021-11-01","DEL","Indira Gandhi International Airport","New Delhi","Delhi",28.5562,77.1,5980000,42113,45482,24.7,18.5,65,9.5,25.5
2021,11,"2021-11-01","BOM","Chhatrapati Shivaji Maharaj International Airport","Mumbai","Maharashtra",19.0896,72.8656,4192500,29525,31887,29,18.5,65,9.5,28.3
2021,11,"2021-11-01","BLR","Kempegowda International Airport","Bengaluru","Karnataka",13.1986,77.7066,3046875,21457,23174,31.7,210,65,9.5,57.4
2021,11,"2021-11-01","MAA","Chennai International Airport","Chennai","Tamil Nadu",12.9941,80.1709,1714375,12073,13039,31.8,210,65,9.5,57.5
2021,11,"2021-11-01","HYD","Rajiv Gandhi International Airport","Hyderabad","Telangana",17.2403,78.4294,2031250,14305,15449,29.8,18.5,65,9.5,28.9
2021,11,"2021-11-01","CCU","Netaji Subhash Chandra Bose International Airport","Kolkata","West Bengal",22.6547,88.4467,1608750,11329,12235,27.4,18.5,65,9.5,27.2
2021,11,"2021-11-01","AMD","Sardar Vallabhbhai Patel International Airport","Ahmedabad","Gujarat",23.0772,72.6347,910000,6408,6921,27.2,18.5,65,9.5,27.1
2021,11,"2021-11-01","PNQ","Pune Airport","Pune","Maharashtra",18.5822,73.9197,650000,4577,4943,29.2,18.5,65,9.5,28.5
2021,11,"2021-11-01","COK","Cochin International Airport","Kochi","Kerala",10.152,76.4019,836875,5893,6364,33,210,65,9.5,58.4
2021,11,"2021-11-01","GOI","Dabolim Airport","Goa","Goa",15.3808,73.8314,682500,4806,5190,30.7,18.5,65,9.5,29.4
2021,11,"2021-11-01","GOX","Manohar International Airport (MOPA)","Goa","Goa",15.7481,73.8647,341250,2403,2595,30.5,18.5,65,9.5,29.3
2021,11,"2021-11-01","CJB","Coimbatore International Airport","Coimbatore","Tamil Nadu",11.03,77.0434,235625,1659,1792,32.6,210,65,9.5,58.1
2021,11,"2021-11-01","TRZ","Tiruchirappalli International Airport","Tiruchirappalli","Tamil Nadu",10.7654,78.7097,146250,1030,1112,32.8,210,65,9.5,58.2
2021,11,"2021-11-01","IXM","Madurai Airport","Madurai","Tamil Nadu",9.8345,78.0934,113750,801,865,33.2,210,65,9.5,58.4
2021,11,"2021-11-01","SXV","Salem Airport","Salem","Tamil Nadu",11.7783,78.0647,8125,57,62,32.3,210,65,9.5,57.9
2021,11,"2021-11-01","TCR","Tuticorin Airport","Thoothukudi","Tamil Nadu",8.7242,78.0267,16250,114,123,33.7,210,65,9.5,58.8
2021,11,"2021-11-01","ATQ","Sri Guru Ram Dass Jee International Airport","Amritsar","Punjab",31.7096,74.7973,227500,1602,1730,23.3,18.5,65,9.5,24.5
2021,11,"2021-11-01","IXC","Chandigarh International Airport","Chandigarh","Chandigarh",30.6735,76.7885,292500,2060,2225,23.8,18.5,65,9.5,24.8
2021,11,"2021-11-01","GAU","Lokpriya Gopinath Bordoloi International Airport","Guwahati","Assam",26.1061,91.5859,471250,3319,3585,25.9,18.5,65,9.5,26.2
2021,11,"2021-11-01","JAI","Jaipur International Airport","Jaipur","Rajasthan",26.8242,75.8122,438750,3090,3337,25.5,18.5,65,9.5,26
2021,11,"2021-11-01","LKO","Chaudhary Charan Singh International Airport","Lucknow","Uttar Pradesh",26.7606,80.8893,422500,2975,3213,25.6,18.5,65,9.5,26
2021,11,"2021-11-01","TRV","Thiruvananthapuram International Airport","Thiruvananthapuram","Kerala",8.4821,76.92,357500,2518,2719,33.8,210,65,9.5,58.9
2021,11,"2021-11-01","CCJ","Calicut International Airport","Kozhikode","Kerala",11.1368,75.9553,260000,1831,1977,32.6,210,65,9.5,58.1
2021,11,"2021-11-01","IXE","Mangaluru International Airport","Mangaluru","Karnataka",12.9613,74.89,154375,1087,1174,31.8,210,65,9.5,57.5
2021,11,"2021-11-01","PAT","Jay Prakash Narayan Airport","Patna","Bihar",25.5913,85.088,341250,2403,2595,26.1,18.5,65,9.5,26.4
2021,11,"2021-11-01","BBI","Biju Patnaik International Airport","Bhubaneswar","Odisha",20.2444,85.8178,365625,2575,2781,28.5,18.5,65,9.5,28
2021,11,"2021-11-01","IDR","Devi Ahilya Bai Holkar Airport","Indore","Madhya Pradesh",22.7217,75.8011,251875,1774,1916,27.4,18.5,65,9.5,27.2
2021,11,"2021-11-01","NAG","Dr. Babasaheb Ambedkar International Airport","Nagpur","Maharashtra",21.0922,79.0472,227500,1602,1730,28.1,18.5,65,9.5,27.7
2021,11,"2021-11-01","IXB","Bagdogra Airport","Siliguri","West Bengal",26.6812,88.3286,251875,1774,1916,25.6,18.5,65,9.5,26
2021,11,"2021-11-01","SXR","Sheikh ul-Alam International Airport","Srinagar","Jammu and Kashmir",33.9872,74.7742,357500,2518,2719,22.3,18.5,65,9.5,23.8
2021,11,"2021-11-01","IXJ","Jammu Airport","Jammu","Jammu and Kashmir",32.6892,74.8372,146250,1030,1112,22.9,18.5,65,9.5,24.2
2021,11,"2021-11-01","IXL","Kushok Bakula Rimpochee Airport","Leh","Ladakh",34.1358,77.5464,97500,687,742,22.2,18.5,65,9.5,23.8
2021,11,"2021-11-01","IXA","Maharaja Bir Bikram Airport","Agartala","Tripura",23.887,91.2405,121875,858,927,26.9,18.5,65,9.5,26.9
2021,11,"2021-11-01","IMF","Imphal Airport","Imphal","Manipur",24.76,93.8967,97500,687,742,26.5,18.5,65,9.5,26.6
2021,11,"2021-11-01","RJA","Rajahmundry Airport","Rajahmundry","Andhra Pradesh",17.1106,81.8181,32500,229,247,29.9,18.5,65,9.5,28.9
2021,11,"2021-11-01","VTZ","Visakhapatnam Airport","Visakhapatnam","Andhra Pradesh",17.7211,83.2244,227500,1602,1730,29.6,18.5,65,9.5,28.7
2021,11,"2021-11-01","TIR","Tirupati Airport","Tirupati","Andhra Pradesh",13.6325,79.5433,73125,515,556,31.5,210,65,9.5,57.3
2021,11,"2021-11-01","VGA","Vijayawada Airport","Vijayawada","Andhra Pradesh",16.5304,80.7968,89375,629,679,30.2,18.5,65,9.5,29.1
2021,11,"2021-11-01","DHM","Gaggal Airport (Dharamshala)","Kangra","Himachal Pradesh",32.1651,76.2634,24375,172,186,23.1,18.5,65,9.5,24.4
2021,11,"2021-11-01","SLV","Shimla Airport","Shimla","Himachal Pradesh",31.0817,77.0678,8125,57,62,23.6,18.5,65,9.5,24.7
2021,11,"2021-11-01","KUU","Kullu Manali Airport (Bhuntar)","Bhuntar","Himachal Pradesh",31.8767,77.1542,8125,57,62,23.3,18.5,65,9.5,24.5
2021,11,"2021-11-01","BDQ","Vadodara Airport","Vadodara","Gujarat",22.3361,73.2264,97500,687,742,27.5,18.5,65,9.5,27.3
2021,11,"2021-11-01","STV","Surat Airport","Surat","Gujarat",21.1142,72.7419,105625,744,804,28.1,18.5,65,9.5,27.7
2021,11,"2021-11-01","HSR","Hisar Airport","Hisar","Haryana",29.1794,75.7538,4062,29,31,24.5,18.5,65,9.5,25.3
2021,11,"2021-11-01","GWL","Gwalior Airport","Gwalior","Madhya Pradesh",26.2933,78.2278,32500,229,247,25.8,18.5,65,9.5,26.2
2021,11,"2021-11-01","JLR","Jabalpur Airport","Jabalpur","Madhya Pradesh",23.1778,80.0522,40625,286,309,27.2,18.5,65,9.5,27.1
2021,11,"2021-11-01","RPR","Swami Vivekananda Airport","Raipur","Chhattisgarh",21.1803,81.7389,203125,1430,1544,28.1,18.5,65,9.5,27.7
2021,11,"2021-11-01","DED","Jolly Grant Airport","Dehradun","Uttarakhand",30.1897,78.1803,130000,915,988,24,18.5,65,9.5,25
2021,11,"2021-11-01","PNT","Pantnagar Airport","Pantnagar","Uttarakhand",29.0333,79.4736,8125,57,62,24.5,18.5,65,9.5,25.3
2021,11,"2021-11-01","IXR","Birsa Munda Airport","Ranchi","Jharkhand",23.3142,85.3217,195000,1373,1483,27.1,18.5,65,9.5,27
2021,11,"2021-11-01","DHO","Deoghar Airport","Deoghar","Jharkhand",24.4439,86.7028,24375,172,186,26.6,18.5,65,9.5,26.7
2021,11,"2021-11-01","JRG","Veer Surendra Sai Airport","Jharsuguda","Odisha",21.9136,84.0503,24375,172,186,27.7,18.5,65,9.5,27.5
2021,11,"2021-11-01","DMU","Dimapur Airport","Dimapur","Nagaland",25.8839,93.7711,32500,229,247,26,18.5,65,9.5,26.3
2021,11,"2021-11-01","SHL","Shillong Airport (Umroi)","Shillong","Meghalaya",25.7036,91.9786,8125,57,62,26,18.5,65,9.5,26.3
2021,11,"2021-11-01","AJL","Lengpui Airport","Aizawl","Mizoram",23.8406,92.6192,16250,114,123,26.9,18.5,65,9.5,26.9
2021,11,"2021-11-01","IXS","Silchar Airport","Silchar","Assam",24.9128,92.9789,32500,229,247,26.4,18.5,65,9.5,26.6
2021,11,"2021-11-01","DBR","Dibrugarh Airport","Dibrugarh","Assam",27.4839,95.0169,89375,629,679,25.2,18.5,65,9.5,25.8
2021,11,"2021-11-01","JRH","Jorhat Airport","Jorhat","Assam",26.7314,94.1758,24375,172,186,25.6,18.5,65,9.5,26
2021,11,"2021-11-01","TEZ","Tezpur Airport","Tezpur","Assam",26.7092,92.7872,8125,57,62,25.6,18.5,65,9.5,26
2021,11,"2021-11-01","IXT","Pakyong Airport","Pakyong","Sikkim",27.2344,88.5886,4062,29,31,25.3,18.5,65,9.5,25.9
2021,11,"2021-11-01","IXZ","Veer Savarkar International Airport","Port Blair","Andaman and Nicobar Islands",11.6411,92.7297,138125,973,1051,32.4,210,65,9.5,57.9
2021,11,"2021-11-01","PYB","Jeypore Airport","Jeypore","Odisha",18.88,82.553,4062,29,31,29.1,18.5,65,9.5,28.4
2021,11,"2021-11-01","HYT","Donyi Polo Airport (Itanagar)","Hollongi","Arunachal Pradesh",26.96,93.64,16250,114,123,25.5,18.5,65,9.5,26
2021,11,"2021-11-01","RMD","Ramagundam Airport","Ramagundam","Telangana",18.78,79.44,1625,11,12,29.1,18.5,65,9.5,28.4
2021,12,"2021-12-01","DEL","Indira Gandhi International Airport","New Delhi","Delhi",28.5562,77.1,6133333,43192,46647,16.7,18.5,65,12.5,22.1
2021,12,"2021-12-01","BOM","Chhatrapati Shivaji Maharaj International Airport","Mumbai","Maharashtra",19.0896,72.8656,4300000,30282,32705,21,18.5,65,12.5,25
2021,12,"2021-12-01","BLR","Kempegowda International Airport","Bengaluru","Karnataka",13.1986,77.7066,3125000,22007,23768,23.7,18.5,65,12.5,26.7
2021,12,"2021-12-01","MAA","Chennai International Airport","Chennai","Tamil Nadu",12.9941,80.1709,1758333,12383,13374,23.8,18.5,65,12.5,26.8
2021,12,"2021-12-01","HYD","Rajiv Gandhi International Airport","Hyderabad","Telangana",17.2403,78.4294,2083333,14671,15845,21.8,18.5,65,12.5,25.5
2021,12,"2021-12-01","CCU","Netaji Subhash Chandra Bose International Airport","Kolkata","West Bengal",22.6547,88.4467,1650000,11620,12550,19.4,18.5,65,12.5,23.9
2021,12,"2021-12-01","AMD","Sardar Vallabhbhai Patel International Airport","Ahmedabad","Gujarat",23.0772,72.6347,933333,6573,7099,19.2,18.5,65,12.5,23.8
2021,12,"2021-12-01","PNQ","Pune Airport","Pune","Maharashtra",18.5822,73.9197,666667,4695,5071,21.2,18.5,65,12.5,25.1
2021,12,"2021-12-01","COK","Cochin International Airport","Kochi","Kerala",10.152,76.4019,858333,6045,6529,25,18.5,65,12.5,27.7
2021,12,"2021-12-01","GOI","Dabolim Airport","Goa","Goa",15.3808,73.8314,7e+05,4930,5324,22.7,18.5,65,12.5,26.1
2021,12,"2021-12-01","GOX","Manohar International Airport (MOPA)","Goa","Goa",15.7481,73.8647,350000,2465,2662,22.5,18.5,65,12.5,26
2021,12,"2021-12-01","CJB","Coimbatore International Airport","Coimbatore","Tamil Nadu",11.03,77.0434,241667,1702,1838,24.6,18.5,65,12.5,27.4
2021,12,"2021-12-01","TRZ","Tiruchirappalli International Airport","Tiruchirappalli","Tamil Nadu",10.7654,78.7097,150000,1056,1140,24.8,18.5,65,12.5,27.5
2021,12,"2021-12-01","IXM","Madurai Airport","Madurai","Tamil Nadu",9.8345,78.0934,116667,822,888,25.2,18.5,65,12.5,27.8
2021,12,"2021-12-01","SXV","Salem Airport","Salem","Tamil Nadu",11.7783,78.0647,8333,59,64,24.3,18.5,65,12.5,27.2
2021,12,"2021-12-01","TCR","Tuticorin Airport","Thoothukudi","Tamil Nadu",8.7242,78.0267,16667,117,126,25.7,18.5,65,12.5,28.1
2021,12,"2021-12-01","ATQ","Sri Guru Ram Dass Jee International Airport","Amritsar","Punjab",31.7096,74.7973,233333,1643,1774,15.3,18.5,65,12.5,21.2
2021,12,"2021-12-01","IXC","Chandigarh International Airport","Chandigarh","Chandigarh",30.6735,76.7885,3e+05,2113,2282,15.8,18.5,65,12.5,21.5
2021,12,"2021-12-01","GAU","Lokpriya Gopinath Bordoloi International Airport","Guwahati","Assam",26.1061,91.5859,483333,3404,3676,17.9,18.5,65,12.5,22.9
2021,12,"2021-12-01","JAI","Jaipur International Airport","Jaipur","Rajasthan",26.8242,75.8122,450000,3169,3423,17.5,18.5,65,12.5,22.7
2021,12,"2021-12-01","LKO","Chaudhary Charan Singh International Airport","Lucknow","Uttar Pradesh",26.7606,80.8893,433333,3052,3296,17.6,18.5,65,12.5,22.7
2021,12,"2021-12-01","TRV","Thiruvananthapuram International Airport","Thiruvananthapuram","Kerala",8.4821,76.92,366667,2582,2789,25.8,18.5,65,12.5,28.2
2021,12,"2021-12-01","CCJ","Calicut International Airport","Kozhikode","Kerala",11.1368,75.9553,266667,1878,2028,24.6,18.5,65,12.5,27.4
2021,12,"2021-12-01","IXE","Mangaluru International Airport","Mangaluru","Karnataka",12.9613,74.89,158333,1115,1204,23.8,18.5,65,12.5,26.8
2021,12,"2021-12-01","PAT","Jay Prakash Narayan Airport","Patna","Bihar",25.5913,85.088,350000,2465,2662,18.1,18.5,65,12.5,23
2021,12,"2021-12-01","BBI","Biju Patnaik International Airport","Bhubaneswar","Odisha",20.2444,85.8178,375000,2641,2852,20.5,18.5,65,12.5,24.6
2021,12,"2021-12-01","IDR","Devi Ahilya Bai Holkar Airport","Indore","Madhya Pradesh",22.7217,75.8011,258333,1819,1965,19.4,18.5,65,12.5,23.9
2021,12,"2021-12-01","NAG","Dr. Babasaheb Ambedkar International Airport","Nagpur","Maharashtra",21.0922,79.0472,233333,1643,1774,20.1,18.5,65,12.5,24.4
2021,12,"2021-12-01","IXB","Bagdogra Airport","Siliguri","West Bengal",26.6812,88.3286,258333,1819,1965,17.6,18.5,65,12.5,22.7
2021,12,"2021-12-01","SXR","Sheikh ul-Alam International Airport","Srinagar","Jammu and Kashmir",33.9872,74.7742,366667,2582,2789,14.3,18.5,65,12.5,20.5
2021,12,"2021-12-01","IXJ","Jammu Airport","Jammu","Jammu and Kashmir",32.6892,74.8372,150000,1056,1140,14.9,18.5,65,12.5,20.9
2021,12,"2021-12-01","IXL","Kushok Bakula Rimpochee Airport","Leh","Ladakh",34.1358,77.5464,1e+05,704,760,14.2,18.5,65,12.5,20.5
2021,12,"2021-12-01","IXA","Maharaja Bir Bikram Airport","Agartala","Tripura",23.887,91.2405,125000,880,950,18.9,18.5,65,12.5,23.5
2021,12,"2021-12-01","IMF","Imphal Airport","Imphal","Manipur",24.76,93.8967,1e+05,704,760,18.5,18.5,65,12.5,23.3
2021,12,"2021-12-01","RJA","Rajahmundry Airport","Rajahmundry","Andhra Pradesh",17.1106,81.8181,33333,235,254,21.9,18.5,65,12.5,25.6
2021,12,"2021-12-01","VTZ","Visakhapatnam Airport","Visakhapatnam","Andhra Pradesh",17.7211,83.2244,233333,1643,1774,21.6,18.5,65,12.5,25.4
2021,12,"2021-12-01","TIR","Tirupati Airport","Tirupati","Andhra Pradesh",13.6325,79.5433,75000,528,570,23.5,18.5,65,12.5,26.6
2021,12,"2021-12-01","VGA","Vijayawada Airport","Vijayawada","Andhra Pradesh",16.5304,80.7968,91667,646,698,22.2,18.5,65,12.5,25.8
2021,12,"2021-12-01","DHM","Gaggal Airport (Dharamshala)","Kangra","Himachal Pradesh",32.1651,76.2634,25000,176,190,15.1,18.5,65,12.5,21.1
2021,12,"2021-12-01","SLV","Shimla Airport","Shimla","Himachal Pradesh",31.0817,77.0678,8333,59,64,15.6,18.5,65,12.5,21.4
2021,12,"2021-12-01","KUU","Kullu Manali Airport (Bhuntar)","Bhuntar","Himachal Pradesh",31.8767,77.1542,8333,59,64,15.3,18.5,65,12.5,21.1
2021,12,"2021-12-01","BDQ","Vadodara Airport","Vadodara","Gujarat",22.3361,73.2264,1e+05,704,760,19.5,18.5,65,12.5,24
2021,12,"2021-12-01","STV","Surat Airport","Surat","Gujarat",21.1142,72.7419,108333,763,824,20.1,18.5,65,12.5,24.4
2021,12,"2021-12-01","HSR","Hisar Airport","Hisar","Haryana",29.1794,75.7538,4167,29,31,16.5,18.5,65,12.5,22
2021,12,"2021-12-01","GWL","Gwalior Airport","Gwalior","Madhya Pradesh",26.2933,78.2278,33333,235,254,17.8,18.5,65,12.5,22.8
2021,12,"2021-12-01","JLR","Jabalpur Airport","Jabalpur","Madhya Pradesh",23.1778,80.0522,41667,293,316,19.2,18.5,65,12.5,23.8
2021,12,"2021-12-01","RPR","Swami Vivekananda Airport","Raipur","Chhattisgarh",21.1803,81.7389,208333,1467,1584,20.1,18.5,65,12.5,24.4
2021,12,"2021-12-01","DED","Jolly Grant Airport","Dehradun","Uttarakhand",30.1897,78.1803,133333,939,1014,16,18.5,65,12.5,21.7
2021,12,"2021-12-01","PNT","Pantnagar Airport","Pantnagar","Uttarakhand",29.0333,79.4736,8333,59,64,16.5,18.5,65,12.5,22
2021,12,"2021-12-01","IXR","Birsa Munda Airport","Ranchi","Jharkhand",23.3142,85.3217,2e+05,1408,1521,19.1,18.5,65,12.5,23.7
2021,12,"2021-12-01","DHO","Deoghar Airport","Deoghar","Jharkhand",24.4439,86.7028,25000,176,190,18.6,18.5,65,12.5,23.4
2021,12,"2021-12-01","JRG","Veer Surendra Sai Airport","Jharsuguda","Odisha",21.9136,84.0503,25000,176,190,19.7,18.5,65,12.5,24.1
2021,12,"2021-12-01","DMU","Dimapur Airport","Dimapur","Nagaland",25.8839,93.7711,33333,235,254,18,18.5,65,12.5,22.9
2021,12,"2021-12-01","SHL","Shillong Airport (Umroi)","Shillong","Meghalaya",25.7036,91.9786,8333,59,64,18,18.5,65,12.5,23
2021,12,"2021-12-01","AJL","Lengpui Airport","Aizawl","Mizoram",23.8406,92.6192,16667,117,126,18.9,18.5,65,12.5,23.6
2021,12,"2021-12-01","IXS","Silchar Airport","Silchar","Assam",24.9128,92.9789,33333,235,254,18.4,18.5,65,12.5,23.2
2021,12,"2021-12-01","DBR","Dibrugarh Airport","Dibrugarh","Assam",27.4839,95.0169,91667,646,698,17.2,18.5,65,12.5,22.5
2021,12,"2021-12-01","JRH","Jorhat Airport","Jorhat","Assam",26.7314,94.1758,25000,176,190,17.6,18.5,65,12.5,22.7
2021,12,"2021-12-01","TEZ","Tezpur Airport","Tezpur","Assam",26.7092,92.7872,8333,59,64,17.6,18.5,65,12.5,22.7
2021,12,"2021-12-01","IXT","Pakyong Airport","Pakyong","Sikkim",27.2344,88.5886,4167,29,31,17.3,18.5,65,12.5,22.5
2021,12,"2021-12-01","IXZ","Veer Savarkar International Airport","Port Blair","Andaman and Nicobar Islands",11.6411,92.7297,141667,998,1078,24.4,18.5,65,12.5,27.2
2021,12,"2021-12-01","PYB","Jeypore Airport","Jeypore","Odisha",18.88,82.553,4167,29,31,21.1,18.5,65,12.5,25
2021,12,"2021-12-01","HYT","Donyi Polo Airport (Itanagar)","Hollongi","Arunachal Pradesh",26.96,93.64,16667,117,126,17.5,18.5,65,12.5,22.6
2021,12,"2021-12-01","RMD","Ramagundam Airport","Ramagundam","Telangana",18.78,79.44,1667,12,13,21.1,18.5,65,12.5,25.1
2022,1,"2022-01-01","DEL","Indira Gandhi International Airport","New Delhi","Delhi",28.5562,77.1,6961333,49023,52945,16.7,18.5,65,15.5,24.1
2022,1,"2022-01-01","BOM","Chhatrapati Shivaji Maharaj International Airport","Mumbai","Maharashtra",19.0896,72.8656,4880500,34370,37120,21,18.5,65,15.5,27
2022,1,"2022-01-01","BLR","Kempegowda International Airport","Bengaluru","Karnataka",13.1986,77.7066,3546875,24978,26976,23.7,18.5,65,15.5,28.7
2022,1,"2022-01-01","MAA","Chennai International Airport","Chennai","Tamil Nadu",12.9941,80.1709,1995708,14054,15178,23.8,18.5,65,15.5,28.8
2022,1,"2022-01-01","HYD","Rajiv Gandhi International Airport","Hyderabad","Telangana",17.2403,78.4294,2364583,16652,17984,21.8,18.5,65,15.5,27.5
2022,1,"2022-01-01","CCU","Netaji Subhash Chandra Bose International Airport","Kolkata","West Bengal",22.6547,88.4467,1872750,13188,14243,19.4,18.5,65,15.5,25.9
2022,1,"2022-01-01","AMD","Sardar Vallabhbhai Patel International Airport","Ahmedabad","Gujarat",23.0772,72.6347,1059333,7460,8057,19.2,18.5,65,15.5,25.8
2022,1,"2022-01-01","PNQ","Pune Airport","Pune","Maharashtra",18.5822,73.9197,756667,5329,5755,21.2,18.5,65,15.5,27.1
2022,1,"2022-01-01","COK","Cochin International Airport","Kochi","Kerala",10.152,76.4019,974208,6861,7410,25,18.5,65,15.5,29.7
2022,1,"2022-01-01","GOI","Dabolim Airport","Goa","Goa",15.3808,73.8314,794500,5595,6043,22.7,18.5,65,15.5,28.1
2022,1,"2022-01-01","GOX","Manohar International Airport (MOPA)","Goa","Goa",15.7481,73.8647,397250,2798,3022,22.5,18.5,65,15.5,28
2022,1,"2022-01-01","CJB","Coimbatore International Airport","Coimbatore","Tamil Nadu",11.03,77.0434,274292,1932,2087,24.6,18.5,65,15.5,29.4
2022,1,"2022-01-01","TRZ","Tiruchirappalli International Airport","Tiruchirappalli","Tamil Nadu",10.7654,78.7097,170250,1199,1295,24.8,18.5,65,15.5,29.5
2022,1,"2022-01-01","IXM","Madurai Airport","Madurai","Tamil Nadu",9.8345,78.0934,132417,933,1008,25.2,18.5,65,15.5,29.8
2022,1,"2022-01-01","SXV","Salem Airport","Salem","Tamil Nadu",11.7783,78.0647,9458,67,72,24.3,18.5,65,15.5,29.2
2022,1,"2022-01-01","TCR","Tuticorin Airport","Thoothukudi","Tamil Nadu",8.7242,78.0267,18917,133,144,25.7,18.5,65,15.5,30.1
2022,1,"2022-01-01","ATQ","Sri Guru Ram Dass Jee International Airport","Amritsar","Punjab",31.7096,74.7973,264833,1865,2014,15.3,18.5,65,15.5,23.2
2022,1,"2022-01-01","IXC","Chandigarh International Airport","Chandigarh","Chandigarh",30.6735,76.7885,340500,2398,2590,15.8,18.5,65,15.5,23.5
2022,1,"2022-01-01","GAU","Lokpriya Gopinath Bordoloi International Airport","Guwahati","Assam",26.1061,91.5859,548583,3863,4172,17.9,18.5,65,15.5,24.9
2022,1,"2022-01-01","JAI","Jaipur International Airport","Jaipur","Rajasthan",26.8242,75.8122,510750,3597,3885,17.5,18.5,65,15.5,24.7
2022,1,"2022-01-01","LKO","Chaudhary Charan Singh International Airport","Lucknow","Uttar Pradesh",26.7606,80.8893,491833,3464,3741,17.6,18.5,65,15.5,24.7
2022,1,"2022-01-01","TRV","Thiruvananthapuram International Airport","Thiruvananthapuram","Kerala",8.4821,76.92,416167,2931,3165,25.8,18.5,65,15.5,30.2
2022,1,"2022-01-01","CCJ","Calicut International Airport","Kozhikode","Kerala",11.1368,75.9553,302667,2131,2301,24.6,18.5,65,15.5,29.4
2022,1,"2022-01-01","IXE","Mangaluru International Airport","Mangaluru","Karnataka",12.9613,74.89,179708,1266,1367,23.8,18.5,65,15.5,28.8
2022,1,"2022-01-01","PAT","Jay Prakash Narayan Airport","Patna","Bihar",25.5913,85.088,397250,2798,3022,18.1,18.5,65,15.5,25
2022,1,"2022-01-01","BBI","Biju Patnaik International Airport","Bhubaneswar","Odisha",20.2444,85.8178,425625,2997,3237,20.5,18.5,65,15.5,26.6
2022,1,"2022-01-01","IDR","Devi Ahilya Bai Holkar Airport","Indore","Madhya Pradesh",22.7217,75.8011,293208,2065,2230,19.4,18.5,65,15.5,25.9
2022,1,"2022-01-01","NAG","Dr. Babasaheb Ambedkar International Airport","Nagpur","Maharashtra",21.0922,79.0472,264833,1865,2014,20.1,18.5,65,15.5,26.4
2022,1,"2022-01-01","IXB","Bagdogra Airport","Siliguri","West Bengal",26.6812,88.3286,293208,2065,2230,17.6,18.5,65,15.5,24.7
2022,1,"2022-01-01","SXR","Sheikh ul-Alam International Airport","Srinagar","Jammu and Kashmir",33.9872,74.7742,416167,2931,3165,14.3,18.5,65,15.5,22.5
2022,1,"2022-01-01","IXJ","Jammu Airport","Jammu","Jammu and Kashmir",32.6892,74.8372,170250,1199,1295,14.9,18.5,65,15.5,22.9
2022,1,"2022-01-01","IXL","Kushok Bakula Rimpochee Airport","Leh","Ladakh",34.1358,77.5464,113500,799,863,14.2,18.5,65,15.5,22.5
2022,1,"2022-01-01","IXA","Maharaja Bir Bikram Airport","Agartala","Tripura",23.887,91.2405,141875,999,1079,18.9,18.5,65,15.5,25.5
2022,1,"2022-01-01","IMF","Imphal Airport","Imphal","Manipur",24.76,93.8967,113500,799,863,18.5,18.5,65,15.5,25.3
2022,1,"2022-01-01","RJA","Rajahmundry Airport","Rajahmundry","Andhra Pradesh",17.1106,81.8181,37833,266,287,21.9,18.5,65,15.5,27.6
2022,1,"2022-01-01","VTZ","Visakhapatnam Airport","Visakhapatnam","Andhra Pradesh",17.7211,83.2244,264833,1865,2014,21.6,18.5,65,15.5,27.4
2022,1,"2022-01-01","TIR","Tirupati Airport","Tirupati","Andhra Pradesh",13.6325,79.5433,85125,599,647,23.5,18.5,65,15.5,28.6
2022,1,"2022-01-01","VGA","Vijayawada Airport","Vijayawada","Andhra Pradesh",16.5304,80.7968,104042,733,792,22.2,18.5,65,15.5,27.8
2022,1,"2022-01-01","DHM","Gaggal Airport (Dharamshala)","Kangra","Himachal Pradesh",32.1651,76.2634,28375,200,216,15.1,18.5,65,15.5,23.1
2022,1,"2022-01-01","SLV","Shimla Airport","Shimla","Himachal Pradesh",31.0817,77.0678,9458,67,72,15.6,18.5,65,15.5,23.4
2022,1,"2022-01-01","KUU","Kullu Manali Airport (Bhuntar)","Bhuntar","Himachal Pradesh",31.8767,77.1542,9458,67,72,15.3,18.5,65,15.5,23.1
2022,1,"2022-01-01","BDQ","Vadodara Airport","Vadodara","Gujarat",22.3361,73.2264,113500,799,863,19.5,18.5,65,15.5,26
2022,1,"2022-01-01","STV","Surat Airport","Surat","Gujarat",21.1142,72.7419,122958,866,935,20.1,18.5,65,15.5,26.4
2022,1,"2022-01-01","HSR","Hisar Airport","Hisar","Haryana",29.1794,75.7538,4729,33,36,16.5,18.5,65,15.5,24
2022,1,"2022-01-01","GWL","Gwalior Airport","Gwalior","Madhya Pradesh",26.2933,78.2278,37833,266,287,17.8,18.5,65,15.5,24.8
2022,1,"2022-01-01","JLR","Jabalpur Airport","Jabalpur","Madhya Pradesh",23.1778,80.0522,47292,333,360,19.2,18.5,65,15.5,25.8
2022,1,"2022-01-01","RPR","Swami Vivekananda Airport","Raipur","Chhattisgarh",21.1803,81.7389,236458,1665,1798,20.1,18.5,65,15.5,26.4
2022,1,"2022-01-01","DED","Jolly Grant Airport","Dehradun","Uttarakhand",30.1897,78.1803,151333,1066,1151,16,18.5,65,15.5,23.7
2022,1,"2022-01-01","PNT","Pantnagar Airport","Pantnagar","Uttarakhand",29.0333,79.4736,9458,67,72,16.5,18.5,65,15.5,24
2022,1,"2022-01-01","IXR","Birsa Munda Airport","Ranchi","Jharkhand",23.3142,85.3217,227000,1599,1727,19.1,18.5,65,15.5,25.7
2022,1,"2022-01-01","DHO","Deoghar Airport","Deoghar","Jharkhand",24.4439,86.7028,28375,200,216,18.6,18.5,65,15.5,25.4
2022,1,"2022-01-01","JRG","Veer Surendra Sai Airport","Jharsuguda","Odisha",21.9136,84.0503,28375,200,216,19.7,18.5,65,15.5,26.1
2022,1,"2022-01-01","DMU","Dimapur Airport","Dimapur","Nagaland",25.8839,93.7711,37833,266,287,18,18.5,65,15.5,24.9
2022,1,"2022-01-01","SHL","Shillong Airport (Umroi)","Shillong","Meghalaya",25.7036,91.9786,9458,67,72,18,18.5,65,15.5,25
2022,1,"2022-01-01","AJL","Lengpui Airport","Aizawl","Mizoram",23.8406,92.6192,18917,133,144,18.9,18.5,65,15.5,25.6
2022,1,"2022-01-01","IXS","Silchar Airport","Silchar","Assam",24.9128,92.9789,37833,266,287,18.4,18.5,65,15.5,25.2
2022,1,"2022-01-01","DBR","Dibrugarh Airport","Dibrugarh","Assam",27.4839,95.0169,104042,733,792,17.2,18.5,65,15.5,24.5
2022,1,"2022-01-01","JRH","Jorhat Airport","Jorhat","Assam",26.7314,94.1758,28375,200,216,17.6,18.5,65,15.5,24.7
2022,1,"2022-01-01","TEZ","Tezpur Airport","Tezpur","Assam",26.7092,92.7872,9458,67,72,17.6,18.5,65,15.5,24.7
2022,1,"2022-01-01","IXT","Pakyong Airport","Pakyong","Sikkim",27.2344,88.5886,4729,33,36,17.3,18.5,65,15.5,24.5
2022,1,"2022-01-01","IXZ","Veer Savarkar International Airport","Port Blair","Andaman and Nicobar Islands",11.6411,92.7297,160792,1132,1223,24.4,18.5,65,15.5,29.2
2022,1,"2022-01-01","PYB","Jeypore Airport","Jeypore","Odisha",18.88,82.553,4729,33,36,21.1,18.5,65,15.5,27
2022,1,"2022-01-01","HYT","Donyi Polo Airport (Itanagar)","Hollongi","Arunachal Pradesh",26.96,93.64,18917,133,144,17.5,18.5,65,15.5,24.6
2022,1,"2022-01-01","RMD","Ramagundam Airport","Ramagundam","Telangana",18.78,79.44,1892,13,14,21.1,18.5,65,15.5,27.1
2022,2,"2022-02-01","DEL","Indira Gandhi International Airport","New Delhi","Delhi",28.5562,77.1,7073581,49814,53799,16.7,18.5,65,17.7,25.6
2022,2,"2022-02-01","BOM","Chhatrapati Shivaji Maharaj International Airport","Mumbai","Maharashtra",19.0896,72.8656,4959195,34924,37718,21,18.5,65,17.7,28.4
2022,2,"2022-02-01","BLR","Kempegowda International Airport","Bengaluru","Karnataka",13.1986,77.7066,3604066,25381,27411,23.7,18.5,65,17.7,30.2
2022,2,"2022-02-01","MAA","Chennai International Airport","Chennai","Tamil Nadu",12.9941,80.1709,2027888,14281,15423,23.8,18.5,65,17.7,30.3
2022,2,"2022-02-01","HYD","Rajiv Gandhi International Airport","Hyderabad","Telangana",17.2403,78.4294,2402711,16920,18274,21.8,18.5,65,17.7,29
2022,2,"2022-02-01","CCU","Netaji Subhash Chandra Bose International Airport","Kolkata","West Bengal",22.6547,88.4467,1902947,13401,14473,19.4,18.5,65,17.7,27.4
2022,2,"2022-02-01","AMD","Sardar Vallabhbhai Patel International Airport","Ahmedabad","Gujarat",23.0772,72.6347,1076415,7580,8186,19.2,18.5,65,17.7,27.3
2022,2,"2022-02-01","PNQ","Pune Airport","Pune","Maharashtra",18.5822,73.9197,768868,5415,5848,21.2,18.5,65,17.7,28.6
2022,2,"2022-02-01","COK","Cochin International Airport","Kochi","Kerala",10.152,76.4019,989917,6971,7529,25,18.5,65,17.7,31.1
2022,2,"2022-02-01","GOI","Dabolim Airport","Goa","Goa",15.3808,73.8314,807311,5685,6140,22.7,18.5,65,17.7,29.6
2022,2,"2022-02-01","GOX","Manohar International Airport (MOPA)","Goa","Goa",15.7481,73.8647,403655,2843,3070,22.5,18.5,65,17.7,29.5
2022,2,"2022-02-01","CJB","Coimbatore International Airport","Coimbatore","Tamil Nadu",11.03,77.0434,278714,1963,2120,24.6,18.5,65,17.7,30.9
2022,2,"2022-02-01","TRZ","Tiruchirappalli International Airport","Tiruchirappalli","Tamil Nadu",10.7654,78.7097,172995,1218,1315,24.8,18.5,65,17.7,30.9
2022,2,"2022-02-01","IXM","Madurai Airport","Madurai","Tamil Nadu",9.8345,78.0934,134552,948,1024,25.2,18.5,65,17.7,31.2
2022,2,"2022-02-01","SXV","Salem Airport","Salem","Tamil Nadu",11.7783,78.0647,9611,68,73,24.3,18.5,65,17.7,30.6
2022,2,"2022-02-01","TCR","Tuticorin Airport","Thoothukudi","Tamil Nadu",8.7242,78.0267,19222,135,146,25.7,18.5,65,17.7,31.6
2022,2,"2022-02-01","ATQ","Sri Guru Ram Dass Jee International Airport","Amritsar","Punjab",31.7096,74.7973,269104,1895,2047,15.3,18.5,65,17.7,24.7
2022,2,"2022-02-01","IXC","Chandigarh International Airport","Chandigarh","Chandigarh",30.6735,76.7885,345990,2437,2632,15.8,18.5,65,17.7,25
2022,2,"2022-02-01","GAU","Lokpriya Gopinath Bordoloi International Airport","Guwahati","Assam",26.1061,91.5859,557429,3926,4240,17.9,18.5,65,17.7,26.3
2022,2,"2022-02-01","JAI","Jaipur International Airport","Jaipur","Rajasthan",26.8242,75.8122,518986,3655,3947,17.5,18.5,65,17.7,26.1
2022,2,"2022-02-01","LKO","Chaudhary Charan Singh International Airport","Lucknow","Uttar Pradesh",26.7606,80.8893,499764,3519,3801,17.6,18.5,65,17.7,26.1
2022,2,"2022-02-01","TRV","Thiruvananthapuram International Airport","Thiruvananthapuram","Kerala",8.4821,76.92,422877,2978,3216,25.8,18.5,65,17.7,31.6
2022,2,"2022-02-01","CCJ","Calicut International Airport","Kozhikode","Kerala",11.1368,75.9553,307547,2166,2339,24.6,18.5,65,17.7,30.8
2022,2,"2022-02-01","IXE","Mangaluru International Airport","Mangaluru","Karnataka",12.9613,74.89,182606,1286,1389,23.8,18.5,65,17.7,30.3
2022,2,"2022-02-01","PAT","Jay Prakash Narayan Airport","Patna","Bihar",25.5913,85.088,403655,2843,3070,18.1,18.5,65,17.7,26.5
2022,2,"2022-02-01","BBI","Biju Patnaik International Airport","Bhubaneswar","Odisha",20.2444,85.8178,432488,3046,3290,20.5,18.5,65,17.7,28.1
2022,2,"2022-02-01","IDR","Devi Ahilya Bai Holkar Airport","Indore","Madhya Pradesh",22.7217,75.8011,297936,2098,2266,19.4,18.5,65,17.7,27.4
2022,2,"2022-02-01","NAG","Dr. Babasaheb Ambedkar International Airport","Nagpur","Maharashtra",21.0922,79.0472,269104,1895,2047,20.1,18.5,65,17.7,27.8
2022,2,"2022-02-01","IXB","Bagdogra Airport","Siliguri","West Bengal",26.6812,88.3286,297936,2098,2266,17.6,18.5,65,17.7,26.2
2022,2,"2022-02-01","SXR","Sheikh ul-Alam International Airport","Srinagar","Jammu and Kashmir",33.9872,74.7742,422877,2978,3216,14.3,18.5,65,17.7,24
2022,2,"2022-02-01","IXJ","Jammu Airport","Jammu","Jammu and Kashmir",32.6892,74.8372,172995,1218,1315,14.9,18.5,65,17.7,24.4
2022,2,"2022-02-01","IXL","Kushok Bakula Rimpochee Airport","Leh","Ladakh",34.1358,77.5464,115330,812,877,14.2,18.5,65,17.7,23.9
2022,2,"2022-02-01","IXA","Maharaja Bir Bikram Airport","Agartala","Tripura",23.887,91.2405,144163,1015,1096,18.9,18.5,65,17.7,27
2022,2,"2022-02-01","IMF","Imphal Airport","Imphal","Manipur",24.76,93.8967,115330,812,877,18.5,18.5,65,17.7,26.7
2022,2,"2022-02-01","RJA","Rajahmundry Airport","Rajahmundry","Andhra Pradesh",17.1106,81.8181,38443,271,293,21.9,18.5,65,17.7,29
2022,2,"2022-02-01","VTZ","Visakhapatnam Airport","Visakhapatnam","Andhra Pradesh",17.7211,83.2244,269104,1895,2047,21.6,18.5,65,17.7,28.9
2022,2,"2022-02-01","TIR","Tirupati Airport","Tirupati","Andhra Pradesh",13.6325,79.5433,86498,609,658,23.5,18.5,65,17.7,30.1
2022,2,"2022-02-01","VGA","Vijayawada Airport","Vijayawada","Andhra Pradesh",16.5304,80.7968,105719,744,804,22.2,18.5,65,17.7,29.2
2022,2,"2022-02-01","DHM","Gaggal Airport (Dharamshala)","Kangra","Himachal Pradesh",32.1651,76.2634,28833,203,219,15.1,18.5,65,17.7,24.5
2022,2,"2022-02-01","SLV","Shimla Airport","Shimla","Himachal Pradesh",31.0817,77.0678,9611,68,73,15.6,18.5,65,17.7,24.9
2022,2,"2022-02-01","KUU","Kullu Manali Airport (Bhuntar)","Bhuntar","Himachal Pradesh",31.8767,77.1542,9611,68,73,15.3,18.5,65,17.7,24.6
2022,2,"2022-02-01","BDQ","Vadodara Airport","Vadodara","Gujarat",22.3361,73.2264,115330,812,877,19.5,18.5,65,17.7,27.5
2022,2,"2022-02-01","STV","Surat Airport","Surat","Gujarat",21.1142,72.7419,124941,880,950,20.1,18.5,65,17.7,27.8
2022,2,"2022-02-01","HSR","Hisar Airport","Hisar","Haryana",29.1794,75.7538,4805,34,37,16.5,18.5,65,17.7,25.4
2022,2,"2022-02-01","GWL","Gwalior Airport","Gwalior","Madhya Pradesh",26.2933,78.2278,38443,271,293,17.8,18.5,65,17.7,26.3
2022,2,"2022-02-01","JLR","Jabalpur Airport","Jabalpur","Madhya Pradesh",23.1778,80.0522,48054,338,365,19.2,18.5,65,17.7,27.2
2022,2,"2022-02-01","RPR","Swami Vivekananda Airport","Raipur","Chhattisgarh",21.1803,81.7389,240271,1692,1827,20.1,18.5,65,17.7,27.8
2022,2,"2022-02-01","DED","Jolly Grant Airport","Dehradun","Uttarakhand",30.1897,78.1803,153774,1083,1170,16,18.5,65,17.7,25.1
2022,2,"2022-02-01","PNT","Pantnagar Airport","Pantnagar","Uttarakhand",29.0333,79.4736,9611,68,73,16.5,18.5,65,17.7,25.5
2022,2,"2022-02-01","IXR","Birsa Munda Airport","Ranchi","Jharkhand",23.3142,85.3217,230660,1624,1754,19.1,18.5,65,17.7,27.2
2022,2,"2022-02-01","DHO","Deoghar Airport","Deoghar","Jharkhand",24.4439,86.7028,28833,203,219,18.6,18.5,65,17.7,26.8
2022,2,"2022-02-01","JRG","Veer Surendra Sai Airport","Jharsuguda","Odisha",21.9136,84.0503,28833,203,219,19.7,18.5,65,17.7,27.6
2022,2,"2022-02-01","DMU","Dimapur Airport","Dimapur","Nagaland",25.8839,93.7711,38443,271,293,18,18.5,65,17.7,26.4
2022,2,"2022-02-01","SHL","Shillong Airport (Umroi)","Shillong","Meghalaya",25.7036,91.9786,9611,68,73,18,18.5,65,17.7,26.5
2022,2,"2022-02-01","AJL","Lengpui Airport","Aizawl","Mizoram",23.8406,92.6192,19222,135,146,18.9,18.5,65,17.7,27
2022,2,"2022-02-01","IXS","Silchar Airport","Silchar","Assam",24.9128,92.9789,38443,271,293,18.4,18.5,65,17.7,26.7
2022,2,"2022-02-01","DBR","Dibrugarh Airport","Dibrugarh","Assam",27.4839,95.0169,105719,744,804,17.2,18.5,65,17.7,25.9
2022,2,"2022-02-01","JRH","Jorhat Airport","Jorhat","Assam",26.7314,94.1758,28833,203,219,17.6,18.5,65,17.7,26.2
2022,2,"2022-02-01","TEZ","Tezpur Airport","Tezpur","Assam",26.7092,92.7872,9611,68,73,17.6,18.5,65,17.7,26.2
2022,2,"2022-02-01","IXT","Pakyong Airport","Pakyong","Sikkim",27.2344,88.5886,4805,34,37,17.3,18.5,65,17.7,26
2022,2,"2022-02-01","IXZ","Veer Savarkar International Airport","Port Blair","Andaman and Nicobar Islands",11.6411,92.7297,163384,1151,1243,24.4,18.5,65,17.7,30.7
2022,2,"2022-02-01","PYB","Jeypore Airport","Jeypore","Odisha",18.88,82.553,4805,34,37,21.1,18.5,65,17.7,28.5
2022,2,"2022-02-01","HYT","Donyi Polo Airport (Itanagar)","Hollongi","Arunachal Pradesh",26.96,93.64,19222,135,146,17.5,18.5,65,17.7,26.1
2022,2,"2022-02-01","RMD","Ramagundam Airport","Ramagundam","Telangana",18.78,79.44,1922,14,15,21.1,18.5,65,17.7,28.5
2022,3,"2022-03-01","DEL","Indira Gandhi International Airport","New Delhi","Delhi",28.5562,77.1,7114667,50103,54111,29.7,18.5,48,18.5,34.8
2022,3,"2022-03-01","BOM","Chhatrapati Shivaji Maharaj International Airport","Mumbai","Maharashtra",19.0896,72.8656,4988000,35127,37937,34,18.5,48,18.5,37.6
2022,3,"2022-03-01","BLR","Kempegowda International Airport","Bengaluru","Karnataka",13.1986,77.7066,3625000,25528,27570,36.7,18.5,48,18.5,39.4
2022,3,"2022-03-01","MAA","Chennai International Airport","Chennai","Tamil Nadu",12.9941,80.1709,2039667,14364,15513,36.8,18.5,48,18.5,39.5
2022,3,"2022-03-01","HYD","Rajiv Gandhi International Airport","Hyderabad","Telangana",17.2403,78.4294,2416667,17019,18381,34.8,18.5,48,18.5,38.2
2022,3,"2022-03-01","CCU","Netaji Subhash Chandra Bose International Airport","Kolkata","West Bengal",22.6547,88.4467,1914000,13479,14557,32.4,18.5,48,18.5,36.6
2022,3,"2022-03-01","AMD","Sardar Vallabhbhai Patel International Airport","Ahmedabad","Gujarat",23.0772,72.6347,1082667,7624,8234,32.2,18.5,48,18.5,36.5
2022,3,"2022-03-01","PNQ","Pune Airport","Pune","Maharashtra",18.5822,73.9197,773333,5446,5882,34.2,18.5,48,18.5,37.8
2022,3,"2022-03-01","COK","Cochin International Airport","Kochi","Kerala",10.152,76.4019,995667,7012,7573,38,18.5,48,18.5,40.3
2022,3,"2022-03-01","GOI","Dabolim Airport","Goa","Goa",15.3808,73.8314,812000,5718,6175,35.7,18.5,48,18.5,38.8
2022,3,"2022-03-01","GOX","Manohar International Airport (MOPA)","Goa","Goa",15.7481,73.8647,406000,2859,3088,35.5,18.5,48,18.5,38.7
2022,3,"2022-03-01","CJB","Coimbatore International Airport","Coimbatore","Tamil Nadu",11.03,77.0434,280333,1974,2132,37.6,18.5,48,18.5,40.1
2022,3,"2022-03-01","TRZ","Tiruchirappalli International Airport","Tiruchirappalli","Tamil Nadu",10.7654,78.7097,174000,1225,1323,37.8,18.5,48,18.5,40.1
2022,3,"2022-03-01","IXM","Madurai Airport","Madurai","Tamil Nadu",9.8345,78.0934,135333,953,1029,38.2,18.5,48,18.5,40.4
2022,3,"2022-03-01","SXV","Salem Airport","Salem","Tamil Nadu",11.7783,78.0647,9667,68,73,37.3,18.5,48,18.5,39.8
2022,3,"2022-03-01","TCR","Tuticorin Airport","Thoothukudi","Tamil Nadu",8.7242,78.0267,19333,136,147,38.7,18.5,48,18.5,40.8
2022,3,"2022-03-01","ATQ","Sri Guru Ram Dass Jee International Airport","Amritsar","Punjab",31.7096,74.7973,270667,1906,2058,28.3,18.5,48,18.5,33.9
2022,3,"2022-03-01","IXC","Chandigarh International Airport","Chandigarh","Chandigarh",30.6735,76.7885,348000,2451,2647,28.8,18.5,48,18.5,34.2
2022,3,"2022-03-01","GAU","Lokpriya Gopinath Bordoloi International Airport","Guwahati","Assam",26.1061,91.5859,560667,3948,4264,30.9,18.5,48,18.5,35.5
2022,3,"2022-03-01","JAI","Jaipur International Airport","Jaipur","Rajasthan",26.8242,75.8122,522000,3676,3970,30.5,18.5,48,18.5,35.3
2022,3,"2022-03-01","LKO","Chaudhary Charan Singh International Airport","Lucknow","Uttar Pradesh",26.7606,80.8893,502667,3540,3823,30.6,18.5,48,18.5,35.3
2022,3,"2022-03-01","TRV","Thiruvananthapuram International Airport","Thiruvananthapuram","Kerala",8.4821,76.92,425333,2995,3235,38.8,18.5,48,18.5,40.8
2022,3,"2022-03-01","CCJ","Calicut International Airport","Kozhikode","Kerala",11.1368,75.9553,309333,2178,2352,37.6,18.5,48,18.5,40
2022,3,"2022-03-01","IXE","Mangaluru International Airport","Mangaluru","Karnataka",12.9613,74.89,183667,1293,1396,36.8,18.5,48,18.5,39.5
2022,3,"2022-03-01","PAT","Jay Prakash Narayan Airport","Patna","Bihar",25.5913,85.088,406000,2859,3088,31.1,18.5,48,18.5,35.7
2022,3,"2022-03-01","BBI","Biju Patnaik International Airport","Bhubaneswar","Odisha",20.2444,85.8178,435000,3063,3308,33.5,18.5,48,18.5,37.3
2022,3,"2022-03-01","IDR","Devi Ahilya Bai Holkar Airport","Indore","Madhya Pradesh",22.7217,75.8011,299667,2110,2279,32.4,18.5,48,18.5,36.6
2022,3,"2022-03-01","NAG","Dr. Babasaheb Ambedkar International Airport","Nagpur","Maharashtra",21.0922,79.0472,270667,1906,2058,33.1,18.5,48,18.5,37
2022,3,"2022-03-01","IXB","Bagdogra Airport","Siliguri","West Bengal",26.6812,88.3286,299667,2110,2279,30.6,18.5,48,18.5,35.4
2022,3,"2022-03-01","SXR","Sheikh ul-Alam International Airport","Srinagar","Jammu and Kashmir",33.9872,74.7742,425333,2995,3235,27.3,18.5,48,18.5,33.2
2022,3,"2022-03-01","IXJ","Jammu Airport","Jammu","Jammu and Kashmir",32.6892,74.8372,174000,1225,1323,27.9,18.5,48,18.5,33.6
2022,3,"2022-03-01","IXL","Kushok Bakula Rimpochee Airport","Leh","Ladakh",34.1358,77.5464,116000,817,882,27.2,18.5,48,18.5,33.1
2022,3,"2022-03-01","IXA","Maharaja Bir Bikram Airport","Agartala","Tripura",23.887,91.2405,145000,1021,1103,31.9,18.5,48,18.5,36.2
2022,3,"2022-03-01","IMF","Imphal Airport","Imphal","Manipur",24.76,93.8967,116000,817,882,31.5,18.5,48,18.5,35.9
2022,3,"2022-03-01","RJA","Rajahmundry Airport","Rajahmundry","Andhra Pradesh",17.1106,81.8181,38667,272,294,34.9,18.5,48,18.5,38.2
2022,3,"2022-03-01","VTZ","Visakhapatnam Airport","Visakhapatnam","Andhra Pradesh",17.7211,83.2244,270667,1906,2058,34.6,18.5,48,18.5,38.1
2022,3,"2022-03-01","TIR","Tirupati Airport","Tirupati","Andhra Pradesh",13.6325,79.5433,87000,613,662,36.5,18.5,48,18.5,39.3
2022,3,"2022-03-01","VGA","Vijayawada Airport","Vijayawada","Andhra Pradesh",16.5304,80.7968,106333,749,809,35.2,18.5,48,18.5,38.4
2022,3,"2022-03-01","DHM","Gaggal Airport (Dharamshala)","Kangra","Himachal Pradesh",32.1651,76.2634,29000,204,220,28.1,18.5,48,18.5,33.7
2022,3,"2022-03-01","SLV","Shimla Airport","Shimla","Himachal Pradesh",31.0817,77.0678,9667,68,73,28.6,18.5,48,18.5,34.1
2022,3,"2022-03-01","KUU","Kullu Manali Airport (Bhuntar)","Bhuntar","Himachal Pradesh",31.8767,77.1542,9667,68,73,28.3,18.5,48,18.5,33.8
2022,3,"2022-03-01","BDQ","Vadodara Airport","Vadodara","Gujarat",22.3361,73.2264,116000,817,882,32.5,18.5,48,18.5,36.7
2022,3,"2022-03-01","STV","Surat Airport","Surat","Gujarat",21.1142,72.7419,125667,885,956,33.1,18.5,48,18.5,37
2022,3,"2022-03-01","HSR","Hisar Airport","Hisar","Haryana",29.1794,75.7538,4833,34,37,29.5,18.5,48,18.5,34.6
2022,3,"2022-03-01","GWL","Gwalior Airport","Gwalior","Madhya Pradesh",26.2933,78.2278,38667,272,294,30.8,18.5,48,18.5,35.5
2022,3,"2022-03-01","JLR","Jabalpur Airport","Jabalpur","Madhya Pradesh",23.1778,80.0522,48333,340,367,32.2,18.5,48,18.5,36.4
2022,3,"2022-03-01","RPR","Swami Vivekananda Airport","Raipur","Chhattisgarh",21.1803,81.7389,241667,1702,1838,33.1,18.5,48,18.5,37
2022,3,"2022-03-01","DED","Jolly Grant Airport","Dehradun","Uttarakhand",30.1897,78.1803,154667,1089,1176,29,18.5,48,18.5,34.3
2022,3,"2022-03-01","PNT","Pantnagar Airport","Pantnagar","Uttarakhand",29.0333,79.4736,9667,68,73,29.5,18.5,48,18.5,34.7
2022,3,"2022-03-01","IXR","Birsa Munda Airport","Ranchi","Jharkhand",23.3142,85.3217,232000,1634,1765,32.1,18.5,48,18.5,36.4
2022,3,"2022-03-01","DHO","Deoghar Airport","Deoghar","Jharkhand",24.4439,86.7028,29000,204,220,31.6,18.5,48,18.5,36
2022,3,"2022-03-01","JRG","Veer Surendra Sai Airport","Jharsuguda","Odisha",21.9136,84.0503,29000,204,220,32.7,18.5,48,18.5,36.8
2022,3,"2022-03-01","DMU","Dimapur Airport","Dimapur","Nagaland",25.8839,93.7711,38667,272,294,31,18.5,48,18.5,35.6
2022,3,"2022-03-01","SHL","Shillong Airport (Umroi)","Shillong","Meghalaya",25.7036,91.9786,9667,68,73,31,18.5,48,18.5,35.7
2022,3,"2022-03-01","AJL","Lengpui Airport","Aizawl","Mizoram",23.8406,92.6192,19333,136,147,31.9,18.5,48,18.5,36.2
2022,3,"2022-03-01","IXS","Silchar Airport","Silchar","Assam",24.9128,92.9789,38667,272,294,31.4,18.5,48,18.5,35.9
2022,3,"2022-03-01","DBR","Dibrugarh Airport","Dibrugarh","Assam",27.4839,95.0169,106333,749,809,30.2,18.5,48,18.5,35.1
2022,3,"2022-03-01","JRH","Jorhat Airport","Jorhat","Assam",26.7314,94.1758,29000,204,220,30.6,18.5,48,18.5,35.4
2022,3,"2022-03-01","TEZ","Tezpur Airport","Tezpur","Assam",26.7092,92.7872,9667,68,73,30.6,18.5,48,18.5,35.4
2022,3,"2022-03-01","IXT","Pakyong Airport","Pakyong","Sikkim",27.2344,88.5886,4833,34,37,30.3,18.5,48,18.5,35.2
2022,3,"2022-03-01","IXZ","Veer Savarkar International Airport","Port Blair","Andaman and Nicobar Islands",11.6411,92.7297,164333,1157,1250,37.4,18.5,48,18.5,39.9
2022,3,"2022-03-01","PYB","Jeypore Airport","Jeypore","Odisha",18.88,82.553,4833,34,37,34.1,18.5,48,18.5,37.7
2022,3,"2022-03-01","HYT","Donyi Polo Airport (Itanagar)","Hollongi","Arunachal Pradesh",26.96,93.64,19333,136,147,30.5,18.5,48,18.5,35.3
2022,3,"2022-03-01","RMD","Ramagundam Airport","Ramagundam","Telangana",18.78,79.44,1933,14,15,34.1,18.5,48,18.5,37.7
2022,4,"2022-04-01","DEL","Indira Gandhi International Airport","New Delhi","Delhi",28.5562,77.1,7073581,49814,53799,29.7,18.5,48,17.7,34.3
2022,4,"2022-04-01","BOM","Chhatrapati Shivaji Maharaj International Airport","Mumbai","Maharashtra",19.0896,72.8656,4959195,34924,37718,34,18.5,48,17.7,37.1
2022,4,"2022-04-01","BLR","Kempegowda International Airport","Bengaluru","Karnataka",13.1986,77.7066,3604066,25381,27411,36.7,18.5,48,17.7,38.9
2022,4,"2022-04-01","MAA","Chennai International Airport","Chennai","Tamil Nadu",12.9941,80.1709,2027888,14281,15423,36.8,18.5,48,17.7,38.9
2022,4,"2022-04-01","HYD","Rajiv Gandhi International Airport","Hyderabad","Telangana",17.2403,78.4294,2402711,16920,18274,34.8,18.5,48,17.7,37.7
2022,4,"2022-04-01","CCU","Netaji Subhash Chandra Bose International Airport","Kolkata","West Bengal",22.6547,88.4467,1902947,13401,14473,32.4,18.5,48,17.7,36
2022,4,"2022-04-01","AMD","Sardar Vallabhbhai Patel International Airport","Ahmedabad","Gujarat",23.0772,72.6347,1076415,7580,8186,32.2,18.5,48,17.7,35.9
2022,4,"2022-04-01","PNQ","Pune Airport","Pune","Maharashtra",18.5822,73.9197,768868,5415,5848,34.2,18.5,48,17.7,37.3
2022,4,"2022-04-01","COK","Cochin International Airport","Kochi","Kerala",10.152,76.4019,989917,6971,7529,38,18.5,48,17.7,39.8
2022,4,"2022-04-01","GOI","Dabolim Airport","Goa","Goa",15.3808,73.8314,807311,5685,6140,35.7,18.5,48,17.7,38.2
2022,4,"2022-04-01","GOX","Manohar International Airport (MOPA)","Goa","Goa",15.7481,73.8647,403655,2843,3070,35.5,18.5,48,17.7,38.1
2022,4,"2022-04-01","CJB","Coimbatore International Airport","Coimbatore","Tamil Nadu",11.03,77.0434,278714,1963,2120,37.6,18.5,48,17.7,39.5
2022,4,"2022-04-01","TRZ","Tiruchirappalli International Airport","Tiruchirappalli","Tamil Nadu",10.7654,78.7097,172995,1218,1315,37.8,18.5,48,17.7,39.6
2022,4,"2022-04-01","IXM","Madurai Airport","Madurai","Tamil Nadu",9.8345,78.0934,134552,948,1024,38.2,18.5,48,17.7,39.9
2022,4,"2022-04-01","SXV","Salem Airport","Salem","Tamil Nadu",11.7783,78.0647,9611,68,73,37.3,18.5,48,17.7,39.3
2022,4,"2022-04-01","TCR","Tuticorin Airport","Thoothukudi","Tamil Nadu",8.7242,78.0267,19222,135,146,38.7,18.5,48,17.7,40.2
2022,4,"2022-04-01","ATQ","Sri Guru Ram Dass Jee International Airport","Amritsar","Punjab",31.7096,74.7973,269104,1895,2047,28.3,18.5,48,17.7,33.3
2022,4,"2022-04-01","IXC","Chandigarh International Airport","Chandigarh","Chandigarh",30.6735,76.7885,345990,2437,2632,28.8,18.5,48,17.7,33.6
2022,4,"2022-04-01","GAU","Lokpriya Gopinath Bordoloi International Airport","Guwahati","Assam",26.1061,91.5859,557429,3926,4240,30.9,18.5,48,17.7,35
2022,4,"2022-04-01","JAI","Jaipur International Airport","Jaipur","Rajasthan",26.8242,75.8122,518986,3655,3947,30.5,18.5,48,17.7,34.8
2022,4,"2022-04-01","LKO","Chaudhary Charan Singh International Airport","Lucknow","Uttar Pradesh",26.7606,80.8893,499764,3519,3801,30.6,18.5,48,17.7,34.8
2022,4,"2022-04-01","TRV","Thiruvananthapuram International Airport","Thiruvananthapuram","Kerala",8.4821,76.92,422877,2978,3216,38.8,18.5,48,17.7,40.3
2022,4,"2022-04-01","CCJ","Calicut International Airport","Kozhikode","Kerala",11.1368,75.9553,307547,2166,2339,37.6,18.5,48,17.7,39.5
2022,4,"2022-04-01","IXE","Mangaluru International Airport","Mangaluru","Karnataka",12.9613,74.89,182606,1286,1389,36.8,18.5,48,17.7,39
2022,4,"2022-04-01","PAT","Jay Prakash Narayan Airport","Patna","Bihar",25.5913,85.088,403655,2843,3070,31.1,18.5,48,17.7,35.2
2022,4,"2022-04-01","BBI","Biju Patnaik International Airport","Bhubaneswar","Odisha",20.2444,85.8178,432488,3046,3290,33.5,18.5,48,17.7,36.8
2022,4,"2022-04-01","IDR","Devi Ahilya Bai Holkar Airport","Indore","Madhya Pradesh",22.7217,75.8011,297936,2098,2266,32.4,18.5,48,17.7,36
2022,4,"2022-04-01","NAG","Dr. Babasaheb Ambedkar International Airport","Nagpur","Maharashtra",21.0922,79.0472,269104,1895,2047,33.1,18.5,48,17.7,36.5
2022,4,"2022-04-01","IXB","Bagdogra Airport","Siliguri","West Bengal",26.6812,88.3286,297936,2098,2266,30.6,18.5,48,17.7,34.8
2022,4,"2022-04-01","SXR","Sheikh ul-Alam International Airport","Srinagar","Jammu and Kashmir",33.9872,74.7742,422877,2978,3216,27.3,18.5,48,17.7,32.6
2022,4,"2022-04-01","IXJ","Jammu Airport","Jammu","Jammu and Kashmir",32.6892,74.8372,172995,1218,1315,27.9,18.5,48,17.7,33
2022,4,"2022-04-01","IXL","Kushok Bakula Rimpochee Airport","Leh","Ladakh",34.1358,77.5464,115330,812,877,27.2,18.5,48,17.7,32.6
2022,4,"2022-04-01","IXA","Maharaja Bir Bikram Airport","Agartala","Tripura",23.887,91.2405,144163,1015,1096,31.9,18.5,48,17.7,35.7
2022,4,"2022-04-01","IMF","Imphal Airport","Imphal","Manipur",24.76,93.8967,115330,812,877,31.5,18.5,48,17.7,35.4
2022,4,"2022-04-01","RJA","Rajahmundry Airport","Rajahmundry","Andhra Pradesh",17.1106,81.8181,38443,271,293,34.9,18.5,48,17.7,37.7
2022,4,"2022-04-01","VTZ","Visakhapatnam Airport","Visakhapatnam","Andhra Pradesh",17.7211,83.2244,269104,1895,2047,34.6,18.5,48,17.7,37.5
2022,4,"2022-04-01","TIR","Tirupati Airport","Tirupati","Andhra Pradesh",13.6325,79.5433,86498,609,658,36.5,18.5,48,17.7,38.8
2022,4,"2022-04-01","VGA","Vijayawada Airport","Vijayawada","Andhra Pradesh",16.5304,80.7968,105719,744,804,35.2,18.5,48,17.7,37.9
2022,4,"2022-04-01","DHM","Gaggal Airport (Dharamshala)","Kangra","Himachal Pradesh",32.1651,76.2634,28833,203,219,28.1,18.5,48,17.7,33.2
2022,4,"2022-04-01","SLV","Shimla Airport","Shimla","Himachal Pradesh",31.0817,77.0678,9611,68,73,28.6,18.5,48,17.7,33.5
2022,4,"2022-04-01","KUU","Kullu Manali Airport (Bhuntar)","Bhuntar","Himachal Pradesh",31.8767,77.1542,9611,68,73,28.3,18.5,48,17.7,33.3
2022,4,"2022-04-01","BDQ","Vadodara Airport","Vadodara","Gujarat",22.3361,73.2264,115330,812,877,32.5,18.5,48,17.7,36.1
2022,4,"2022-04-01","STV","Surat Airport","Surat","Gujarat",21.1142,72.7419,124941,880,950,33.1,18.5,48,17.7,36.5
2022,4,"2022-04-01","HSR","Hisar Airport","Hisar","Haryana",29.1794,75.7538,4805,34,37,29.5,18.5,48,17.7,34.1
2022,4,"2022-04-01","GWL","Gwalior Airport","Gwalior","Madhya Pradesh",26.2933,78.2278,38443,271,293,30.8,18.5,48,17.7,35
2022,4,"2022-04-01","JLR","Jabalpur Airport","Jabalpur","Madhya Pradesh",23.1778,80.0522,48054,338,365,32.2,18.5,48,17.7,35.9
2022,4,"2022-04-01","RPR","Swami Vivekananda Airport","Raipur","Chhattisgarh",21.1803,81.7389,240271,1692,1827,33.1,18.5,48,17.7,36.5
2022,4,"2022-04-01","DED","Jolly Grant Airport","Dehradun","Uttarakhand",30.1897,78.1803,153774,1083,1170,29,18.5,48,17.7,33.8
2022,4,"2022-04-01","PNT","Pantnagar Airport","Pantnagar","Uttarakhand",29.0333,79.4736,9611,68,73,29.5,18.5,48,17.7,34.1
2022,4,"2022-04-01","IXR","Birsa Munda Airport","Ranchi","Jharkhand",23.3142,85.3217,230660,1624,1754,32.1,18.5,48,17.7,35.8
2022,4,"2022-04-01","DHO","Deoghar Airport","Deoghar","Jharkhand",24.4439,86.7028,28833,203,219,31.6,18.5,48,17.7,35.5
2022,4,"2022-04-01","JRG","Veer Surendra Sai Airport","Jharsuguda","Odisha",21.9136,84.0503,28833,203,219,32.7,18.5,48,17.7,36.3
2022,4,"2022-04-01","DMU","Dimapur Airport","Dimapur","Nagaland",25.8839,93.7711,38443,271,293,31,18.5,48,17.7,35.1
2022,4,"2022-04-01","SHL","Shillong Airport (Umroi)","Shillong","Meghalaya",25.7036,91.9786,9611,68,73,31,18.5,48,17.7,35.1
2022,4,"2022-04-01","AJL","Lengpui Airport","Aizawl","Mizoram",23.8406,92.6192,19222,135,146,31.9,18.5,48,17.7,35.7
2022,4,"2022-04-01","IXS","Silchar Airport","Silchar","Assam",24.9128,92.9789,38443,271,293,31.4,18.5,48,17.7,35.4
2022,4,"2022-04-01","DBR","Dibrugarh Airport","Dibrugarh","Assam",27.4839,95.0169,105719,744,804,30.2,18.5,48,17.7,34.6
2022,4,"2022-04-01","JRH","Jorhat Airport","Jorhat","Assam",26.7314,94.1758,28833,203,219,30.6,18.5,48,17.7,34.8
2022,4,"2022-04-01","TEZ","Tezpur Airport","Tezpur","Assam",26.7092,92.7872,9611,68,73,30.6,18.5,48,17.7,34.8
2022,4,"2022-04-01","IXT","Pakyong Airport","Pakyong","Sikkim",27.2344,88.5886,4805,34,37,30.3,18.5,48,17.7,34.7
2022,4,"2022-04-01","IXZ","Veer Savarkar International Airport","Port Blair","Andaman and Nicobar Islands",11.6411,92.7297,163384,1151,1243,37.4,18.5,48,17.7,39.4
2022,4,"2022-04-01","PYB","Jeypore Airport","Jeypore","Odisha",18.88,82.553,4805,34,37,34.1,18.5,48,17.7,37.2
2022,4,"2022-04-01","HYT","Donyi Polo Airport (Itanagar)","Hollongi","Arunachal Pradesh",26.96,93.64,19222,135,146,30.5,18.5,48,17.7,34.8
2022,4,"2022-04-01","RMD","Ramagundam Airport","Ramagundam","Telangana",18.78,79.44,1922,14,15,34.1,18.5,48,17.7,37.2
2022,5,"2022-05-01","DEL","Indira Gandhi International Airport","New Delhi","Delhi",28.5562,77.1,6961333,49023,52945,29.7,18.5,48,15.5,32.8
2022,5,"2022-05-01","BOM","Chhatrapati Shivaji Maharaj International Airport","Mumbai","Maharashtra",19.0896,72.8656,4880500,34370,37120,34,18.5,48,15.5,35.6
2022,5,"2022-05-01","BLR","Kempegowda International Airport","Bengaluru","Karnataka",13.1986,77.7066,3546875,24978,26976,36.7,18.5,48,15.5,37.4
2022,5,"2022-05-01","MAA","Chennai International Airport","Chennai","Tamil Nadu",12.9941,80.1709,1995708,14054,15178,36.8,18.5,48,15.5,37.5
2022,5,"2022-05-01","HYD","Rajiv Gandhi International Airport","Hyderabad","Telangana",17.2403,78.4294,2364583,16652,17984,34.8,18.5,48,15.5,36.2
2022,5,"2022-05-01","CCU","Netaji Subhash Chandra Bose International Airport","Kolkata","West Bengal",22.6547,88.4467,1872750,13188,14243,32.4,18.5,48,15.5,34.6
2022,5,"2022-05-01","AMD","Sardar Vallabhbhai Patel International Airport","Ahmedabad","Gujarat",23.0772,72.6347,1059333,7460,8057,32.2,18.5,48,15.5,34.5
2022,5,"2022-05-01","PNQ","Pune Airport","Pune","Maharashtra",18.5822,73.9197,756667,5329,5755,34.2,18.5,48,15.5,35.8
2022,5,"2022-05-01","COK","Cochin International Airport","Kochi","Kerala",10.152,76.4019,974208,6861,7410,38,18.5,48,15.5,38.3
2022,5,"2022-05-01","GOI","Dabolim Airport","Goa","Goa",15.3808,73.8314,794500,5595,6043,35.7,18.5,48,15.5,36.8
2022,5,"2022-05-01","GOX","Manohar International Airport (MOPA)","Goa","Goa",15.7481,73.8647,397250,2798,3022,35.5,18.5,48,15.5,36.7
2022,5,"2022-05-01","CJB","Coimbatore International Airport","Coimbatore","Tamil Nadu",11.03,77.0434,274292,1932,2087,37.6,18.5,48,15.5,38.1
2022,5,"2022-05-01","TRZ","Tiruchirappalli International Airport","Tiruchirappalli","Tamil Nadu",10.7654,78.7097,170250,1199,1295,37.8,18.5,48,15.5,38.1
2022,5,"2022-05-01","IXM","Madurai Airport","Madurai","Tamil Nadu",9.8345,78.0934,132417,933,1008,38.2,18.5,48,15.5,38.4
2022,5,"2022-05-01","SXV","Salem Airport","Salem","Tamil Nadu",11.7783,78.0647,9458,67,72,37.3,18.5,48,15.5,37.8
2022,5,"2022-05-01","TCR","Tuticorin Airport","Thoothukudi","Tamil Nadu",8.7242,78.0267,18917,133,144,38.7,18.5,48,15.5,38.8
2022,5,"2022-05-01","ATQ","Sri Guru Ram Dass Jee International Airport","Amritsar","Punjab",31.7096,74.7973,264833,1865,2014,28.3,18.5,48,15.5,31.9
2022,5,"2022-05-01","IXC","Chandigarh International Airport","Chandigarh","Chandigarh",30.6735,76.7885,340500,2398,2590,28.8,18.5,48,15.5,32.2
2022,5,"2022-05-01","GAU","Lokpriya Gopinath Bordoloi International Airport","Guwahati","Assam",26.1061,91.5859,548583,3863,4172,30.9,18.5,48,15.5,33.5
2022,5,"2022-05-01","JAI","Jaipur International Airport","Jaipur","Rajasthan",26.8242,75.8122,510750,3597,3885,30.5,18.5,48,15.5,33.3
2022,5,"2022-05-01","LKO","Chaudhary Charan Singh International Airport","Lucknow","Uttar Pradesh",26.7606,80.8893,491833,3464,3741,30.6,18.5,48,15.5,33.3
2022,5,"2022-05-01","TRV","Thiruvananthapuram International Airport","Thiruvananthapuram","Kerala",8.4821,76.92,416167,2931,3165,38.8,18.5,48,15.5,38.8
2022,5,"2022-05-01","CCJ","Calicut International Airport","Kozhikode","Kerala",11.1368,75.9553,302667,2131,2301,37.6,18.5,48,15.5,38
2022,5,"2022-05-01","IXE","Mangaluru International Airport","Mangaluru","Karnataka",12.9613,74.89,179708,1266,1367,36.8,18.5,48,15.5,37.5
2022,5,"2022-05-01","PAT","Jay Prakash Narayan Airport","Patna","Bihar",25.5913,85.088,397250,2798,3022,31.1,18.5,48,15.5,33.7
2022,5,"2022-05-01","BBI","Biju Patnaik International Airport","Bhubaneswar","Odisha",20.2444,85.8178,425625,2997,3237,33.5,18.5,48,15.5,35.3
2022,5,"2022-05-01","IDR","Devi Ahilya Bai Holkar Airport","Indore","Madhya Pradesh",22.7217,75.8011,293208,2065,2230,32.4,18.5,48,15.5,34.6
2022,5,"2022-05-01","NAG","Dr. Babasaheb Ambedkar International Airport","Nagpur","Maharashtra",21.0922,79.0472,264833,1865,2014,33.1,18.5,48,15.5,35
2022,5,"2022-05-01","IXB","Bagdogra Airport","Siliguri","West Bengal",26.6812,88.3286,293208,2065,2230,30.6,18.5,48,15.5,33.4
2022,5,"2022-05-01","SXR","Sheikh ul-Alam International Airport","Srinagar","Jammu and Kashmir",33.9872,74.7742,416167,2931,3165,27.3,18.5,48,15.5,31.2
2022,5,"2022-05-01","IXJ","Jammu Airport","Jammu","Jammu and Kashmir",32.6892,74.8372,170250,1199,1295,27.9,18.5,48,15.5,31.6
2022,5,"2022-05-01","IXL","Kushok Bakula Rimpochee Airport","Leh","Ladakh",34.1358,77.5464,113500,799,863,27.2,18.5,48,15.5,31.1
2022,5,"2022-05-01","IXA","Maharaja Bir Bikram Airport","Agartala","Tripura",23.887,91.2405,141875,999,1079,31.9,18.5,48,15.5,34.2
2022,5,"2022-05-01","IMF","Imphal Airport","Imphal","Manipur",24.76,93.8967,113500,799,863,31.5,18.5,48,15.5,33.9
2022,5,"2022-05-01","RJA","Rajahmundry Airport","Rajahmundry","Andhra Pradesh",17.1106,81.8181,37833,266,287,34.9,18.5,48,15.5,36.2
2022,5,"2022-05-01","VTZ","Visakhapatnam Airport","Visakhapatnam","Andhra Pradesh",17.7211,83.2244,264833,1865,2014,34.6,18.5,48,15.5,36.1
2022,5,"2022-05-01","TIR","Tirupati Airport","Tirupati","Andhra Pradesh",13.6325,79.5433,85125,599,647,36.5,18.5,48,15.5,37.3
2022,5,"2022-05-01","VGA","Vijayawada Airport","Vijayawada","Andhra Pradesh",16.5304,80.7968,104042,733,792,35.2,18.5,48,15.5,36.4
2022,5,"2022-05-01","DHM","Gaggal Airport (Dharamshala)","Kangra","Himachal Pradesh",32.1651,76.2634,28375,200,216,28.1,18.5,48,15.5,31.7
2022,5,"2022-05-01","SLV","Shimla Airport","Shimla","Himachal Pradesh",31.0817,77.0678,9458,67,72,28.6,18.5,48,15.5,32.1
2022,5,"2022-05-01","KUU","Kullu Manali Airport (Bhuntar)","Bhuntar","Himachal Pradesh",31.8767,77.1542,9458,67,72,28.3,18.5,48,15.5,31.8
2022,5,"2022-05-01","BDQ","Vadodara Airport","Vadodara","Gujarat",22.3361,73.2264,113500,799,863,32.5,18.5,48,15.5,34.7
2022,5,"2022-05-01","STV","Surat Airport","Surat","Gujarat",21.1142,72.7419,122958,866,935,33.1,18.5,48,15.5,35
2022,5,"2022-05-01","HSR","Hisar Airport","Hisar","Haryana",29.1794,75.7538,4729,33,36,29.5,18.5,48,15.5,32.6
2022,5,"2022-05-01","GWL","Gwalior Airport","Gwalior","Madhya Pradesh",26.2933,78.2278,37833,266,287,30.8,18.5,48,15.5,33.5
2022,5,"2022-05-01","JLR","Jabalpur Airport","Jabalpur","Madhya Pradesh",23.1778,80.0522,47292,333,360,32.2,18.5,48,15.5,34.4
2022,5,"2022-05-01","RPR","Swami Vivekananda Airport","Raipur","Chhattisgarh",21.1803,81.7389,236458,1665,1798,33.1,18.5,48,15.5,35
2022,5,"2022-05-01","DED","Jolly Grant Airport","Dehradun","Uttarakhand",30.1897,78.1803,151333,1066,1151,29,18.5,48,15.5,32.3
2022,5,"2022-05-01","PNT","Pantnagar Airport","Pantnagar","Uttarakhand",29.0333,79.4736,9458,67,72,29.5,18.5,48,15.5,32.7
2022,5,"2022-05-01","IXR","Birsa Munda Airport","Ranchi","Jharkhand",23.3142,85.3217,227000,1599,1727,32.1,18.5,48,15.5,34.4
2022,5,"2022-05-01","DHO","Deoghar Airport","Deoghar","Jharkhand",24.4439,86.7028,28375,200,216,31.6,18.5,48,15.5,34
2022,5,"2022-05-01","JRG","Veer Surendra Sai Airport","Jharsuguda","Odisha",21.9136,84.0503,28375,200,216,32.7,18.5,48,15.5,34.8
2022,5,"2022-05-01","DMU","Dimapur Airport","Dimapur","Nagaland",25.8839,93.7711,37833,266,287,31,18.5,48,15.5,33.6
2022,5,"2022-05-01","SHL","Shillong Airport (Umroi)","Shillong","Meghalaya",25.7036,91.9786,9458,67,72,31,18.5,48,15.5,33.7
2022,5,"2022-05-01","AJL","Lengpui Airport","Aizawl","Mizoram",23.8406,92.6192,18917,133,144,31.9,18.5,48,15.5,34.2
2022,5,"2022-05-01","IXS","Silchar Airport","Silchar","Assam",24.9128,92.9789,37833,266,287,31.4,18.5,48,15.5,33.9
2022,5,"2022-05-01","DBR","Dibrugarh Airport","Dibrugarh","Assam",27.4839,95.0169,104042,733,792,30.2,18.5,48,15.5,33.1
2022,5,"2022-05-01","JRH","Jorhat Airport","Jorhat","Assam",26.7314,94.1758,28375,200,216,30.6,18.5,48,15.5,33.4
2022,5,"2022-05-01","TEZ","Tezpur Airport","Tezpur","Assam",26.7092,92.7872,9458,67,72,30.6,18.5,48,15.5,33.4
2022,5,"2022-05-01","IXT","Pakyong Airport","Pakyong","Sikkim",27.2344,88.5886,4729,33,36,30.3,18.5,48,15.5,33.2
2022,5,"2022-05-01","IXZ","Veer Savarkar International Airport","Port Blair","Andaman and Nicobar Islands",11.6411,92.7297,160792,1132,1223,37.4,18.5,48,15.5,37.9
2022,5,"2022-05-01","PYB","Jeypore Airport","Jeypore","Odisha",18.88,82.553,4729,33,36,34.1,18.5,48,15.5,35.7
2022,5,"2022-05-01","HYT","Donyi Polo Airport (Itanagar)","Hollongi","Arunachal Pradesh",26.96,93.64,18917,133,144,30.5,18.5,48,15.5,33.3
2022,5,"2022-05-01","RMD","Ramagundam Airport","Ramagundam","Telangana",18.78,79.44,1892,13,14,34.1,18.5,48,15.5,35.7
2022,6,"2022-06-01","DEL","Indira Gandhi International Airport","New Delhi","Delhi",28.5562,77.1,6808000,47944,51780,24.7,160,84,12.5,47.7
2022,6,"2022-06-01","BOM","Chhatrapati Shivaji Maharaj International Airport","Mumbai","Maharashtra",19.0896,72.8656,4773000,33613,36302,29,160,84,12.5,50.5
2022,6,"2022-06-01","BLR","Kempegowda International Airport","Bengaluru","Karnataka",13.1986,77.7066,3468750,24428,26382,31.7,160,84,12.5,52.3
2022,6,"2022-06-01","MAA","Chennai International Airport","Chennai","Tamil Nadu",12.9941,80.1709,1951750,13745,14845,31.8,160,84,12.5,52.4
2022,6,"2022-06-01","HYD","Rajiv Gandhi International Airport","Hyderabad","Telangana",17.2403,78.4294,2312500,16285,17588,29.8,160,84,12.5,51.1
2022,6,"2022-06-01","CCU","Netaji Subhash Chandra Bose International Airport","Kolkata","West Bengal",22.6547,88.4467,1831500,12898,13930,27.4,320,84,12.5,72.3
2022,6,"2022-06-01","AMD","Sardar Vallabhbhai Patel International Airport","Ahmedabad","Gujarat",23.0772,72.6347,1036000,7296,7880,27.2,160,84,12.5,49.3
2022,6,"2022-06-01","PNQ","Pune Airport","Pune","Maharashtra",18.5822,73.9197,740000,5211,5628,29.2,160,84,12.5,50.7
2022,6,"2022-06-01","COK","Cochin International Airport","Kochi","Kerala",10.152,76.4019,952750,6710,7247,33,280,84,12.5,70.4
2022,6,"2022-06-01","GOI","Dabolim Airport","Goa","Goa",15.3808,73.8314,777000,5472,5910,30.7,280,84,12.5,68.8
2022,6,"2022-06-01","GOX","Manohar International Airport (MOPA)","Goa","Goa",15.7481,73.8647,388500,2736,2955,30.5,280,84,12.5,68.7
2022,6,"2022-06-01","CJB","Coimbatore International Airport","Coimbatore","Tamil Nadu",11.03,77.0434,268250,1889,2040,32.6,160,84,12.5,52.9
2022,6,"2022-06-01","TRZ","Tiruchirappalli International Airport","Tiruchirappalli","Tamil Nadu",10.7654,78.7097,166500,1173,1267,32.8,160,84,12.5,53
2022,6,"2022-06-01","IXM","Madurai Airport","Madurai","Tamil Nadu",9.8345,78.0934,129500,912,985,33.2,160,84,12.5,53.3
2022,6,"2022-06-01","SXV","Salem Airport","Salem","Tamil Nadu",11.7783,78.0647,9250,65,70,32.3,160,84,12.5,52.7
2022,6,"2022-06-01","TCR","Tuticorin Airport","Thoothukudi","Tamil Nadu",8.7242,78.0267,18500,130,140,33.7,160,84,12.5,53.6
2022,6,"2022-06-01","ATQ","Sri Guru Ram Dass Jee International Airport","Amritsar","Punjab",31.7096,74.7973,259000,1824,1970,23.3,160,84,12.5,46.7
2022,6,"2022-06-01","IXC","Chandigarh International Airport","Chandigarh","Chandigarh",30.6735,76.7885,333000,2345,2533,23.8,160,84,12.5,47.1
2022,6,"2022-06-01","GAU","Lokpriya Gopinath Bordoloi International Airport","Guwahati","Assam",26.1061,91.5859,536500,3778,4080,25.9,320,84,12.5,71.3
2022,6,"2022-06-01","JAI","Jaipur International Airport","Jaipur","Rajasthan",26.8242,75.8122,499500,3518,3799,25.5,160,84,12.5,48.2
2022,6,"2022-06-01","LKO","Chaudhary Charan Singh International Airport","Lucknow","Uttar Pradesh",26.7606,80.8893,481000,3387,3658,25.6,160,84,12.5,48.2
2022,6,"2022-06-01","TRV","Thiruvananthapuram International Airport","Thiruvananthapuram","Kerala",8.4821,76.92,407000,2866,3095,33.8,280,84,12.5,70.9
2022,6,"2022-06-01","CCJ","Calicut International Airport","Kozhikode","Kerala",11.1368,75.9553,296000,2085,2252,32.6,280,84,12.5,70.1
2022,6,"2022-06-01","IXE","Mangaluru International Airport","Mangaluru","Karnataka",12.9613,74.89,175750,1238,1337,31.8,280,84,12.5,69.5
2022,6,"2022-06-01","PAT","Jay Prakash Narayan Airport","Patna","Bihar",25.5913,85.088,388500,2736,2955,26.1,320,84,12.5,71.4
2022,6,"2022-06-01","BBI","Biju Patnaik International Airport","Bhubaneswar","Odisha",20.2444,85.8178,416250,2931,3165,28.5,320,84,12.5,73
2022,6,"2022-06-01","IDR","Devi Ahilya Bai Holkar Airport","Indore","Madhya Pradesh",22.7217,75.8011,286750,2019,2181,27.4,160,84,12.5,49.4
2022,6,"2022-06-01","NAG","Dr. Babasaheb Ambedkar International Airport","Nagpur","Maharashtra",21.0922,79.0472,259000,1824,1970,28.1,160,84,12.5,49.9
2022,6,"2022-06-01","IXB","Bagdogra Airport","Siliguri","West Bengal",26.6812,88.3286,286750,2019,2181,25.6,320,84,12.5,71.1
2022,6,"2022-06-01","SXR","Sheikh ul-Alam International Airport","Srinagar","Jammu and Kashmir",33.9872,74.7742,407000,2866,3095,22.3,160,84,12.5,46.1
2022,6,"2022-06-01","IXJ","Jammu Airport","Jammu","Jammu and Kashmir",32.6892,74.8372,166500,1173,1267,22.9,160,84,12.5,46.5
2022,6,"2022-06-01","IXL","Kushok Bakula Rimpochee Airport","Leh","Ladakh",34.1358,77.5464,111000,782,845,22.2,160,84,12.5,46
2022,6,"2022-06-01","IXA","Maharaja Bir Bikram Airport","Agartala","Tripura",23.887,91.2405,138750,977,1055,26.9,320,84,12.5,71.9
2022,6,"2022-06-01","IMF","Imphal Airport","Imphal","Manipur",24.76,93.8967,111000,782,845,26.5,320,84,12.5,71.7
2022,6,"2022-06-01","RJA","Rajahmundry Airport","Rajahmundry","Andhra Pradesh",17.1106,81.8181,37000,261,282,29.9,160,84,12.5,51.1
2022,6,"2022-06-01","VTZ","Visakhapatnam Airport","Visakhapatnam","Andhra Pradesh",17.7211,83.2244,259000,1824,1970,29.6,160,84,12.5,50.9
2022,6,"2022-06-01","TIR","Tirupati Airport","Tirupati","Andhra Pradesh",13.6325,79.5433,83250,586,633,31.5,160,84,12.5,52.2
2022,6,"2022-06-01","VGA","Vijayawada Airport","Vijayawada","Andhra Pradesh",16.5304,80.7968,101750,717,774,30.2,160,84,12.5,51.3
2022,6,"2022-06-01","DHM","Gaggal Airport (Dharamshala)","Kangra","Himachal Pradesh",32.1651,76.2634,27750,195,211,23.1,160,84,12.5,46.6
2022,6,"2022-06-01","SLV","Shimla Airport","Shimla","Himachal Pradesh",31.0817,77.0678,9250,65,70,23.6,160,84,12.5,46.9
2022,6,"2022-06-01","KUU","Kullu Manali Airport (Bhuntar)","Bhuntar","Himachal Pradesh",31.8767,77.1542,9250,65,70,23.3,160,84,12.5,46.7
2022,6,"2022-06-01","BDQ","Vadodara Airport","Vadodara","Gujarat",22.3361,73.2264,111000,782,845,27.5,160,84,12.5,49.6
2022,6,"2022-06-01","STV","Surat Airport","Surat","Gujarat",21.1142,72.7419,120250,847,915,28.1,160,84,12.5,49.9
2022,6,"2022-06-01","HSR","Hisar Airport","Hisar","Haryana",29.1794,75.7538,4625,33,36,24.5,160,84,12.5,47.5
2022,6,"2022-06-01","GWL","Gwalior Airport","Gwalior","Madhya Pradesh",26.2933,78.2278,37000,261,282,25.8,160,84,12.5,48.4
2022,6,"2022-06-01","JLR","Jabalpur Airport","Jabalpur","Madhya Pradesh",23.1778,80.0522,46250,326,352,27.2,160,84,12.5,49.3
2022,6,"2022-06-01","RPR","Swami Vivekananda Airport","Raipur","Chhattisgarh",21.1803,81.7389,231250,1629,1759,28.1,160,84,12.5,49.9
2022,6,"2022-06-01","DED","Jolly Grant Airport","Dehradun","Uttarakhand",30.1897,78.1803,148000,1042,1125,24,160,84,12.5,47.2
2022,6,"2022-06-01","PNT","Pantnagar Airport","Pantnagar","Uttarakhand",29.0333,79.4736,9250,65,70,24.5,160,84,12.5,47.5
2022,6,"2022-06-01","IXR","Birsa Munda Airport","Ranchi","Jharkhand",23.3142,85.3217,222000,1563,1688,27.1,320,84,12.5,72.1
2022,6,"2022-06-01","DHO","Deoghar Airport","Deoghar","Jharkhand",24.4439,86.7028,27750,195,211,26.6,320,84,12.5,71.8
2022,6,"2022-06-01","JRG","Veer Surendra Sai Airport","Jharsuguda","Odisha",21.9136,84.0503,27750,195,211,27.7,160,84,12.5,49.7
2022,6,"2022-06-01","DMU","Dimapur Airport","Dimapur","Nagaland",25.8839,93.7711,37000,261,282,26,320,84,12.5,71.3
2022,6,"2022-06-01","SHL","Shillong Airport (Umroi)","Shillong","Meghalaya",25.7036,91.9786,9250,65,70,26,320,84,12.5,71.4
2022,6,"2022-06-01","AJL","Lengpui Airport","Aizawl","Mizoram",23.8406,92.6192,18500,130,140,26.9,320,84,12.5,72
2022,6,"2022-06-01","IXS","Silchar Airport","Silchar","Assam",24.9128,92.9789,37000,261,282,26.4,320,84,12.5,71.6
2022,6,"2022-06-01","DBR","Dibrugarh Airport","Dibrugarh","Assam",27.4839,95.0169,101750,717,774,25.2,320,84,12.5,70.9
2022,6,"2022-06-01","JRH","Jorhat Airport","Jorhat","Assam",26.7314,94.1758,27750,195,211,25.6,320,84,12.5,71.1
2022,6,"2022-06-01","TEZ","Tezpur Airport","Tezpur","Assam",26.7092,92.7872,9250,65,70,25.6,320,84,12.5,71.1
2022,6,"2022-06-01","IXT","Pakyong Airport","Pakyong","Sikkim",27.2344,88.5886,4625,33,36,25.3,320,84,12.5,70.9
2022,6,"2022-06-01","IXZ","Veer Savarkar International Airport","Port Blair","Andaman and Nicobar Islands",11.6411,92.7297,157250,1107,1196,32.4,160,84,12.5,52.8
2022,6,"2022-06-01","PYB","Jeypore Airport","Jeypore","Odisha",18.88,82.553,4625,33,36,29.1,160,84,12.5,50.6
2022,6,"2022-06-01","HYT","Donyi Polo Airport (Itanagar)","Hollongi","Arunachal Pradesh",26.96,93.64,18500,130,140,25.5,320,84,12.5,71
2022,6,"2022-06-01","RMD","Ramagundam Airport","Ramagundam","Telangana",18.78,79.44,1850,13,14,29.1,160,84,12.5,50.6
2022,7,"2022-07-01","DEL","Indira Gandhi International Airport","New Delhi","Delhi",28.5562,77.1,6654667,46864,50613,24.7,160,84,9.5,45.7
2022,7,"2022-07-01","BOM","Chhatrapati Shivaji Maharaj International Airport","Mumbai","Maharashtra",19.0896,72.8656,4665500,32856,35484,29,160,84,9.5,48.5
2022,7,"2022-07-01","BLR","Kempegowda International Airport","Bengaluru","Karnataka",13.1986,77.7066,3390625,23878,25788,31.7,160,84,9.5,50.3
2022,7,"2022-07-01","MAA","Chennai International Airport","Chennai","Tamil Nadu",12.9941,80.1709,1907792,13435,14510,31.8,160,84,9.5,50.4
2022,7,"2022-07-01","HYD","Rajiv Gandhi International Airport","Hyderabad","Telangana",17.2403,78.4294,2260417,15918,17191,29.8,160,84,9.5,49.1
2022,7,"2022-07-01","CCU","Netaji Subhash Chandra Bose International Airport","Kolkata","West Bengal",22.6547,88.4467,1790250,12607,13616,27.4,320,84,9.5,70.3
2022,7,"2022-07-01","AMD","Sardar Vallabhbhai Patel International Airport","Ahmedabad","Gujarat",23.0772,72.6347,1012667,7131,7701,27.2,160,84,9.5,47.3
2022,7,"2022-07-01","PNQ","Pune Airport","Pune","Maharashtra",18.5822,73.9197,723333,5094,5502,29.2,160,84,9.5,48.7
2022,7,"2022-07-01","COK","Cochin International Airport","Kochi","Kerala",10.152,76.4019,931292,6558,7083,33,280,84,9.5,68.4
2022,7,"2022-07-01","GOI","Dabolim Airport","Goa","Goa",15.3808,73.8314,759500,5349,5777,30.7,280,84,9.5,66.8
2022,7,"2022-07-01","GOX","Manohar International Airport (MOPA)","Goa","Goa",15.7481,73.8647,379750,2674,2888,30.5,280,84,9.5,66.7
2022,7,"2022-07-01","CJB","Coimbatore International Airport","Coimbatore","Tamil Nadu",11.03,77.0434,262208,1847,1995,32.6,160,84,9.5,50.9
2022,7,"2022-07-01","TRZ","Tiruchirappalli International Airport","Tiruchirappalli","Tamil Nadu",10.7654,78.7097,162750,1146,1238,32.8,160,84,9.5,51
2022,7,"2022-07-01","IXM","Madurai Airport","Madurai","Tamil Nadu",9.8345,78.0934,126583,891,962,33.2,160,84,9.5,51.3
2022,7,"2022-07-01","SXV","Salem Airport","Salem","Tamil Nadu",11.7783,78.0647,9042,64,69,32.3,160,84,9.5,50.7
2022,7,"2022-07-01","TCR","Tuticorin Airport","Thoothukudi","Tamil Nadu",8.7242,78.0267,18083,127,137,33.7,160,84,9.5,51.6
2022,7,"2022-07-01","ATQ","Sri Guru Ram Dass Jee International Airport","Amritsar","Punjab",31.7096,74.7973,253167,1783,1926,23.3,160,84,9.5,44.7
2022,7,"2022-07-01","IXC","Chandigarh International Airport","Chandigarh","Chandigarh",30.6735,76.7885,325500,2292,2475,23.8,160,84,9.5,45.1
2022,7,"2022-07-01","GAU","Lokpriya Gopinath Bordoloi International Airport","Guwahati","Assam",26.1061,91.5859,524417,3693,3988,25.9,320,84,9.5,69.3
2022,7,"2022-07-01","JAI","Jaipur International Airport","Jaipur","Rajasthan",26.8242,75.8122,488250,3438,3713,25.5,160,84,9.5,46.2
2022,7,"2022-07-01","LKO","Chaudhary Charan Singh International Airport","Lucknow","Uttar Pradesh",26.7606,80.8893,470167,3311,3576,25.6,160,84,9.5,46.2
2022,7,"2022-07-01","TRV","Thiruvananthapuram International Airport","Thiruvananthapuram","Kerala",8.4821,76.92,397833,2802,3026,33.8,280,84,9.5,68.9
2022,7,"2022-07-01","CCJ","Calicut International Airport","Kozhikode","Kerala",11.1368,75.9553,289333,2038,2201,32.6,280,84,9.5,68.1
2022,7,"2022-07-01","IXE","Mangaluru International Airport","Mangaluru","Karnataka",12.9613,74.89,171792,1210,1307,31.8,280,84,9.5,67.5
2022,7,"2022-07-01","PAT","Jay Prakash Narayan Airport","Patna","Bihar",25.5913,85.088,379750,2674,2888,26.1,320,84,9.5,69.4
2022,7,"2022-07-01","BBI","Biju Patnaik International Airport","Bhubaneswar","Odisha",20.2444,85.8178,406875,2865,3094,28.5,320,84,9.5,71
2022,7,"2022-07-01","IDR","Devi Ahilya Bai Holkar Airport","Indore","Madhya Pradesh",22.7217,75.8011,280292,1974,2132,27.4,160,84,9.5,47.4
2022,7,"2022-07-01","NAG","Dr. Babasaheb Ambedkar International Airport","Nagpur","Maharashtra",21.0922,79.0472,253167,1783,1926,28.1,160,84,9.5,47.9
2022,7,"2022-07-01","IXB","Bagdogra Airport","Siliguri","West Bengal",26.6812,88.3286,280292,1974,2132,25.6,320,84,9.5,69.1
2022,7,"2022-07-01","SXR","Sheikh ul-Alam International Airport","Srinagar","Jammu and Kashmir",33.9872,74.7742,397833,2802,3026,22.3,160,84,9.5,44.1
2022,7,"2022-07-01","IXJ","Jammu Airport","Jammu","Jammu and Kashmir",32.6892,74.8372,162750,1146,1238,22.9,160,84,9.5,44.5
2022,7,"2022-07-01","IXL","Kushok Bakula Rimpochee Airport","Leh","Ladakh",34.1358,77.5464,108500,764,825,22.2,160,84,9.5,44
2022,7,"2022-07-01","IXA","Maharaja Bir Bikram Airport","Agartala","Tripura",23.887,91.2405,135625,955,1031,26.9,320,84,9.5,69.9
2022,7,"2022-07-01","IMF","Imphal Airport","Imphal","Manipur",24.76,93.8967,108500,764,825,26.5,320,84,9.5,69.7
2022,7,"2022-07-01","RJA","Rajahmundry Airport","Rajahmundry","Andhra Pradesh",17.1106,81.8181,36167,255,275,29.9,160,84,9.5,49.1
2022,7,"2022-07-01","VTZ","Visakhapatnam Airport","Visakhapatnam","Andhra Pradesh",17.7211,83.2244,253167,1783,1926,29.6,160,84,9.5,48.9
2022,7,"2022-07-01","TIR","Tirupati Airport","Tirupati","Andhra Pradesh",13.6325,79.5433,81375,573,619,31.5,160,84,9.5,50.2
2022,7,"2022-07-01","VGA","Vijayawada Airport","Vijayawada","Andhra Pradesh",16.5304,80.7968,99458,700,756,30.2,160,84,9.5,49.3
2022,7,"2022-07-01","DHM","Gaggal Airport (Dharamshala)","Kangra","Himachal Pradesh",32.1651,76.2634,27125,191,206,23.1,160,84,9.5,44.6
2022,7,"2022-07-01","SLV","Shimla Airport","Shimla","Himachal Pradesh",31.0817,77.0678,9042,64,69,23.6,160,84,9.5,44.9
2022,7,"2022-07-01","KUU","Kullu Manali Airport (Bhuntar)","Bhuntar","Himachal Pradesh",31.8767,77.1542,9042,64,69,23.3,160,84,9.5,44.7
2022,7,"2022-07-01","BDQ","Vadodara Airport","Vadodara","Gujarat",22.3361,73.2264,108500,764,825,27.5,160,84,9.5,47.6
2022,7,"2022-07-01","STV","Surat Airport","Surat","Gujarat",21.1142,72.7419,117542,828,894,28.1,160,84,9.5,47.9
2022,7,"2022-07-01","HSR","Hisar Airport","Hisar","Haryana",29.1794,75.7538,4521,32,35,24.5,160,84,9.5,45.5
2022,7,"2022-07-01","GWL","Gwalior Airport","Gwalior","Madhya Pradesh",26.2933,78.2278,36167,255,275,25.8,160,84,9.5,46.4
2022,7,"2022-07-01","JLR","Jabalpur Airport","Jabalpur","Madhya Pradesh",23.1778,80.0522,45208,318,343,27.2,160,84,9.5,47.3
2022,7,"2022-07-01","RPR","Swami Vivekananda Airport","Raipur","Chhattisgarh",21.1803,81.7389,226042,1592,1719,28.1,160,84,9.5,47.9
2022,7,"2022-07-01","DED","Jolly Grant Airport","Dehradun","Uttarakhand",30.1897,78.1803,144667,1019,1101,24,160,84,9.5,45.2
2022,7,"2022-07-01","PNT","Pantnagar Airport","Pantnagar","Uttarakhand",29.0333,79.4736,9042,64,69,24.5,160,84,9.5,45.5
2022,7,"2022-07-01","IXR","Birsa Munda Airport","Ranchi","Jharkhand",23.3142,85.3217,217000,1528,1650,27.1,320,84,9.5,70.1
2022,7,"2022-07-01","DHO","Deoghar Airport","Deoghar","Jharkhand",24.4439,86.7028,27125,191,206,26.6,320,84,9.5,69.8
2022,7,"2022-07-01","JRG","Veer Surendra Sai Airport","Jharsuguda","Odisha",21.9136,84.0503,27125,191,206,27.7,160,84,9.5,47.7
2022,7,"2022-07-01","DMU","Dimapur Airport","Dimapur","Nagaland",25.8839,93.7711,36167,255,275,26,320,84,9.5,69.3
2022,7,"2022-07-01","SHL","Shillong Airport (Umroi)","Shillong","Meghalaya",25.7036,91.9786,9042,64,69,26,320,84,9.5,69.4
2022,7,"2022-07-01","AJL","Lengpui Airport","Aizawl","Mizoram",23.8406,92.6192,18083,127,137,26.9,320,84,9.5,70
2022,7,"2022-07-01","IXS","Silchar Airport","Silchar","Assam",24.9128,92.9789,36167,255,275,26.4,320,84,9.5,69.6
2022,7,"2022-07-01","DBR","Dibrugarh Airport","Dibrugarh","Assam",27.4839,95.0169,99458,700,756,25.2,320,84,9.5,68.9
2022,7,"2022-07-01","JRH","Jorhat Airport","Jorhat","Assam",26.7314,94.1758,27125,191,206,25.6,320,84,9.5,69.1
2022,7,"2022-07-01","TEZ","Tezpur Airport","Tezpur","Assam",26.7092,92.7872,9042,64,69,25.6,320,84,9.5,69.1
2022,7,"2022-07-01","IXT","Pakyong Airport","Pakyong","Sikkim",27.2344,88.5886,4521,32,35,25.3,320,84,9.5,68.9
2022,7,"2022-07-01","IXZ","Veer Savarkar International Airport","Port Blair","Andaman and Nicobar Islands",11.6411,92.7297,153708,1082,1169,32.4,160,84,9.5,50.8
2022,7,"2022-07-01","PYB","Jeypore Airport","Jeypore","Odisha",18.88,82.553,4521,32,35,29.1,160,84,9.5,48.6
2022,7,"2022-07-01","HYT","Donyi Polo Airport (Itanagar)","Hollongi","Arunachal Pradesh",26.96,93.64,18083,127,137,25.5,320,84,9.5,69
2022,7,"2022-07-01","RMD","Ramagundam Airport","Ramagundam","Telangana",18.78,79.44,1808,13,14,29.1,160,84,9.5,48.6
2022,8,"2022-08-01","DEL","Indira Gandhi International Airport","New Delhi","Delhi",28.5562,77.1,6542419,46073,49759,24.7,160,84,7.3,44.2
2022,8,"2022-08-01","BOM","Chhatrapati Shivaji Maharaj International Airport","Mumbai","Maharashtra",19.0896,72.8656,4586805,32301,34885,29,160,84,7.3,47.1
2022,8,"2022-08-01","BLR","Kempegowda International Airport","Bengaluru","Karnataka",13.1986,77.7066,3333434,23475,25353,31.7,160,84,7.3,48.8
2022,8,"2022-08-01","MAA","Chennai International Airport","Chennai","Tamil Nadu",12.9941,80.1709,1875612,13209,14266,31.8,160,84,7.3,48.9
2022,8,"2022-08-01","HYD","Rajiv Gandhi International Airport","Hyderabad","Telangana",17.2403,78.4294,2222289,15650,16902,29.8,160,84,7.3,47.6
2022,8,"2022-08-01","CCU","Netaji Subhash Chandra Bose International Airport","Kolkata","West Bengal",22.6547,88.4467,1760053,12395,13387,27.4,320,84,7.3,68.9
2022,8,"2022-08-01","AMD","Sardar Vallabhbhai Patel International Airport","Ahmedabad","Gujarat",23.0772,72.6347,995585,7011,7572,27.2,160,84,7.3,45.9
2022,8,"2022-08-01","PNQ","Pune Airport","Pune","Maharashtra",18.5822,73.9197,711132,5008,5409,29.2,160,84,7.3,47.2
2022,8,"2022-08-01","COK","Cochin International Airport","Kochi","Kerala",10.152,76.4019,915583,6448,6964,33,280,84,7.3,66.9
2022,8,"2022-08-01","GOI","Dabolim Airport","Goa","Goa",15.3808,73.8314,746689,5258,5679,30.7,280,84,7.3,65.3
2022,8,"2022-08-01","GOX","Manohar International Airport (MOPA)","Goa","Goa",15.7481,73.8647,373345,2629,2839,30.5,280,84,7.3,65.2
2022,8,"2022-08-01","CJB","Coimbatore International Airport","Coimbatore","Tamil Nadu",11.03,77.0434,257786,1815,1960,32.6,160,84,7.3,49.5
2022,8,"2022-08-01","TRZ","Tiruchirappalli International Airport","Tiruchirappalli","Tamil Nadu",10.7654,78.7097,160005,1127,1217,32.8,160,84,7.3,49.6
2022,8,"2022-08-01","IXM","Madurai Airport","Madurai","Tamil Nadu",9.8345,78.0934,124448,876,946,33.2,160,84,7.3,49.8
2022,8,"2022-08-01","SXV","Salem Airport","Salem","Tamil Nadu",11.7783,78.0647,8889,63,68,32.3,160,84,7.3,49.3
2022,8,"2022-08-01","TCR","Tuticorin Airport","Thoothukudi","Tamil Nadu",8.7242,78.0267,17778,125,135,33.7,160,84,7.3,50.2
2022,8,"2022-08-01","ATQ","Sri Guru Ram Dass Jee International Airport","Amritsar","Punjab",31.7096,74.7973,248896,1753,1893,23.3,160,84,7.3,43.3
2022,8,"2022-08-01","IXC","Chandigarh International Airport","Chandigarh","Chandigarh",30.6735,76.7885,320010,2254,2434,23.8,160,84,7.3,43.6
2022,8,"2022-08-01","GAU","Lokpriya Gopinath Bordoloi International Airport","Guwahati","Assam",26.1061,91.5859,515571,3631,3921,25.9,320,84,7.3,67.8
2022,8,"2022-08-01","JAI","Jaipur International Airport","Jaipur","Rajasthan",26.8242,75.8122,480014,3380,3650,25.5,160,84,7.3,44.7
2022,8,"2022-08-01","LKO","Chaudhary Charan Singh International Airport","Lucknow","Uttar Pradesh",26.7606,80.8893,462236,3255,3515,25.6,160,84,7.3,44.8
2022,8,"2022-08-01","TRV","Thiruvananthapuram International Airport","Thiruvananthapuram","Kerala",8.4821,76.92,391123,2754,2974,33.8,280,84,7.3,67.4
2022,8,"2022-08-01","CCJ","Calicut International Airport","Kozhikode","Kerala",11.1368,75.9553,284453,2003,2163,32.6,280,84,7.3,66.6
2022,8,"2022-08-01","IXE","Mangaluru International Airport","Mangaluru","Karnataka",12.9613,74.89,168894,1189,1284,31.8,280,84,7.3,66
2022,8,"2022-08-01","PAT","Jay Prakash Narayan Airport","Patna","Bihar",25.5913,85.088,373345,2629,2839,26.1,320,84,7.3,68
2022,8,"2022-08-01","BBI","Biju Patnaik International Airport","Bhubaneswar","Odisha",20.2444,85.8178,400012,2817,3042,28.5,320,84,7.3,69.6
2022,8,"2022-08-01","IDR","Devi Ahilya Bai Holkar Airport","Indore","Madhya Pradesh",22.7217,75.8011,275564,1941,2096,27.4,160,84,7.3,46
2022,8,"2022-08-01","NAG","Dr. Babasaheb Ambedkar International Airport","Nagpur","Maharashtra",21.0922,79.0472,248896,1753,1893,28.1,160,84,7.3,46.5
2022,8,"2022-08-01","IXB","Bagdogra Airport","Siliguri","West Bengal",26.6812,88.3286,275564,1941,2096,25.6,320,84,7.3,67.6
2022,8,"2022-08-01","SXR","Sheikh ul-Alam International Airport","Srinagar","Jammu and Kashmir",33.9872,74.7742,391123,2754,2974,22.3,160,84,7.3,42.6
2022,8,"2022-08-01","IXJ","Jammu Airport","Jammu","Jammu and Kashmir",32.6892,74.8372,160005,1127,1217,22.9,160,84,7.3,43
2022,8,"2022-08-01","IXL","Kushok Bakula Rimpochee Airport","Leh","Ladakh",34.1358,77.5464,106670,751,811,22.2,160,84,7.3,42.5
2022,8,"2022-08-01","IXA","Maharaja Bir Bikram Airport","Agartala","Tripura",23.887,91.2405,133337,939,1014,26.9,320,84,7.3,68.5
2022,8,"2022-08-01","IMF","Imphal Airport","Imphal","Manipur",24.76,93.8967,106670,751,811,26.5,320,84,7.3,68.2
2022,8,"2022-08-01","RJA","Rajahmundry Airport","Rajahmundry","Andhra Pradesh",17.1106,81.8181,35557,250,270,29.9,160,84,7.3,47.7
2022,8,"2022-08-01","VTZ","Visakhapatnam Airport","Visakhapatnam","Andhra Pradesh",17.7211,83.2244,248896,1753,1893,29.6,160,84,7.3,47.5
2022,8,"2022-08-01","TIR","Tirupati Airport","Tirupati","Andhra Pradesh",13.6325,79.5433,80002,563,608,31.5,160,84,7.3,48.7
2022,8,"2022-08-01","VGA","Vijayawada Airport","Vijayawada","Andhra Pradesh",16.5304,80.7968,97781,689,744,30.2,160,84,7.3,47.8
2022,8,"2022-08-01","DHM","Gaggal Airport (Dharamshala)","Kangra","Himachal Pradesh",32.1651,76.2634,26667,188,203,23.1,160,84,7.3,43.1
2022,8,"2022-08-01","SLV","Shimla Airport","Shimla","Himachal Pradesh",31.0817,77.0678,8889,63,68,23.6,160,84,7.3,43.5
2022,8,"2022-08-01","KUU","Kullu Manali Airport (Bhuntar)","Bhuntar","Himachal Pradesh",31.8767,77.1542,8889,63,68,23.3,160,84,7.3,43.2
2022,8,"2022-08-01","BDQ","Vadodara Airport","Vadodara","Gujarat",22.3361,73.2264,106670,751,811,27.5,160,84,7.3,46.1
2022,8,"2022-08-01","STV","Surat Airport","Surat","Gujarat",21.1142,72.7419,115559,814,879,28.1,160,84,7.3,46.5
2022,8,"2022-08-01","HSR","Hisar Airport","Hisar","Haryana",29.1794,75.7538,4445,31,33,24.5,160,84,7.3,44
2022,8,"2022-08-01","GWL","Gwalior Airport","Gwalior","Madhya Pradesh",26.2933,78.2278,35557,250,270,25.8,160,84,7.3,44.9
2022,8,"2022-08-01","JLR","Jabalpur Airport","Jabalpur","Madhya Pradesh",23.1778,80.0522,44446,313,338,27.2,160,84,7.3,45.8
2022,8,"2022-08-01","RPR","Swami Vivekananda Airport","Raipur","Chhattisgarh",21.1803,81.7389,222229,1565,1690,28.1,160,84,7.3,46.4
2022,8,"2022-08-01","DED","Jolly Grant Airport","Dehradun","Uttarakhand",30.1897,78.1803,142226,1002,1082,24,160,84,7.3,43.7
2022,8,"2022-08-01","PNT","Pantnagar Airport","Pantnagar","Uttarakhand",29.0333,79.4736,8889,63,68,24.5,160,84,7.3,44.1
2022,8,"2022-08-01","IXR","Birsa Munda Airport","Ranchi","Jharkhand",23.3142,85.3217,213340,1502,1622,27.1,320,84,7.3,68.7
2022,8,"2022-08-01","DHO","Deoghar Airport","Deoghar","Jharkhand",24.4439,86.7028,26667,188,203,26.6,320,84,7.3,68.3
2022,8,"2022-08-01","JRG","Veer Surendra Sai Airport","Jharsuguda","Odisha",21.9136,84.0503,26667,188,203,27.7,160,84,7.3,46.2
2022,8,"2022-08-01","DMU","Dimapur Airport","Dimapur","Nagaland",25.8839,93.7711,35557,250,270,26,320,84,7.3,67.9
2022,8,"2022-08-01","SHL","Shillong Airport (Umroi)","Shillong","Meghalaya",25.7036,91.9786,8889,63,68,26,320,84,7.3,67.9
2022,8,"2022-08-01","AJL","Lengpui Airport","Aizawl","Mizoram",23.8406,92.6192,17778,125,135,26.9,320,84,7.3,68.5
2022,8,"2022-08-01","IXS","Silchar Airport","Silchar","Assam",24.9128,92.9789,35557,250,270,26.4,320,84,7.3,68.2
2022,8,"2022-08-01","DBR","Dibrugarh Airport","Dibrugarh","Assam",27.4839,95.0169,97781,689,744,25.2,320,84,7.3,67.4
2022,8,"2022-08-01","JRH","Jorhat Airport","Jorhat","Assam",26.7314,94.1758,26667,188,203,25.6,320,84,7.3,67.6
2022,8,"2022-08-01","TEZ","Tezpur Airport","Tezpur","Assam",26.7092,92.7872,8889,63,68,25.6,320,84,7.3,67.6
2022,8,"2022-08-01","IXT","Pakyong Airport","Pakyong","Sikkim",27.2344,88.5886,4445,31,33,25.3,320,84,7.3,67.5
2022,8,"2022-08-01","IXZ","Veer Savarkar International Airport","Port Blair","Andaman and Nicobar Islands",11.6411,92.7297,151116,1064,1149,32.4,160,84,7.3,49.3
2022,8,"2022-08-01","PYB","Jeypore Airport","Jeypore","Odisha",18.88,82.553,4445,31,33,29.1,160,84,7.3,47.1
2022,8,"2022-08-01","HYT","Donyi Polo Airport (Itanagar)","Hollongi","Arunachal Pradesh",26.96,93.64,17778,125,135,25.5,320,84,7.3,67.6
2022,8,"2022-08-01","RMD","Ramagundam Airport","Ramagundam","Telangana",18.78,79.44,1778,13,14,29.1,160,84,7.3,47.2
2022,9,"2022-09-01","DEL","Indira Gandhi International Airport","New Delhi","Delhi",28.5562,77.1,6501333,45784,49447,24.7,160,84,6.5,43.7
2022,9,"2022-09-01","BOM","Chhatrapati Shivaji Maharaj International Airport","Mumbai","Maharashtra",19.0896,72.8656,4558000,32099,34667,29,160,84,6.5,46.5
2022,9,"2022-09-01","BLR","Kempegowda International Airport","Bengaluru","Karnataka",13.1986,77.7066,3312500,23327,25193,31.7,160,84,6.5,48.3
2022,9,"2022-09-01","MAA","Chennai International Airport","Chennai","Tamil Nadu",12.9941,80.1709,1863833,13126,14176,31.8,160,84,6.5,48.4
2022,9,"2022-09-01","HYD","Rajiv Gandhi International Airport","Hyderabad","Telangana",17.2403,78.4294,2208333,15552,16796,29.8,160,84,6.5,47.1
2022,9,"2022-09-01","CCU","Netaji Subhash Chandra Bose International Airport","Kolkata","West Bengal",22.6547,88.4467,1749000,12317,13302,27.4,320,84,6.5,68.3
2022,9,"2022-09-01","AMD","Sardar Vallabhbhai Patel International Airport","Ahmedabad","Gujarat",23.0772,72.6347,989333,6967,7524,27.2,160,84,6.5,45.3
2022,9,"2022-09-01","PNQ","Pune Airport","Pune","Maharashtra",18.5822,73.9197,706667,4977,5375,29.2,160,84,6.5,46.7
2022,9,"2022-09-01","COK","Cochin International Airport","Kochi","Kerala",10.152,76.4019,909833,6407,6920,33,280,84,6.5,66.4
2022,9,"2022-09-01","GOI","Dabolim Airport","Goa","Goa",15.3808,73.8314,742000,5225,5643,30.7,280,84,6.5,64.8
2022,9,"2022-09-01","GOX","Manohar International Airport (MOPA)","Goa","Goa",15.7481,73.8647,371000,2613,2822,30.5,280,84,6.5,64.7
2022,9,"2022-09-01","CJB","Coimbatore International Airport","Coimbatore","Tamil Nadu",11.03,77.0434,256167,1804,1948,32.6,160,84,6.5,48.9
2022,9,"2022-09-01","TRZ","Tiruchirappalli International Airport","Tiruchirappalli","Tamil Nadu",10.7654,78.7097,159000,1120,1210,32.8,160,84,6.5,49
2022,9,"2022-09-01","IXM","Madurai Airport","Madurai","Tamil Nadu",9.8345,78.0934,123667,871,941,33.2,160,84,6.5,49.3
2022,9,"2022-09-01","SXV","Salem Airport","Salem","Tamil Nadu",11.7783,78.0647,8833,62,67,32.3,160,84,6.5,48.7
2022,9,"2022-09-01","TCR","Tuticorin Airport","Thoothukudi","Tamil Nadu",8.7242,78.0267,17667,124,134,33.7,160,84,6.5,49.6
2022,9,"2022-09-01","ATQ","Sri Guru Ram Dass Jee International Airport","Amritsar","Punjab",31.7096,74.7973,247333,1742,1881,23.3,160,84,6.5,42.7
2022,9,"2022-09-01","IXC","Chandigarh International Airport","Chandigarh","Chandigarh",30.6735,76.7885,318000,2239,2418,23.8,160,84,6.5,43.1
2022,9,"2022-09-01","GAU","Lokpriya Gopinath Bordoloi International Airport","Guwahati","Assam",26.1061,91.5859,512333,3608,3897,25.9,320,84,6.5,67.3
2022,9,"2022-09-01","JAI","Jaipur International Airport","Jaipur","Rajasthan",26.8242,75.8122,477000,3359,3628,25.5,160,84,6.5,44.2
2022,9,"2022-09-01","LKO","Chaudhary Charan Singh International Airport","Lucknow","Uttar Pradesh",26.7606,80.8893,459333,3235,3494,25.6,160,84,6.5,44.2
2022,9,"2022-09-01","TRV","Thiruvananthapuram International Airport","Thiruvananthapuram","Kerala",8.4821,76.92,388667,2737,2956,33.8,280,84,6.5,66.9
2022,9,"2022-09-01","CCJ","Calicut International Airport","Kozhikode","Kerala",11.1368,75.9553,282667,1991,2150,32.6,280,84,6.5,66.1
2022,9,"2022-09-01","IXE","Mangaluru International Airport","Mangaluru","Karnataka",12.9613,74.89,167833,1182,1277,31.8,280,84,6.5,65.5
2022,9,"2022-09-01","PAT","Jay Prakash Narayan Airport","Patna","Bihar",25.5913,85.088,371000,2613,2822,26.1,320,84,6.5,67.4
2022,9,"2022-09-01","BBI","Biju Patnaik International Airport","Bhubaneswar","Odisha",20.2444,85.8178,397500,2799,3023,28.5,320,84,6.5,69
2022,9,"2022-09-01","IDR","Devi Ahilya Bai Holkar Airport","Indore","Madhya Pradesh",22.7217,75.8011,273833,1928,2082,27.4,160,84,6.5,45.4
2022,9,"2022-09-01","NAG","Dr. Babasaheb Ambedkar International Airport","Nagpur","Maharashtra",21.0922,79.0472,247333,1742,1881,28.1,160,84,6.5,45.9
2022,9,"2022-09-01","IXB","Bagdogra Airport","Siliguri","West Bengal",26.6812,88.3286,273833,1928,2082,25.6,320,84,6.5,67.1
2022,9,"2022-09-01","SXR","Sheikh ul-Alam International Airport","Srinagar","Jammu and Kashmir",33.9872,74.7742,388667,2737,2956,22.3,160,84,6.5,42.1
2022,9,"2022-09-01","IXJ","Jammu Airport","Jammu","Jammu and Kashmir",32.6892,74.8372,159000,1120,1210,22.9,160,84,6.5,42.5
2022,9,"2022-09-01","IXL","Kushok Bakula Rimpochee Airport","Leh","Ladakh",34.1358,77.5464,106000,746,806,22.2,160,84,6.5,42
2022,9,"2022-09-01","IXA","Maharaja Bir Bikram Airport","Agartala","Tripura",23.887,91.2405,132500,933,1008,26.9,320,84,6.5,67.9
2022,9,"2022-09-01","IMF","Imphal Airport","Imphal","Manipur",24.76,93.8967,106000,746,806,26.5,320,84,6.5,67.7
2022,9,"2022-09-01","RJA","Rajahmundry Airport","Rajahmundry","Andhra Pradesh",17.1106,81.8181,35333,249,269,29.9,160,84,6.5,47.1
2022,9,"2022-09-01","VTZ","Visakhapatnam Airport","Visakhapatnam","Andhra Pradesh",17.7211,83.2244,247333,1742,1881,29.6,160,84,6.5,46.9
2022,9,"2022-09-01","TIR","Tirupati Airport","Tirupati","Andhra Pradesh",13.6325,79.5433,79500,560,605,31.5,160,84,6.5,48.2
2022,9,"2022-09-01","VGA","Vijayawada Airport","Vijayawada","Andhra Pradesh",16.5304,80.7968,97167,684,739,30.2,160,84,6.5,47.3
2022,9,"2022-09-01","DHM","Gaggal Airport (Dharamshala)","Kangra","Himachal Pradesh",32.1651,76.2634,26500,187,202,23.1,160,84,6.5,42.6
2022,9,"2022-09-01","SLV","Shimla Airport","Shimla","Himachal Pradesh",31.0817,77.0678,8833,62,67,23.6,160,84,6.5,42.9
2022,9,"2022-09-01","KUU","Kullu Manali Airport (Bhuntar)","Bhuntar","Himachal Pradesh",31.8767,77.1542,8833,62,67,23.3,160,84,6.5,42.7
2022,9,"2022-09-01","BDQ","Vadodara Airport","Vadodara","Gujarat",22.3361,73.2264,106000,746,806,27.5,160,84,6.5,45.6
2022,9,"2022-09-01","STV","Surat Airport","Surat","Gujarat",21.1142,72.7419,114833,809,874,28.1,160,84,6.5,45.9
2022,9,"2022-09-01","HSR","Hisar Airport","Hisar","Haryana",29.1794,75.7538,4417,31,33,24.5,160,84,6.5,43.5
2022,9,"2022-09-01","GWL","Gwalior Airport","Gwalior","Madhya Pradesh",26.2933,78.2278,35333,249,269,25.8,160,84,6.5,44.4
2022,9,"2022-09-01","JLR","Jabalpur Airport","Jabalpur","Madhya Pradesh",23.1778,80.0522,44167,311,336,27.2,160,84,6.5,45.3
2022,9,"2022-09-01","RPR","Swami Vivekananda Airport","Raipur","Chhattisgarh",21.1803,81.7389,220833,1555,1679,28.1,160,84,6.5,45.9
2022,9,"2022-09-01","DED","Jolly Grant Airport","Dehradun","Uttarakhand",30.1897,78.1803,141333,995,1075,24,160,84,6.5,43.2
2022,9,"2022-09-01","PNT","Pantnagar Airport","Pantnagar","Uttarakhand",29.0333,79.4736,8833,62,67,24.5,160,84,6.5,43.5
2022,9,"2022-09-01","IXR","Birsa Munda Airport","Ranchi","Jharkhand",23.3142,85.3217,212000,1493,1612,27.1,320,84,6.5,68.1
2022,9,"2022-09-01","DHO","Deoghar Airport","Deoghar","Jharkhand",24.4439,86.7028,26500,187,202,26.6,320,84,6.5,67.8
2022,9,"2022-09-01","JRG","Veer Surendra Sai Airport","Jharsuguda","Odisha",21.9136,84.0503,26500,187,202,27.7,160,84,6.5,45.7
2022,9,"2022-09-01","DMU","Dimapur Airport","Dimapur","Nagaland",25.8839,93.7711,35333,249,269,26,320,84,6.5,67.3
2022,9,"2022-09-01","SHL","Shillong Airport (Umroi)","Shillong","Meghalaya",25.7036,91.9786,8833,62,67,26,320,84,6.5,67.4
2022,9,"2022-09-01","AJL","Lengpui Airport","Aizawl","Mizoram",23.8406,92.6192,17667,124,134,26.9,320,84,6.5,68
2022,9,"2022-09-01","IXS","Silchar Airport","Silchar","Assam",24.9128,92.9789,35333,249,269,26.4,320,84,6.5,67.6
2022,9,"2022-09-01","DBR","Dibrugarh Airport","Dibrugarh","Assam",27.4839,95.0169,97167,684,739,25.2,320,84,6.5,66.9
2022,9,"2022-09-01","JRH","Jorhat Airport","Jorhat","Assam",26.7314,94.1758,26500,187,202,25.6,320,84,6.5,67.1
2022,9,"2022-09-01","TEZ","Tezpur Airport","Tezpur","Assam",26.7092,92.7872,8833,62,67,25.6,320,84,6.5,67.1
2022,9,"2022-09-01","IXT","Pakyong Airport","Pakyong","Sikkim",27.2344,88.5886,4417,31,33,25.3,320,84,6.5,66.9
2022,9,"2022-09-01","IXZ","Veer Savarkar International Airport","Port Blair","Andaman and Nicobar Islands",11.6411,92.7297,150167,1058,1143,32.4,160,84,6.5,48.8
2022,9,"2022-09-01","PYB","Jeypore Airport","Jeypore","Odisha",18.88,82.553,4417,31,33,29.1,160,84,6.5,46.6
2022,9,"2022-09-01","HYT","Donyi Polo Airport (Itanagar)","Hollongi","Arunachal Pradesh",26.96,93.64,17667,124,134,25.5,320,84,6.5,67
2022,9,"2022-09-01","RMD","Ramagundam Airport","Ramagundam","Telangana",18.78,79.44,1767,12,13,29.1,160,84,6.5,46.6
2022,10,"2022-10-01","DEL","Indira Gandhi International Airport","New Delhi","Delhi",28.5562,77.1,6542419,46073,49759,24.7,18.5,65,7.3,24
2022,10,"2022-10-01","BOM","Chhatrapati Shivaji Maharaj International Airport","Mumbai","Maharashtra",19.0896,72.8656,4586805,32301,34885,29,18.5,65,7.3,26.8
2022,10,"2022-10-01","BLR","Kempegowda International Airport","Bengaluru","Karnataka",13.1986,77.7066,3333434,23475,25353,31.7,210,65,7.3,56
2022,10,"2022-10-01","MAA","Chennai International Airport","Chennai","Tamil Nadu",12.9941,80.1709,1875612,13209,14266,31.8,210,65,7.3,56
2022,10,"2022-10-01","HYD","Rajiv Gandhi International Airport","Hyderabad","Telangana",17.2403,78.4294,2222289,15650,16902,29.8,18.5,65,7.3,27.4
2022,10,"2022-10-01","CCU","Netaji Subhash Chandra Bose International Airport","Kolkata","West Bengal",22.6547,88.4467,1760053,12395,13387,27.4,18.5,65,7.3,25.8
2022,10,"2022-10-01","AMD","Sardar Vallabhbhai Patel International Airport","Ahmedabad","Gujarat",23.0772,72.6347,995585,7011,7572,27.2,18.5,65,7.3,25.7
2022,10,"2022-10-01","PNQ","Pune Airport","Pune","Maharashtra",18.5822,73.9197,711132,5008,5409,29.2,18.5,65,7.3,27
2022,10,"2022-10-01","COK","Cochin International Airport","Kochi","Kerala",10.152,76.4019,915583,6448,6964,33,210,65,7.3,56.9
2022,10,"2022-10-01","GOI","Dabolim Airport","Goa","Goa",15.3808,73.8314,746689,5258,5679,30.7,18.5,65,7.3,28
2022,10,"2022-10-01","GOX","Manohar International Airport (MOPA)","Goa","Goa",15.7481,73.8647,373345,2629,2839,30.5,18.5,65,7.3,27.9
2022,10,"2022-10-01","CJB","Coimbatore International Airport","Coimbatore","Tamil Nadu",11.03,77.0434,257786,1815,1960,32.6,210,65,7.3,56.6
2022,10,"2022-10-01","TRZ","Tiruchirappalli International Airport","Tiruchirappalli","Tamil Nadu",10.7654,78.7097,160005,1127,1217,32.8,210,65,7.3,56.7
2022,10,"2022-10-01","IXM","Madurai Airport","Madurai","Tamil Nadu",9.8345,78.0934,124448,876,946,33.2,210,65,7.3,57
2022,10,"2022-10-01","SXV","Salem Airport","Salem","Tamil Nadu",11.7783,78.0647,8889,63,68,32.3,210,65,7.3,56.4
2022,10,"2022-10-01","TCR","Tuticorin Airport","Thoothukudi","Tamil Nadu",8.7242,78.0267,17778,125,135,33.7,210,65,7.3,57.3
2022,10,"2022-10-01","ATQ","Sri Guru Ram Dass Jee International Airport","Amritsar","Punjab",31.7096,74.7973,248896,1753,1893,23.3,18.5,65,7.3,23.1
2022,10,"2022-10-01","IXC","Chandigarh International Airport","Chandigarh","Chandigarh",30.6735,76.7885,320010,2254,2434,23.8,18.5,65,7.3,23.4
2022,10,"2022-10-01","GAU","Lokpriya Gopinath Bordoloi International Airport","Guwahati","Assam",26.1061,91.5859,515571,3631,3921,25.9,18.5,65,7.3,24.7
2022,10,"2022-10-01","JAI","Jaipur International Airport","Jaipur","Rajasthan",26.8242,75.8122,480014,3380,3650,25.5,18.5,65,7.3,24.5
2022,10,"2022-10-01","LKO","Chaudhary Charan Singh International Airport","Lucknow","Uttar Pradesh",26.7606,80.8893,462236,3255,3515,25.6,18.5,65,7.3,24.5
2022,10,"2022-10-01","TRV","Thiruvananthapuram International Airport","Thiruvananthapuram","Kerala",8.4821,76.92,391123,2754,2974,33.8,210,65,7.3,57.4
2022,10,"2022-10-01","CCJ","Calicut International Airport","Kozhikode","Kerala",11.1368,75.9553,284453,2003,2163,32.6,210,65,7.3,56.6
2022,10,"2022-10-01","IXE","Mangaluru International Airport","Mangaluru","Karnataka",12.9613,74.89,168894,1189,1284,31.8,210,65,7.3,56
2022,10,"2022-10-01","PAT","Jay Prakash Narayan Airport","Patna","Bihar",25.5913,85.088,373345,2629,2839,26.1,18.5,65,7.3,24.9
2022,10,"2022-10-01","BBI","Biju Patnaik International Airport","Bhubaneswar","Odisha",20.2444,85.8178,400012,2817,3042,28.5,18.5,65,7.3,26.5
2022,10,"2022-10-01","IDR","Devi Ahilya Bai Holkar Airport","Indore","Madhya Pradesh",22.7217,75.8011,275564,1941,2096,27.4,18.5,65,7.3,25.8
2022,10,"2022-10-01","NAG","Dr. Babasaheb Ambedkar International Airport","Nagpur","Maharashtra",21.0922,79.0472,248896,1753,1893,28.1,18.5,65,7.3,26.2
2022,10,"2022-10-01","IXB","Bagdogra Airport","Siliguri","West Bengal",26.6812,88.3286,275564,1941,2096,25.6,18.5,65,7.3,24.6
2022,10,"2022-10-01","SXR","Sheikh ul-Alam International Airport","Srinagar","Jammu and Kashmir",33.9872,74.7742,391123,2754,2974,22.3,18.5,65,7.3,22.4
2022,10,"2022-10-01","IXJ","Jammu Airport","Jammu","Jammu and Kashmir",32.6892,74.8372,160005,1127,1217,22.9,18.5,65,7.3,22.8
2022,10,"2022-10-01","IXL","Kushok Bakula Rimpochee Airport","Leh","Ladakh",34.1358,77.5464,106670,751,811,22.2,18.5,65,7.3,22.3
2022,10,"2022-10-01","IXA","Maharaja Bir Bikram Airport","Agartala","Tripura",23.887,91.2405,133337,939,1014,26.9,18.5,65,7.3,25.4
2022,10,"2022-10-01","IMF","Imphal Airport","Imphal","Manipur",24.76,93.8967,106670,751,811,26.5,18.5,65,7.3,25.1
2022,10,"2022-10-01","RJA","Rajahmundry Airport","Rajahmundry","Andhra Pradesh",17.1106,81.8181,35557,250,270,29.9,18.5,65,7.3,27.4
2022,10,"2022-10-01","VTZ","Visakhapatnam Airport","Visakhapatnam","Andhra Pradesh",17.7211,83.2244,248896,1753,1893,29.6,18.5,65,7.3,27.3
2022,10,"2022-10-01","TIR","Tirupati Airport","Tirupati","Andhra Pradesh",13.6325,79.5433,80002,563,608,31.5,210,65,7.3,55.8
2022,10,"2022-10-01","VGA","Vijayawada Airport","Vijayawada","Andhra Pradesh",16.5304,80.7968,97781,689,744,30.2,18.5,65,7.3,27.6
2022,10,"2022-10-01","DHM","Gaggal Airport (Dharamshala)","Kangra","Himachal Pradesh",32.1651,76.2634,26667,188,203,23.1,18.5,65,7.3,22.9
2022,10,"2022-10-01","SLV","Shimla Airport","Shimla","Himachal Pradesh",31.0817,77.0678,8889,63,68,23.6,18.5,65,7.3,23.3
2022,10,"2022-10-01","KUU","Kullu Manali Airport (Bhuntar)","Bhuntar","Himachal Pradesh",31.8767,77.1542,8889,63,68,23.3,18.5,65,7.3,23
2022,10,"2022-10-01","BDQ","Vadodara Airport","Vadodara","Gujarat",22.3361,73.2264,106670,751,811,27.5,18.5,65,7.3,25.9
2022,10,"2022-10-01","STV","Surat Airport","Surat","Gujarat",21.1142,72.7419,115559,814,879,28.1,18.5,65,7.3,26.2
2022,10,"2022-10-01","HSR","Hisar Airport","Hisar","Haryana",29.1794,75.7538,4445,31,33,24.5,18.5,65,7.3,23.8
2022,10,"2022-10-01","GWL","Gwalior Airport","Gwalior","Madhya Pradesh",26.2933,78.2278,35557,250,270,25.8,18.5,65,7.3,24.7
2022,10,"2022-10-01","JLR","Jabalpur Airport","Jabalpur","Madhya Pradesh",23.1778,80.0522,44446,313,338,27.2,18.5,65,7.3,25.6
2022,10,"2022-10-01","RPR","Swami Vivekananda Airport","Raipur","Chhattisgarh",21.1803,81.7389,222229,1565,1690,28.1,18.5,65,7.3,26.2
2022,10,"2022-10-01","DED","Jolly Grant Airport","Dehradun","Uttarakhand",30.1897,78.1803,142226,1002,1082,24,18.5,65,7.3,23.5
2022,10,"2022-10-01","PNT","Pantnagar Airport","Pantnagar","Uttarakhand",29.0333,79.4736,8889,63,68,24.5,18.5,65,7.3,23.9
2022,10,"2022-10-01","IXR","Birsa Munda Airport","Ranchi","Jharkhand",23.3142,85.3217,213340,1502,1622,27.1,18.5,65,7.3,25.6
2022,10,"2022-10-01","DHO","Deoghar Airport","Deoghar","Jharkhand",24.4439,86.7028,26667,188,203,26.6,18.5,65,7.3,25.2
2022,10,"2022-10-01","JRG","Veer Surendra Sai Airport","Jharsuguda","Odisha",21.9136,84.0503,26667,188,203,27.7,18.5,65,7.3,26
2022,10,"2022-10-01","DMU","Dimapur Airport","Dimapur","Nagaland",25.8839,93.7711,35557,250,270,26,18.5,65,7.3,24.8
2022,10,"2022-10-01","SHL","Shillong Airport (Umroi)","Shillong","Meghalaya",25.7036,91.9786,8889,63,68,26,18.5,65,7.3,24.9
2022,10,"2022-10-01","AJL","Lengpui Airport","Aizawl","Mizoram",23.8406,92.6192,17778,125,135,26.9,18.5,65,7.3,25.4
2022,10,"2022-10-01","IXS","Silchar Airport","Silchar","Assam",24.9128,92.9789,35557,250,270,26.4,18.5,65,7.3,25.1
2022,10,"2022-10-01","DBR","Dibrugarh Airport","Dibrugarh","Assam",27.4839,95.0169,97781,689,744,25.2,18.5,65,7.3,24.3
2022,10,"2022-10-01","JRH","Jorhat Airport","Jorhat","Assam",26.7314,94.1758,26667,188,203,25.6,18.5,65,7.3,24.6
2022,10,"2022-10-01","TEZ","Tezpur Airport","Tezpur","Assam",26.7092,92.7872,8889,63,68,25.6,18.5,65,7.3,24.6
2022,10,"2022-10-01","IXT","Pakyong Airport","Pakyong","Sikkim",27.2344,88.5886,4445,31,33,25.3,18.5,65,7.3,24.4
2022,10,"2022-10-01","IXZ","Veer Savarkar International Airport","Port Blair","Andaman and Nicobar Islands",11.6411,92.7297,151116,1064,1149,32.4,210,65,7.3,56.4
2022,10,"2022-10-01","PYB","Jeypore Airport","Jeypore","Odisha",18.88,82.553,4445,31,33,29.1,18.5,65,7.3,26.9
2022,10,"2022-10-01","HYT","Donyi Polo Airport (Itanagar)","Hollongi","Arunachal Pradesh",26.96,93.64,17778,125,135,25.5,18.5,65,7.3,24.5
2022,10,"2022-10-01","RMD","Ramagundam Airport","Ramagundam","Telangana",18.78,79.44,1778,13,14,29.1,18.5,65,7.3,26.9
2022,11,"2022-11-01","DEL","Indira Gandhi International Airport","New Delhi","Delhi",28.5562,77.1,6654667,46864,50613,24.7,18.5,65,9.5,25.5
2022,11,"2022-11-01","BOM","Chhatrapati Shivaji Maharaj International Airport","Mumbai","Maharashtra",19.0896,72.8656,4665500,32856,35484,29,18.5,65,9.5,28.3
2022,11,"2022-11-01","BLR","Kempegowda International Airport","Bengaluru","Karnataka",13.1986,77.7066,3390625,23878,25788,31.7,210,65,9.5,57.4
2022,11,"2022-11-01","MAA","Chennai International Airport","Chennai","Tamil Nadu",12.9941,80.1709,1907792,13435,14510,31.8,210,65,9.5,57.5
2022,11,"2022-11-01","HYD","Rajiv Gandhi International Airport","Hyderabad","Telangana",17.2403,78.4294,2260417,15918,17191,29.8,18.5,65,9.5,28.9
2022,11,"2022-11-01","CCU","Netaji Subhash Chandra Bose International Airport","Kolkata","West Bengal",22.6547,88.4467,1790250,12607,13616,27.4,18.5,65,9.5,27.2
2022,11,"2022-11-01","AMD","Sardar Vallabhbhai Patel International Airport","Ahmedabad","Gujarat",23.0772,72.6347,1012667,7131,7701,27.2,18.5,65,9.5,27.1
2022,11,"2022-11-01","PNQ","Pune Airport","Pune","Maharashtra",18.5822,73.9197,723333,5094,5502,29.2,18.5,65,9.5,28.5
2022,11,"2022-11-01","COK","Cochin International Airport","Kochi","Kerala",10.152,76.4019,931292,6558,7083,33,210,65,9.5,58.4
2022,11,"2022-11-01","GOI","Dabolim Airport","Goa","Goa",15.3808,73.8314,759500,5349,5777,30.7,18.5,65,9.5,29.4
2022,11,"2022-11-01","GOX","Manohar International Airport (MOPA)","Goa","Goa",15.7481,73.8647,379750,2674,2888,30.5,18.5,65,9.5,29.3
2022,11,"2022-11-01","CJB","Coimbatore International Airport","Coimbatore","Tamil Nadu",11.03,77.0434,262208,1847,1995,32.6,210,65,9.5,58.1
2022,11,"2022-11-01","TRZ","Tiruchirappalli International Airport","Tiruchirappalli","Tamil Nadu",10.7654,78.7097,162750,1146,1238,32.8,210,65,9.5,58.2
2022,11,"2022-11-01","IXM","Madurai Airport","Madurai","Tamil Nadu",9.8345,78.0934,126583,891,962,33.2,210,65,9.5,58.4
2022,11,"2022-11-01","SXV","Salem Airport","Salem","Tamil Nadu",11.7783,78.0647,9042,64,69,32.3,210,65,9.5,57.9
2022,11,"2022-11-01","TCR","Tuticorin Airport","Thoothukudi","Tamil Nadu",8.7242,78.0267,18083,127,137,33.7,210,65,9.5,58.8
2022,11,"2022-11-01","ATQ","Sri Guru Ram Dass Jee International Airport","Amritsar","Punjab",31.7096,74.7973,253167,1783,1926,23.3,18.5,65,9.5,24.5
2022,11,"2022-11-01","IXC","Chandigarh International Airport","Chandigarh","Chandigarh",30.6735,76.7885,325500,2292,2475,23.8,18.5,65,9.5,24.8
2022,11,"2022-11-01","GAU","Lokpriya Gopinath Bordoloi International Airport","Guwahati","Assam",26.1061,91.5859,524417,3693,3988,25.9,18.5,65,9.5,26.2
2022,11,"2022-11-01","JAI","Jaipur International Airport","Jaipur","Rajasthan",26.8242,75.8122,488250,3438,3713,25.5,18.5,65,9.5,26
2022,11,"2022-11-01","LKO","Chaudhary Charan Singh International Airport","Lucknow","Uttar Pradesh",26.7606,80.8893,470167,3311,3576,25.6,18.5,65,9.5,26
2022,11,"2022-11-01","TRV","Thiruvananthapuram International Airport","Thiruvananthapuram","Kerala",8.4821,76.92,397833,2802,3026,33.8,210,65,9.5,58.9
2022,11,"2022-11-01","CCJ","Calicut International Airport","Kozhikode","Kerala",11.1368,75.9553,289333,2038,2201,32.6,210,65,9.5,58.1
2022,11,"2022-11-01","IXE","Mangaluru International Airport","Mangaluru","Karnataka",12.9613,74.89,171792,1210,1307,31.8,210,65,9.5,57.5
2022,11,"2022-11-01","PAT","Jay Prakash Narayan Airport","Patna","Bihar",25.5913,85.088,379750,2674,2888,26.1,18.5,65,9.5,26.4
2022,11,"2022-11-01","BBI","Biju Patnaik International Airport","Bhubaneswar","Odisha",20.2444,85.8178,406875,2865,3094,28.5,18.5,65,9.5,28
2022,11,"2022-11-01","IDR","Devi Ahilya Bai Holkar Airport","Indore","Madhya Pradesh",22.7217,75.8011,280292,1974,2132,27.4,18.5,65,9.5,27.2
2022,11,"2022-11-01","NAG","Dr. Babasaheb Ambedkar International Airport","Nagpur","Maharashtra",21.0922,79.0472,253167,1783,1926,28.1,18.5,65,9.5,27.7
2022,11,"2022-11-01","IXB","Bagdogra Airport","Siliguri","West Bengal",26.6812,88.3286,280292,1974,2132,25.6,18.5,65,9.5,26
2022,11,"2022-11-01","SXR","Sheikh ul-Alam International Airport","Srinagar","Jammu and Kashmir",33.9872,74.7742,397833,2802,3026,22.3,18.5,65,9.5,23.8
2022,11,"2022-11-01","IXJ","Jammu Airport","Jammu","Jammu and Kashmir",32.6892,74.8372,162750,1146,1238,22.9,18.5,65,9.5,24.2
2022,11,"2022-11-01","IXL","Kushok Bakula Rimpochee Airport","Leh","Ladakh",34.1358,77.5464,108500,764,825,22.2,18.5,65,9.5,23.8
2022,11,"2022-11-01","IXA","Maharaja Bir Bikram Airport","Agartala","Tripura",23.887,91.2405,135625,955,1031,26.9,18.5,65,9.5,26.9
2022,11,"2022-11-01","IMF","Imphal Airport","Imphal","Manipur",24.76,93.8967,108500,764,825,26.5,18.5,65,9.5,26.6
2022,11,"2022-11-01","RJA","Rajahmundry Airport","Rajahmundry","Andhra Pradesh",17.1106,81.8181,36167,255,275,29.9,18.5,65,9.5,28.9
2022,11,"2022-11-01","VTZ","Visakhapatnam Airport","Visakhapatnam","Andhra Pradesh",17.7211,83.2244,253167,1783,1926,29.6,18.5,65,9.5,28.7
2022,11,"2022-11-01","TIR","Tirupati Airport","Tirupati","Andhra Pradesh",13.6325,79.5433,81375,573,619,31.5,210,65,9.5,57.3
2022,11,"2022-11-01","VGA","Vijayawada Airport","Vijayawada","Andhra Pradesh",16.5304,80.7968,99458,700,756,30.2,18.5,65,9.5,29.1
2022,11,"2022-11-01","DHM","Gaggal Airport (Dharamshala)","Kangra","Himachal Pradesh",32.1651,76.2634,27125,191,206,23.1,18.5,65,9.5,24.4
2022,11,"2022-11-01","SLV","Shimla Airport","Shimla","Himachal Pradesh",31.0817,77.0678,9042,64,69,23.6,18.5,65,9.5,24.7
2022,11,"2022-11-01","KUU","Kullu Manali Airport (Bhuntar)","Bhuntar","Himachal Pradesh",31.8767,77.1542,9042,64,69,23.3,18.5,65,9.5,24.5
2022,11,"2022-11-01","BDQ","Vadodara Airport","Vadodara","Gujarat",22.3361,73.2264,108500,764,825,27.5,18.5,65,9.5,27.3
2022,11,"2022-11-01","STV","Surat Airport","Surat","Gujarat",21.1142,72.7419,117542,828,894,28.1,18.5,65,9.5,27.7
2022,11,"2022-11-01","HSR","Hisar Airport","Hisar","Haryana",29.1794,75.7538,4521,32,35,24.5,18.5,65,9.5,25.3
2022,11,"2022-11-01","GWL","Gwalior Airport","Gwalior","Madhya Pradesh",26.2933,78.2278,36167,255,275,25.8,18.5,65,9.5,26.2
2022,11,"2022-11-01","JLR","Jabalpur Airport","Jabalpur","Madhya Pradesh",23.1778,80.0522,45208,318,343,27.2,18.5,65,9.5,27.1
2022,11,"2022-11-01","RPR","Swami Vivekananda Airport","Raipur","Chhattisgarh",21.1803,81.7389,226042,1592,1719,28.1,18.5,65,9.5,27.7
2022,11,"2022-11-01","DED","Jolly Grant Airport","Dehradun","Uttarakhand",30.1897,78.1803,144667,1019,1101,24,18.5,65,9.5,25
2022,11,"2022-11-01","PNT","Pantnagar Airport","Pantnagar","Uttarakhand",29.0333,79.4736,9042,64,69,24.5,18.5,65,9.5,25.3
2022,11,"2022-11-01","IXR","Birsa Munda Airport","Ranchi","Jharkhand",23.3142,85.3217,217000,1528,1650,27.1,18.5,65,9.5,27
2022,11,"2022-11-01","DHO","Deoghar Airport","Deoghar","Jharkhand",24.4439,86.7028,27125,191,206,26.6,18.5,65,9.5,26.7
2022,11,"2022-11-01","JRG","Veer Surendra Sai Airport","Jharsuguda","Odisha",21.9136,84.0503,27125,191,206,27.7,18.5,65,9.5,27.5
2022,11,"2022-11-01","DMU","Dimapur Airport","Dimapur","Nagaland",25.8839,93.7711,36167,255,275,26,18.5,65,9.5,26.3
2022,11,"2022-11-01","SHL","Shillong Airport (Umroi)","Shillong","Meghalaya",25.7036,91.9786,9042,64,69,26,18.5,65,9.5,26.3
2022,11,"2022-11-01","AJL","Lengpui Airport","Aizawl","Mizoram",23.8406,92.6192,18083,127,137,26.9,18.5,65,9.5,26.9
2022,11,"2022-11-01","IXS","Silchar Airport","Silchar","Assam",24.9128,92.9789,36167,255,275,26.4,18.5,65,9.5,26.6
2022,11,"2022-11-01","DBR","Dibrugarh Airport","Dibrugarh","Assam",27.4839,95.0169,99458,700,756,25.2,18.5,65,9.5,25.8
2022,11,"2022-11-01","JRH","Jorhat Airport","Jorhat","Assam",26.7314,94.1758,27125,191,206,25.6,18.5,65,9.5,26
2022,11,"2022-11-01","TEZ","Tezpur Airport","Tezpur","Assam",26.7092,92.7872,9042,64,69,25.6,18.5,65,9.5,26
2022,11,"2022-11-01","IXT","Pakyong Airport","Pakyong","Sikkim",27.2344,88.5886,4521,32,35,25.3,18.5,65,9.5,25.9
2022,11,"2022-11-01","IXZ","Veer Savarkar International Airport","Port Blair","Andaman and Nicobar Islands",11.6411,92.7297,153708,1082,1169,32.4,210,65,9.5,57.9
2022,11,"2022-11-01","PYB","Jeypore Airport","Jeypore","Odisha",18.88,82.553,4521,32,35,29.1,18.5,65,9.5,28.4
2022,11,"2022-11-01","HYT","Donyi Polo Airport (Itanagar)","Hollongi","Arunachal Pradesh",26.96,93.64,18083,127,137,25.5,18.5,65,9.5,26
2022,11,"2022-11-01","RMD","Ramagundam Airport","Ramagundam","Telangana",18.78,79.44,1808,13,14,29.1,18.5,65,9.5,28.4
2022,12,"2022-12-01","DEL","Indira Gandhi International Airport","New Delhi","Delhi",28.5562,77.1,6808000,47944,51780,16.7,18.5,65,12.5,22.1
2022,12,"2022-12-01","BOM","Chhatrapati Shivaji Maharaj International Airport","Mumbai","Maharashtra",19.0896,72.8656,4773000,33613,36302,21,18.5,65,12.5,25
2022,12,"2022-12-01","BLR","Kempegowda International Airport","Bengaluru","Karnataka",13.1986,77.7066,3468750,24428,26382,23.7,18.5,65,12.5,26.7
2022,12,"2022-12-01","MAA","Chennai International Airport","Chennai","Tamil Nadu",12.9941,80.1709,1951750,13745,14845,23.8,18.5,65,12.5,26.8
2022,12,"2022-12-01","HYD","Rajiv Gandhi International Airport","Hyderabad","Telangana",17.2403,78.4294,2312500,16285,17588,21.8,18.5,65,12.5,25.5
2022,12,"2022-12-01","CCU","Netaji Subhash Chandra Bose International Airport","Kolkata","West Bengal",22.6547,88.4467,1831500,12898,13930,19.4,18.5,65,12.5,23.9
2022,12,"2022-12-01","AMD","Sardar Vallabhbhai Patel International Airport","Ahmedabad","Gujarat",23.0772,72.6347,1036000,7296,7880,19.2,18.5,65,12.5,23.8
2022,12,"2022-12-01","PNQ","Pune Airport","Pune","Maharashtra",18.5822,73.9197,740000,5211,5628,21.2,18.5,65,12.5,25.1
2022,12,"2022-12-01","COK","Cochin International Airport","Kochi","Kerala",10.152,76.4019,952750,6710,7247,25,18.5,65,12.5,27.7
2022,12,"2022-12-01","GOI","Dabolim Airport","Goa","Goa",15.3808,73.8314,777000,5472,5910,22.7,18.5,65,12.5,26.1
2022,12,"2022-12-01","GOX","Manohar International Airport (MOPA)","Goa","Goa",15.7481,73.8647,388500,2736,2955,22.5,18.5,65,12.5,26
2022,12,"2022-12-01","CJB","Coimbatore International Airport","Coimbatore","Tamil Nadu",11.03,77.0434,268250,1889,2040,24.6,18.5,65,12.5,27.4
2022,12,"2022-12-01","TRZ","Tiruchirappalli International Airport","Tiruchirappalli","Tamil Nadu",10.7654,78.7097,166500,1173,1267,24.8,18.5,65,12.5,27.5
2022,12,"2022-12-01","IXM","Madurai Airport","Madurai","Tamil Nadu",9.8345,78.0934,129500,912,985,25.2,18.5,65,12.5,27.8
2022,12,"2022-12-01","SXV","Salem Airport","Salem","Tamil Nadu",11.7783,78.0647,9250,65,70,24.3,18.5,65,12.5,27.2
2022,12,"2022-12-01","TCR","Tuticorin Airport","Thoothukudi","Tamil Nadu",8.7242,78.0267,18500,130,140,25.7,18.5,65,12.5,28.1
2022,12,"2022-12-01","ATQ","Sri Guru Ram Dass Jee International Airport","Amritsar","Punjab",31.7096,74.7973,259000,1824,1970,15.3,18.5,65,12.5,21.2
2022,12,"2022-12-01","IXC","Chandigarh International Airport","Chandigarh","Chandigarh",30.6735,76.7885,333000,2345,2533,15.8,18.5,65,12.5,21.5
2022,12,"2022-12-01","GAU","Lokpriya Gopinath Bordoloi International Airport","Guwahati","Assam",26.1061,91.5859,536500,3778,4080,17.9,18.5,65,12.5,22.9
2022,12,"2022-12-01","JAI","Jaipur International Airport","Jaipur","Rajasthan",26.8242,75.8122,499500,3518,3799,17.5,18.5,65,12.5,22.7
2022,12,"2022-12-01","LKO","Chaudhary Charan Singh International Airport","Lucknow","Uttar Pradesh",26.7606,80.8893,481000,3387,3658,17.6,18.5,65,12.5,22.7
2022,12,"2022-12-01","TRV","Thiruvananthapuram International Airport","Thiruvananthapuram","Kerala",8.4821,76.92,407000,2866,3095,25.8,18.5,65,12.5,28.2
2022,12,"2022-12-01","CCJ","Calicut International Airport","Kozhikode","Kerala",11.1368,75.9553,296000,2085,2252,24.6,18.5,65,12.5,27.4
2022,12,"2022-12-01","IXE","Mangaluru International Airport","Mangaluru","Karnataka",12.9613,74.89,175750,1238,1337,23.8,18.5,65,12.5,26.8
2022,12,"2022-12-01","PAT","Jay Prakash Narayan Airport","Patna","Bihar",25.5913,85.088,388500,2736,2955,18.1,18.5,65,12.5,23
2022,12,"2022-12-01","BBI","Biju Patnaik International Airport","Bhubaneswar","Odisha",20.2444,85.8178,416250,2931,3165,20.5,18.5,65,12.5,24.6
2022,12,"2022-12-01","IDR","Devi Ahilya Bai Holkar Airport","Indore","Madhya Pradesh",22.7217,75.8011,286750,2019,2181,19.4,18.5,65,12.5,23.9
2022,12,"2022-12-01","NAG","Dr. Babasaheb Ambedkar International Airport","Nagpur","Maharashtra",21.0922,79.0472,259000,1824,1970,20.1,18.5,65,12.5,24.4
2022,12,"2022-12-01","IXB","Bagdogra Airport","Siliguri","West Bengal",26.6812,88.3286,286750,2019,2181,17.6,18.5,65,12.5,22.7
2022,12,"2022-12-01","SXR","Sheikh ul-Alam International Airport","Srinagar","Jammu and Kashmir",33.9872,74.7742,407000,2866,3095,14.3,18.5,65,12.5,20.5
2022,12,"2022-12-01","IXJ","Jammu Airport","Jammu","Jammu and Kashmir",32.6892,74.8372,166500,1173,1267,14.9,18.5,65,12.5,20.9
2022,12,"2022-12-01","IXL","Kushok Bakula Rimpochee Airport","Leh","Ladakh",34.1358,77.5464,111000,782,845,14.2,18.5,65,12.5,20.5
2022,12,"2022-12-01","IXA","Maharaja Bir Bikram Airport","Agartala","Tripura",23.887,91.2405,138750,977,1055,18.9,18.5,65,12.5,23.5
2022,12,"2022-12-01","IMF","Imphal Airport","Imphal","Manipur",24.76,93.8967,111000,782,845,18.5,18.5,65,12.5,23.3
2022,12,"2022-12-01","RJA","Rajahmundry Airport","Rajahmundry","Andhra Pradesh",17.1106,81.8181,37000,261,282,21.9,18.5,65,12.5,25.6
2022,12,"2022-12-01","VTZ","Visakhapatnam Airport","Visakhapatnam","Andhra Pradesh",17.7211,83.2244,259000,1824,1970,21.6,18.5,65,12.5,25.4
2022,12,"2022-12-01","TIR","Tirupati Airport","Tirupati","Andhra Pradesh",13.6325,79.5433,83250,586,633,23.5,18.5,65,12.5,26.6
2022,12,"2022-12-01","VGA","Vijayawada Airport","Vijayawada","Andhra Pradesh",16.5304,80.7968,101750,717,774,22.2,18.5,65,12.5,25.8
2022,12,"2022-12-01","DHM","Gaggal Airport (Dharamshala)","Kangra","Himachal Pradesh",32.1651,76.2634,27750,195,211,15.1,18.5,65,12.5,21.1
2022,12,"2022-12-01","SLV","Shimla Airport","Shimla","Himachal Pradesh",31.0817,77.0678,9250,65,70,15.6,18.5,65,12.5,21.4
2022,12,"2022-12-01","KUU","Kullu Manali Airport (Bhuntar)","Bhuntar","Himachal Pradesh",31.8767,77.1542,9250,65,70,15.3,18.5,65,12.5,21.1
2022,12,"2022-12-01","BDQ","Vadodara Airport","Vadodara","Gujarat",22.3361,73.2264,111000,782,845,19.5,18.5,65,12.5,24
2022,12,"2022-12-01","STV","Surat Airport","Surat","Gujarat",21.1142,72.7419,120250,847,915,20.1,18.5,65,12.5,24.4
2022,12,"2022-12-01","HSR","Hisar Airport","Hisar","Haryana",29.1794,75.7538,4625,33,36,16.5,18.5,65,12.5,22
2022,12,"2022-12-01","GWL","Gwalior Airport","Gwalior","Madhya Pradesh",26.2933,78.2278,37000,261,282,17.8,18.5,65,12.5,22.8
2022,12,"2022-12-01","JLR","Jabalpur Airport","Jabalpur","Madhya Pradesh",23.1778,80.0522,46250,326,352,19.2,18.5,65,12.5,23.8
2022,12,"2022-12-01","RPR","Swami Vivekananda Airport","Raipur","Chhattisgarh",21.1803,81.7389,231250,1629,1759,20.1,18.5,65,12.5,24.4
2022,12,"2022-12-01","DED","Jolly Grant Airport","Dehradun","Uttarakhand",30.1897,78.1803,148000,1042,1125,16,18.5,65,12.5,21.7
2022,12,"2022-12-01","PNT","Pantnagar Airport","Pantnagar","Uttarakhand",29.0333,79.4736,9250,65,70,16.5,18.5,65,12.5,22
2022,12,"2022-12-01","IXR","Birsa Munda Airport","Ranchi","Jharkhand",23.3142,85.3217,222000,1563,1688,19.1,18.5,65,12.5,23.7
2022,12,"2022-12-01","DHO","Deoghar Airport","Deoghar","Jharkhand",24.4439,86.7028,27750,195,211,18.6,18.5,65,12.5,23.4
2022,12,"2022-12-01","JRG","Veer Surendra Sai Airport","Jharsuguda","Odisha",21.9136,84.0503,27750,195,211,19.7,18.5,65,12.5,24.1
2022,12,"2022-12-01","DMU","Dimapur Airport","Dimapur","Nagaland",25.8839,93.7711,37000,261,282,18,18.5,65,12.5,22.9
2022,12,"2022-12-01","SHL","Shillong Airport (Umroi)","Shillong","Meghalaya",25.7036,91.9786,9250,65,70,18,18.5,65,12.5,23
2022,12,"2022-12-01","AJL","Lengpui Airport","Aizawl","Mizoram",23.8406,92.6192,18500,130,140,18.9,18.5,65,12.5,23.6
2022,12,"2022-12-01","IXS","Silchar Airport","Silchar","Assam",24.9128,92.9789,37000,261,282,18.4,18.5,65,12.5,23.2
2022,12,"2022-12-01","DBR","Dibrugarh Airport","Dibrugarh","Assam",27.4839,95.0169,101750,717,774,17.2,18.5,65,12.5,22.5
2022,12,"2022-12-01","JRH","Jorhat Airport","Jorhat","Assam",26.7314,94.1758,27750,195,211,17.6,18.5,65,12.5,22.7
2022,12,"2022-12-01","TEZ","Tezpur Airport","Tezpur","Assam",26.7092,92.7872,9250,65,70,17.6,18.5,65,12.5,22.7
2022,12,"2022-12-01","IXT","Pakyong Airport","Pakyong","Sikkim",27.2344,88.5886,4625,33,36,17.3,18.5,65,12.5,22.5
2022,12,"2022-12-01","IXZ","Veer Savarkar International Airport","Port Blair","Andaman and Nicobar Islands",11.6411,92.7297,157250,1107,1196,24.4,18.5,65,12.5,27.2
2022,12,"2022-12-01","PYB","Jeypore Airport","Jeypore","Odisha",18.88,82.553,4625,33,36,21.1,18.5,65,12.5,25
2022,12,"2022-12-01","HYT","Donyi Polo Airport (Itanagar)","Hollongi","Arunachal Pradesh",26.96,93.64,18500,130,140,17.5,18.5,65,12.5,22.6
2022,12,"2022-12-01","RMD","Ramagundam Airport","Ramagundam","Telangana",18.78,79.44,1850,13,14,21.1,18.5,65,12.5,25.1
2023,1,"2023-01-01","DEL","Indira Gandhi International Airport","New Delhi","Delhi",28.5562,77.1,7636000,53775,58077,16.7,18.5,65,15.5,24.1
2023,1,"2023-01-01","BOM","Chhatrapati Shivaji Maharaj International Airport","Mumbai","Maharashtra",19.0896,72.8656,5353500,37701,40717,21,18.5,65,15.5,27
2023,1,"2023-01-01","BLR","Kempegowda International Airport","Bengaluru","Karnataka",13.1986,77.7066,3890625,27399,29591,23.7,18.5,65,15.5,28.7
2023,1,"2023-01-01","MAA","Chennai International Airport","Chennai","Tamil Nadu",12.9941,80.1709,2189125,15416,16649,23.8,18.5,65,15.5,28.8
2023,1,"2023-01-01","HYD","Rajiv Gandhi International Airport","Hyderabad","Telangana",17.2403,78.4294,2593750,18266,19727,21.8,18.5,65,15.5,27.5
2023,1,"2023-01-01","CCU","Netaji Subhash Chandra Bose International Airport","Kolkata","West Bengal",22.6547,88.4467,2054250,14467,15624,19.4,18.5,65,15.5,25.9
2023,1,"2023-01-01","AMD","Sardar Vallabhbhai Patel International Airport","Ahmedabad","Gujarat",23.0772,72.6347,1162000,8183,8838,19.2,18.5,65,15.5,25.8
2023,1,"2023-01-01","PNQ","Pune Airport","Pune","Maharashtra",18.5822,73.9197,830000,5845,6313,21.2,18.5,65,15.5,27.1
2023,1,"2023-01-01","COK","Cochin International Airport","Kochi","Kerala",10.152,76.4019,1068625,7526,8128,25,18.5,65,15.5,29.7
2023,1,"2023-01-01","GOI","Dabolim Airport","Goa","Goa",15.3808,73.8314,871500,6137,6628,22.7,18.5,65,15.5,28.1
2023,1,"2023-01-01","GOX","Manohar International Airport (MOPA)","Goa","Goa",15.7481,73.8647,435750,3069,3315,22.5,18.5,65,15.5,28
2023,1,"2023-01-01","CJB","Coimbatore International Airport","Coimbatore","Tamil Nadu",11.03,77.0434,300875,2119,2289,24.6,18.5,65,15.5,29.4
2023,1,"2023-01-01","TRZ","Tiruchirappalli International Airport","Tiruchirappalli","Tamil Nadu",10.7654,78.7097,186750,1315,1420,24.8,18.5,65,15.5,29.5
2023,1,"2023-01-01","IXM","Madurai Airport","Madurai","Tamil Nadu",9.8345,78.0934,145250,1023,1105,25.2,18.5,65,15.5,29.8
2023,1,"2023-01-01","SXV","Salem Airport","Salem","Tamil Nadu",11.7783,78.0647,10375,73,79,24.3,18.5,65,15.5,29.2
2023,1,"2023-01-01","TCR","Tuticorin Airport","Thoothukudi","Tamil Nadu",8.7242,78.0267,20750,146,158,25.7,18.5,65,15.5,30.1
2023,1,"2023-01-01","ATQ","Sri Guru Ram Dass Jee International Airport","Amritsar","Punjab",31.7096,74.7973,290500,2046,2210,15.3,18.5,65,15.5,23.2
2023,1,"2023-01-01","IXC","Chandigarh International Airport","Chandigarh","Chandigarh",30.6735,76.7885,373500,2630,2840,15.8,18.5,65,15.5,23.5
2023,1,"2023-01-01","GAU","Lokpriya Gopinath Bordoloi International Airport","Guwahati","Assam",26.1061,91.5859,601750,4238,4577,17.9,18.5,65,15.5,24.9
2023,1,"2023-01-01","JAI","Jaipur International Airport","Jaipur","Rajasthan",26.8242,75.8122,560250,3945,4261,17.5,18.5,65,15.5,24.7
2023,1,"2023-01-01","LKO","Chaudhary Charan Singh International Airport","Lucknow","Uttar Pradesh",26.7606,80.8893,539500,3799,4103,17.6,18.5,65,15.5,24.7
2023,1,"2023-01-01","TRV","Thiruvananthapuram International Airport","Thiruvananthapuram","Kerala",8.4821,76.92,456500,3215,3472,25.8,18.5,65,15.5,30.2
2023,1,"2023-01-01","CCJ","Calicut International Airport","Kozhikode","Kerala",11.1368,75.9553,332000,2338,2525,24.6,18.5,65,15.5,29.4
2023,1,"2023-01-01","IXE","Mangaluru International Airport","Mangaluru","Karnataka",12.9613,74.89,197125,1388,1499,23.8,18.5,65,15.5,28.8
2023,1,"2023-01-01","PAT","Jay Prakash Narayan Airport","Patna","Bihar",25.5913,85.088,435750,3069,3315,18.1,18.5,65,15.5,25
2023,1,"2023-01-01","BBI","Biju Patnaik International Airport","Bhubaneswar","Odisha",20.2444,85.8178,466875,3288,3551,20.5,18.5,65,15.5,26.6
2023,1,"2023-01-01","IDR","Devi Ahilya Bai Holkar Airport","Indore","Madhya Pradesh",22.7217,75.8011,321625,2265,2446,19.4,18.5,65,15.5,25.9
2023,1,"2023-01-01","NAG","Dr. Babasaheb Ambedkar International Airport","Nagpur","Maharashtra",21.0922,79.0472,290500,2046,2210,20.1,18.5,65,15.5,26.4
2023,1,"2023-01-01","IXB","Bagdogra Airport","Siliguri","West Bengal",26.6812,88.3286,321625,2265,2446,17.6,18.5,65,15.5,24.7
2023,1,"2023-01-01","SXR","Sheikh ul-Alam International Airport","Srinagar","Jammu and Kashmir",33.9872,74.7742,456500,3215,3472,14.3,18.5,65,15.5,22.5
2023,1,"2023-01-01","IXJ","Jammu Airport","Jammu","Jammu and Kashmir",32.6892,74.8372,186750,1315,1420,14.9,18.5,65,15.5,22.9
2023,1,"2023-01-01","IXL","Kushok Bakula Rimpochee Airport","Leh","Ladakh",34.1358,77.5464,124500,877,947,14.2,18.5,65,15.5,22.5
2023,1,"2023-01-01","IXA","Maharaja Bir Bikram Airport","Agartala","Tripura",23.887,91.2405,155625,1096,1184,18.9,18.5,65,15.5,25.5
2023,1,"2023-01-01","IMF","Imphal Airport","Imphal","Manipur",24.76,93.8967,124500,877,947,18.5,18.5,65,15.5,25.3
2023,1,"2023-01-01","RJA","Rajahmundry Airport","Rajahmundry","Andhra Pradesh",17.1106,81.8181,41500,292,315,21.9,18.5,65,15.5,27.6
2023,1,"2023-01-01","VTZ","Visakhapatnam Airport","Visakhapatnam","Andhra Pradesh",17.7211,83.2244,290500,2046,2210,21.6,18.5,65,15.5,27.4
2023,1,"2023-01-01","TIR","Tirupati Airport","Tirupati","Andhra Pradesh",13.6325,79.5433,93375,658,711,23.5,18.5,65,15.5,28.6
2023,1,"2023-01-01","VGA","Vijayawada Airport","Vijayawada","Andhra Pradesh",16.5304,80.7968,114125,804,868,22.2,18.5,65,15.5,27.8
2023,1,"2023-01-01","DHM","Gaggal Airport (Dharamshala)","Kangra","Himachal Pradesh",32.1651,76.2634,31125,219,237,15.1,18.5,65,15.5,23.1
2023,1,"2023-01-01","SLV","Shimla Airport","Shimla","Himachal Pradesh",31.0817,77.0678,10375,73,79,15.6,18.5,65,15.5,23.4
2023,1,"2023-01-01","KUU","Kullu Manali Airport (Bhuntar)","Bhuntar","Himachal Pradesh",31.8767,77.1542,10375,73,79,15.3,18.5,65,15.5,23.1
2023,1,"2023-01-01","BDQ","Vadodara Airport","Vadodara","Gujarat",22.3361,73.2264,124500,877,947,19.5,18.5,65,15.5,26
2023,1,"2023-01-01","STV","Surat Airport","Surat","Gujarat",21.1142,72.7419,134875,950,1026,20.1,18.5,65,15.5,26.4
2023,1,"2023-01-01","HSR","Hisar Airport","Hisar","Haryana",29.1794,75.7538,5188,37,40,16.5,18.5,65,15.5,24
2023,1,"2023-01-01","GWL","Gwalior Airport","Gwalior","Madhya Pradesh",26.2933,78.2278,41500,292,315,17.8,18.5,65,15.5,24.8
2023,1,"2023-01-01","JLR","Jabalpur Airport","Jabalpur","Madhya Pradesh",23.1778,80.0522,51875,365,394,19.2,18.5,65,15.5,25.8
2023,1,"2023-01-01","RPR","Swami Vivekananda Airport","Raipur","Chhattisgarh",21.1803,81.7389,259375,1827,1973,20.1,18.5,65,15.5,26.4
2023,1,"2023-01-01","DED","Jolly Grant Airport","Dehradun","Uttarakhand",30.1897,78.1803,166000,1169,1263,16,18.5,65,15.5,23.7
2023,1,"2023-01-01","PNT","Pantnagar Airport","Pantnagar","Uttarakhand",29.0333,79.4736,10375,73,79,16.5,18.5,65,15.5,24
2023,1,"2023-01-01","IXR","Birsa Munda Airport","Ranchi","Jharkhand",23.3142,85.3217,249000,1754,1894,19.1,18.5,65,15.5,25.7
2023,1,"2023-01-01","DHO","Deoghar Airport","Deoghar","Jharkhand",24.4439,86.7028,31125,219,237,18.6,18.5,65,15.5,25.4
2023,1,"2023-01-01","JRG","Veer Surendra Sai Airport","Jharsuguda","Odisha",21.9136,84.0503,31125,219,237,19.7,18.5,65,15.5,26.1
2023,1,"2023-01-01","DMU","Dimapur Airport","Dimapur","Nagaland",25.8839,93.7711,41500,292,315,18,18.5,65,15.5,24.9
2023,1,"2023-01-01","SHL","Shillong Airport (Umroi)","Shillong","Meghalaya",25.7036,91.9786,10375,73,79,18,18.5,65,15.5,25
2023,1,"2023-01-01","AJL","Lengpui Airport","Aizawl","Mizoram",23.8406,92.6192,20750,146,158,18.9,18.5,65,15.5,25.6
2023,1,"2023-01-01","IXS","Silchar Airport","Silchar","Assam",24.9128,92.9789,41500,292,315,18.4,18.5,65,15.5,25.2
2023,1,"2023-01-01","DBR","Dibrugarh Airport","Dibrugarh","Assam",27.4839,95.0169,114125,804,868,17.2,18.5,65,15.5,24.5
2023,1,"2023-01-01","JRH","Jorhat Airport","Jorhat","Assam",26.7314,94.1758,31125,219,237,17.6,18.5,65,15.5,24.7
2023,1,"2023-01-01","TEZ","Tezpur Airport","Tezpur","Assam",26.7092,92.7872,10375,73,79,17.6,18.5,65,15.5,24.7
2023,1,"2023-01-01","IXT","Pakyong Airport","Pakyong","Sikkim",27.2344,88.5886,5188,37,40,17.3,18.5,65,15.5,24.5
2023,1,"2023-01-01","IXZ","Veer Savarkar International Airport","Port Blair","Andaman and Nicobar Islands",11.6411,92.7297,176375,1242,1341,24.4,18.5,65,15.5,29.2
2023,1,"2023-01-01","PYB","Jeypore Airport","Jeypore","Odisha",18.88,82.553,5188,37,40,21.1,18.5,65,15.5,27
2023,1,"2023-01-01","HYT","Donyi Polo Airport (Itanagar)","Hollongi","Arunachal Pradesh",26.96,93.64,20750,146,158,17.5,18.5,65,15.5,24.6
2023,1,"2023-01-01","RMD","Ramagundam Airport","Ramagundam","Telangana",18.78,79.44,2075,15,16,21.1,18.5,65,15.5,27.1
2023,2,"2023-02-01","DEL","Indira Gandhi International Airport","New Delhi","Delhi",28.5562,77.1,7748248,54565,58930,16.7,18.5,65,17.7,25.6
2023,2,"2023-02-01","BOM","Chhatrapati Shivaji Maharaj International Airport","Mumbai","Maharashtra",19.0896,72.8656,5432195,38255,41315,21,18.5,65,17.7,28.4
2023,2,"2023-02-01","BLR","Kempegowda International Airport","Bengaluru","Karnataka",13.1986,77.7066,3947816,27802,30026,23.7,18.5,65,17.7,30.2
2023,2,"2023-02-01","MAA","Chennai International Airport","Chennai","Tamil Nadu",12.9941,80.1709,2221305,15643,16894,23.8,18.5,65,17.7,30.3
2023,2,"2023-02-01","HYD","Rajiv Gandhi International Airport","Hyderabad","Telangana",17.2403,78.4294,2631878,18534,20017,21.8,18.5,65,17.7,29
2023,2,"2023-02-01","CCU","Netaji Subhash Chandra Bose International Airport","Kolkata","West Bengal",22.6547,88.4467,2084447,14679,15853,19.4,18.5,65,17.7,27.4
2023,2,"2023-02-01","AMD","Sardar Vallabhbhai Patel International Airport","Ahmedabad","Gujarat",23.0772,72.6347,1179081,8303,8967,19.2,18.5,65,17.7,27.3
2023,2,"2023-02-01","PNQ","Pune Airport","Pune","Maharashtra",18.5822,73.9197,842201,5931,6405,21.2,18.5,65,17.7,28.6
2023,2,"2023-02-01","COK","Cochin International Airport","Kochi","Kerala",10.152,76.4019,1084334,7636,8247,25,18.5,65,17.7,31.1
2023,2,"2023-02-01","GOI","Dabolim Airport","Goa","Goa",15.3808,73.8314,884311,6228,6726,22.7,18.5,65,17.7,29.6
2023,2,"2023-02-01","GOX","Manohar International Airport (MOPA)","Goa","Goa",15.7481,73.8647,442155,3114,3363,22.5,18.5,65,17.7,29.5
2023,2,"2023-02-01","CJB","Coimbatore International Airport","Coimbatore","Tamil Nadu",11.03,77.0434,305298,2150,2322,24.6,18.5,65,17.7,30.9
2023,2,"2023-02-01","TRZ","Tiruchirappalli International Airport","Tiruchirappalli","Tamil Nadu",10.7654,78.7097,189495,1334,1441,24.8,18.5,65,17.7,30.9
2023,2,"2023-02-01","IXM","Madurai Airport","Madurai","Tamil Nadu",9.8345,78.0934,147385,1038,1121,25.2,18.5,65,17.7,31.2
2023,2,"2023-02-01","SXV","Salem Airport","Salem","Tamil Nadu",11.7783,78.0647,10528,74,80,24.3,18.5,65,17.7,30.6
2023,2,"2023-02-01","TCR","Tuticorin Airport","Thoothukudi","Tamil Nadu",8.7242,78.0267,21055,148,160,25.7,18.5,65,17.7,31.6
2023,2,"2023-02-01","ATQ","Sri Guru Ram Dass Jee International Airport","Amritsar","Punjab",31.7096,74.7973,294770,2076,2242,15.3,18.5,65,17.7,24.7
2023,2,"2023-02-01","IXC","Chandigarh International Airport","Chandigarh","Chandigarh",30.6735,76.7885,378990,2669,2883,15.8,18.5,65,17.7,25
2023,2,"2023-02-01","GAU","Lokpriya Gopinath Bordoloi International Airport","Guwahati","Assam",26.1061,91.5859,610596,4300,4644,17.9,18.5,65,17.7,26.3
2023,2,"2023-02-01","JAI","Jaipur International Airport","Jaipur","Rajasthan",26.8242,75.8122,568486,4003,4323,17.5,18.5,65,17.7,26.1
2023,2,"2023-02-01","LKO","Chaudhary Charan Singh International Airport","Lucknow","Uttar Pradesh",26.7606,80.8893,547431,3855,4163,17.6,18.5,65,17.7,26.1
2023,2,"2023-02-01","TRV","Thiruvananthapuram International Airport","Thiruvananthapuram","Kerala",8.4821,76.92,463210,3262,3523,25.8,18.5,65,17.7,31.6
2023,2,"2023-02-01","CCJ","Calicut International Airport","Kozhikode","Kerala",11.1368,75.9553,336880,2372,2562,24.6,18.5,65,17.7,30.8
2023,2,"2023-02-01","IXE","Mangaluru International Airport","Mangaluru","Karnataka",12.9613,74.89,200023,1409,1522,23.8,18.5,65,17.7,30.3
2023,2,"2023-02-01","PAT","Jay Prakash Narayan Airport","Patna","Bihar",25.5913,85.088,442155,3114,3363,18.1,18.5,65,17.7,26.5
2023,2,"2023-02-01","BBI","Biju Patnaik International Airport","Bhubaneswar","Odisha",20.2444,85.8178,473738,3336,3603,20.5,18.5,65,17.7,28.1
2023,2,"2023-02-01","IDR","Devi Ahilya Bai Holkar Airport","Indore","Madhya Pradesh",22.7217,75.8011,326353,2298,2482,19.4,18.5,65,17.7,27.4
2023,2,"2023-02-01","NAG","Dr. Babasaheb Ambedkar International Airport","Nagpur","Maharashtra",21.0922,79.0472,294770,2076,2242,20.1,18.5,65,17.7,27.8
2023,2,"2023-02-01","IXB","Bagdogra Airport","Siliguri","West Bengal",26.6812,88.3286,326353,2298,2482,17.6,18.5,65,17.7,26.2
2023,2,"2023-02-01","SXR","Sheikh ul-Alam International Airport","Srinagar","Jammu and Kashmir",33.9872,74.7742,463210,3262,3523,14.3,18.5,65,17.7,24
2023,2,"2023-02-01","IXJ","Jammu Airport","Jammu","Jammu and Kashmir",32.6892,74.8372,189495,1334,1441,14.9,18.5,65,17.7,24.4
2023,2,"2023-02-01","IXL","Kushok Bakula Rimpochee Airport","Leh","Ladakh",34.1358,77.5464,126330,890,961,14.2,18.5,65,17.7,23.9
2023,2,"2023-02-01","IXA","Maharaja Bir Bikram Airport","Agartala","Tripura",23.887,91.2405,157913,1112,1201,18.9,18.5,65,17.7,27
2023,2,"2023-02-01","IMF","Imphal Airport","Imphal","Manipur",24.76,93.8967,126330,890,961,18.5,18.5,65,17.7,26.7
2023,2,"2023-02-01","RJA","Rajahmundry Airport","Rajahmundry","Andhra Pradesh",17.1106,81.8181,42110,297,321,21.9,18.5,65,17.7,29
2023,2,"2023-02-01","VTZ","Visakhapatnam Airport","Visakhapatnam","Andhra Pradesh",17.7211,83.2244,294770,2076,2242,21.6,18.5,65,17.7,28.9
2023,2,"2023-02-01","TIR","Tirupati Airport","Tirupati","Andhra Pradesh",13.6325,79.5433,94748,667,720,23.5,18.5,65,17.7,30.1
2023,2,"2023-02-01","VGA","Vijayawada Airport","Vijayawada","Andhra Pradesh",16.5304,80.7968,115803,816,881,22.2,18.5,65,17.7,29.2
2023,2,"2023-02-01","DHM","Gaggal Airport (Dharamshala)","Kangra","Himachal Pradesh",32.1651,76.2634,31583,222,240,15.1,18.5,65,17.7,24.5
2023,2,"2023-02-01","SLV","Shimla Airport","Shimla","Himachal Pradesh",31.0817,77.0678,10528,74,80,15.6,18.5,65,17.7,24.9
2023,2,"2023-02-01","KUU","Kullu Manali Airport (Bhuntar)","Bhuntar","Himachal Pradesh",31.8767,77.1542,10528,74,80,15.3,18.5,65,17.7,24.6
2023,2,"2023-02-01","BDQ","Vadodara Airport","Vadodara","Gujarat",22.3361,73.2264,126330,890,961,19.5,18.5,65,17.7,27.5
2023,2,"2023-02-01","STV","Surat Airport","Surat","Gujarat",21.1142,72.7419,136858,964,1041,20.1,18.5,65,17.7,27.8
2023,2,"2023-02-01","HSR","Hisar Airport","Hisar","Haryana",29.1794,75.7538,5264,37,40,16.5,18.5,65,17.7,25.4
2023,2,"2023-02-01","GWL","Gwalior Airport","Gwalior","Madhya Pradesh",26.2933,78.2278,42110,297,321,17.8,18.5,65,17.7,26.3
2023,2,"2023-02-01","JLR","Jabalpur Airport","Jabalpur","Madhya Pradesh",23.1778,80.0522,52638,371,401,19.2,18.5,65,17.7,27.2
2023,2,"2023-02-01","RPR","Swami Vivekananda Airport","Raipur","Chhattisgarh",21.1803,81.7389,263188,1853,2001,20.1,18.5,65,17.7,27.8
2023,2,"2023-02-01","DED","Jolly Grant Airport","Dehradun","Uttarakhand",30.1897,78.1803,168440,1186,1281,16,18.5,65,17.7,25.1
2023,2,"2023-02-01","PNT","Pantnagar Airport","Pantnagar","Uttarakhand",29.0333,79.4736,10528,74,80,16.5,18.5,65,17.7,25.5
2023,2,"2023-02-01","IXR","Birsa Munda Airport","Ranchi","Jharkhand",23.3142,85.3217,252660,1779,1921,19.1,18.5,65,17.7,27.2
2023,2,"2023-02-01","DHO","Deoghar Airport","Deoghar","Jharkhand",24.4439,86.7028,31583,222,240,18.6,18.5,65,17.7,26.8
2023,2,"2023-02-01","JRG","Veer Surendra Sai Airport","Jharsuguda","Odisha",21.9136,84.0503,31583,222,240,19.7,18.5,65,17.7,27.6
2023,2,"2023-02-01","DMU","Dimapur Airport","Dimapur","Nagaland",25.8839,93.7711,42110,297,321,18,18.5,65,17.7,26.4
2023,2,"2023-02-01","SHL","Shillong Airport (Umroi)","Shillong","Meghalaya",25.7036,91.9786,10528,74,80,18,18.5,65,17.7,26.5
2023,2,"2023-02-01","AJL","Lengpui Airport","Aizawl","Mizoram",23.8406,92.6192,21055,148,160,18.9,18.5,65,17.7,27
2023,2,"2023-02-01","IXS","Silchar Airport","Silchar","Assam",24.9128,92.9789,42110,297,321,18.4,18.5,65,17.7,26.7
2023,2,"2023-02-01","DBR","Dibrugarh Airport","Dibrugarh","Assam",27.4839,95.0169,115803,816,881,17.2,18.5,65,17.7,25.9
2023,2,"2023-02-01","JRH","Jorhat Airport","Jorhat","Assam",26.7314,94.1758,31583,222,240,17.6,18.5,65,17.7,26.2
2023,2,"2023-02-01","TEZ","Tezpur Airport","Tezpur","Assam",26.7092,92.7872,10528,74,80,17.6,18.5,65,17.7,26.2
2023,2,"2023-02-01","IXT","Pakyong Airport","Pakyong","Sikkim",27.2344,88.5886,5264,37,40,17.3,18.5,65,17.7,26
2023,2,"2023-02-01","IXZ","Veer Savarkar International Airport","Port Blair","Andaman and Nicobar Islands",11.6411,92.7297,178968,1260,1361,24.4,18.5,65,17.7,30.7
2023,2,"2023-02-01","PYB","Jeypore Airport","Jeypore","Odisha",18.88,82.553,5264,37,40,21.1,18.5,65,17.7,28.5
2023,2,"2023-02-01","HYT","Donyi Polo Airport (Itanagar)","Hollongi","Arunachal Pradesh",26.96,93.64,21055,148,160,17.5,18.5,65,17.7,26.1
2023,2,"2023-02-01","RMD","Ramagundam Airport","Ramagundam","Telangana",18.78,79.44,2106,15,16,21.1,18.5,65,17.7,28.5
2023,3,"2023-03-01","DEL","Indira Gandhi International Airport","New Delhi","Delhi",28.5562,77.1,7789333,54854,59242,29.7,18.5,48,18.5,34.8
2023,3,"2023-03-01","BOM","Chhatrapati Shivaji Maharaj International Airport","Mumbai","Maharashtra",19.0896,72.8656,5461000,38458,41535,34,18.5,48,18.5,37.6
2023,3,"2023-03-01","BLR","Kempegowda International Airport","Bengaluru","Karnataka",13.1986,77.7066,3968750,27949,30185,36.7,18.5,48,18.5,39.4
2023,3,"2023-03-01","MAA","Chennai International Airport","Chennai","Tamil Nadu",12.9941,80.1709,2233083,15726,16984,36.8,18.5,48,18.5,39.5
2023,3,"2023-03-01","HYD","Rajiv Gandhi International Airport","Hyderabad","Telangana",17.2403,78.4294,2645833,18633,20124,34.8,18.5,48,18.5,38.2
2023,3,"2023-03-01","CCU","Netaji Subhash Chandra Bose International Airport","Kolkata","West Bengal",22.6547,88.4467,2095500,14757,15938,32.4,18.5,48,18.5,36.6
2023,3,"2023-03-01","AMD","Sardar Vallabhbhai Patel International Airport","Ahmedabad","Gujarat",23.0772,72.6347,1185333,8347,9015,32.2,18.5,48,18.5,36.5
2023,3,"2023-03-01","PNQ","Pune Airport","Pune","Maharashtra",18.5822,73.9197,846667,5962,6439,34.2,18.5,48,18.5,37.8
2023,3,"2023-03-01","COK","Cochin International Airport","Kochi","Kerala",10.152,76.4019,1090083,7677,8291,38,18.5,48,18.5,40.3
2023,3,"2023-03-01","GOI","Dabolim Airport","Goa","Goa",15.3808,73.8314,889000,6261,6762,35.7,18.5,48,18.5,38.8
2023,3,"2023-03-01","GOX","Manohar International Airport (MOPA)","Goa","Goa",15.7481,73.8647,444500,3130,3380,35.5,18.5,48,18.5,38.7
2023,3,"2023-03-01","CJB","Coimbatore International Airport","Coimbatore","Tamil Nadu",11.03,77.0434,306917,2161,2334,37.6,18.5,48,18.5,40.1
2023,3,"2023-03-01","TRZ","Tiruchirappalli International Airport","Tiruchirappalli","Tamil Nadu",10.7654,78.7097,190500,1342,1449,37.8,18.5,48,18.5,40.1
2023,3,"2023-03-01","IXM","Madurai Airport","Madurai","Tamil Nadu",9.8345,78.0934,148167,1043,1126,38.2,18.5,48,18.5,40.4
2023,3,"2023-03-01","SXV","Salem Airport","Salem","Tamil Nadu",11.7783,78.0647,10583,75,81,37.3,18.5,48,18.5,39.8
2023,3,"2023-03-01","TCR","Tuticorin Airport","Thoothukudi","Tamil Nadu",8.7242,78.0267,21167,149,161,38.7,18.5,48,18.5,40.8
2023,3,"2023-03-01","ATQ","Sri Guru Ram Dass Jee International Airport","Amritsar","Punjab",31.7096,74.7973,296333,2087,2254,28.3,18.5,48,18.5,33.9
2023,3,"2023-03-01","IXC","Chandigarh International Airport","Chandigarh","Chandigarh",30.6735,76.7885,381000,2683,2898,28.8,18.5,48,18.5,34.2
2023,3,"2023-03-01","GAU","Lokpriya Gopinath Bordoloi International Airport","Guwahati","Assam",26.1061,91.5859,613833,4323,4669,30.9,18.5,48,18.5,35.5
2023,3,"2023-03-01","JAI","Jaipur International Airport","Jaipur","Rajasthan",26.8242,75.8122,571500,4025,4347,30.5,18.5,48,18.5,35.3
2023,3,"2023-03-01","LKO","Chaudhary Charan Singh International Airport","Lucknow","Uttar Pradesh",26.7606,80.8893,550333,3876,4186,30.6,18.5,48,18.5,35.3
2023,3,"2023-03-01","TRV","Thiruvananthapuram International Airport","Thiruvananthapuram","Kerala",8.4821,76.92,465667,3279,3541,38.8,18.5,48,18.5,40.8
2023,3,"2023-03-01","CCJ","Calicut International Airport","Kozhikode","Kerala",11.1368,75.9553,338667,2385,2576,37.6,18.5,48,18.5,40
2023,3,"2023-03-01","IXE","Mangaluru International Airport","Mangaluru","Karnataka",12.9613,74.89,201083,1416,1529,36.8,18.5,48,18.5,39.5
2023,3,"2023-03-01","PAT","Jay Prakash Narayan Airport","Patna","Bihar",25.5913,85.088,444500,3130,3380,31.1,18.5,48,18.5,35.7
2023,3,"2023-03-01","BBI","Biju Patnaik International Airport","Bhubaneswar","Odisha",20.2444,85.8178,476250,3354,3622,33.5,18.5,48,18.5,37.3
2023,3,"2023-03-01","IDR","Devi Ahilya Bai Holkar Airport","Indore","Madhya Pradesh",22.7217,75.8011,328083,2310,2495,32.4,18.5,48,18.5,36.6
2023,3,"2023-03-01","NAG","Dr. Babasaheb Ambedkar International Airport","Nagpur","Maharashtra",21.0922,79.0472,296333,2087,2254,33.1,18.5,48,18.5,37
2023,3,"2023-03-01","IXB","Bagdogra Airport","Siliguri","West Bengal",26.6812,88.3286,328083,2310,2495,30.6,18.5,48,18.5,35.4
2023,3,"2023-03-01","SXR","Sheikh ul-Alam International Airport","Srinagar","Jammu and Kashmir",33.9872,74.7742,465667,3279,3541,27.3,18.5,48,18.5,33.2
2023,3,"2023-03-01","IXJ","Jammu Airport","Jammu","Jammu and Kashmir",32.6892,74.8372,190500,1342,1449,27.9,18.5,48,18.5,33.6
2023,3,"2023-03-01","IXL","Kushok Bakula Rimpochee Airport","Leh","Ladakh",34.1358,77.5464,127000,894,966,27.2,18.5,48,18.5,33.1
2023,3,"2023-03-01","IXA","Maharaja Bir Bikram Airport","Agartala","Tripura",23.887,91.2405,158750,1118,1207,31.9,18.5,48,18.5,36.2
2023,3,"2023-03-01","IMF","Imphal Airport","Imphal","Manipur",24.76,93.8967,127000,894,966,31.5,18.5,48,18.5,35.9
2023,3,"2023-03-01","RJA","Rajahmundry Airport","Rajahmundry","Andhra Pradesh",17.1106,81.8181,42333,298,322,34.9,18.5,48,18.5,38.2
2023,3,"2023-03-01","VTZ","Visakhapatnam Airport","Visakhapatnam","Andhra Pradesh",17.7211,83.2244,296333,2087,2254,34.6,18.5,48,18.5,38.1
2023,3,"2023-03-01","TIR","Tirupati Airport","Tirupati","Andhra Pradesh",13.6325,79.5433,95250,671,725,36.5,18.5,48,18.5,39.3
2023,3,"2023-03-01","VGA","Vijayawada Airport","Vijayawada","Andhra Pradesh",16.5304,80.7968,116417,820,886,35.2,18.5,48,18.5,38.4
2023,3,"2023-03-01","DHM","Gaggal Airport (Dharamshala)","Kangra","Himachal Pradesh",32.1651,76.2634,31750,224,242,28.1,18.5,48,18.5,33.7
2023,3,"2023-03-01","SLV","Shimla Airport","Shimla","Himachal Pradesh",31.0817,77.0678,10583,75,81,28.6,18.5,48,18.5,34.1
2023,3,"2023-03-01","KUU","Kullu Manali Airport (Bhuntar)","Bhuntar","Himachal Pradesh",31.8767,77.1542,10583,75,81,28.3,18.5,48,18.5,33.8
2023,3,"2023-03-01","BDQ","Vadodara Airport","Vadodara","Gujarat",22.3361,73.2264,127000,894,966,32.5,18.5,48,18.5,36.7
2023,3,"2023-03-01","STV","Surat Airport","Surat","Gujarat",21.1142,72.7419,137583,969,1047,33.1,18.5,48,18.5,37
2023,3,"2023-03-01","HSR","Hisar Airport","Hisar","Haryana",29.1794,75.7538,5292,37,40,29.5,18.5,48,18.5,34.6
2023,3,"2023-03-01","GWL","Gwalior Airport","Gwalior","Madhya Pradesh",26.2933,78.2278,42333,298,322,30.8,18.5,48,18.5,35.5
2023,3,"2023-03-01","JLR","Jabalpur Airport","Jabalpur","Madhya Pradesh",23.1778,80.0522,52917,373,403,32.2,18.5,48,18.5,36.4
2023,3,"2023-03-01","RPR","Swami Vivekananda Airport","Raipur","Chhattisgarh",21.1803,81.7389,264583,1863,2012,33.1,18.5,48,18.5,37
2023,3,"2023-03-01","DED","Jolly Grant Airport","Dehradun","Uttarakhand",30.1897,78.1803,169333,1192,1287,29,18.5,48,18.5,34.3
2023,3,"2023-03-01","PNT","Pantnagar Airport","Pantnagar","Uttarakhand",29.0333,79.4736,10583,75,81,29.5,18.5,48,18.5,34.7
2023,3,"2023-03-01","IXR","Birsa Munda Airport","Ranchi","Jharkhand",23.3142,85.3217,254000,1789,1932,32.1,18.5,48,18.5,36.4
2023,3,"2023-03-01","DHO","Deoghar Airport","Deoghar","Jharkhand",24.4439,86.7028,31750,224,242,31.6,18.5,48,18.5,36
2023,3,"2023-03-01","JRG","Veer Surendra Sai Airport","Jharsuguda","Odisha",21.9136,84.0503,31750,224,242,32.7,18.5,48,18.5,36.8
2023,3,"2023-03-01","DMU","Dimapur Airport","Dimapur","Nagaland",25.8839,93.7711,42333,298,322,31,18.5,48,18.5,35.6
2023,3,"2023-03-01","SHL","Shillong Airport (Umroi)","Shillong","Meghalaya",25.7036,91.9786,10583,75,81,31,18.5,48,18.5,35.7
2023,3,"2023-03-01","AJL","Lengpui Airport","Aizawl","Mizoram",23.8406,92.6192,21167,149,161,31.9,18.5,48,18.5,36.2
2023,3,"2023-03-01","IXS","Silchar Airport","Silchar","Assam",24.9128,92.9789,42333,298,322,31.4,18.5,48,18.5,35.9
2023,3,"2023-03-01","DBR","Dibrugarh Airport","Dibrugarh","Assam",27.4839,95.0169,116417,820,886,30.2,18.5,48,18.5,35.1
2023,3,"2023-03-01","JRH","Jorhat Airport","Jorhat","Assam",26.7314,94.1758,31750,224,242,30.6,18.5,48,18.5,35.4
2023,3,"2023-03-01","TEZ","Tezpur Airport","Tezpur","Assam",26.7092,92.7872,10583,75,81,30.6,18.5,48,18.5,35.4
2023,3,"2023-03-01","IXT","Pakyong Airport","Pakyong","Sikkim",27.2344,88.5886,5292,37,40,30.3,18.5,48,18.5,35.2
2023,3,"2023-03-01","IXZ","Veer Savarkar International Airport","Port Blair","Andaman and Nicobar Islands",11.6411,92.7297,179917,1267,1368,37.4,18.5,48,18.5,39.9
2023,3,"2023-03-01","PYB","Jeypore Airport","Jeypore","Odisha",18.88,82.553,5292,37,40,34.1,18.5,48,18.5,37.7
2023,3,"2023-03-01","HYT","Donyi Polo Airport (Itanagar)","Hollongi","Arunachal Pradesh",26.96,93.64,21167,149,161,30.5,18.5,48,18.5,35.3
2023,3,"2023-03-01","RMD","Ramagundam Airport","Ramagundam","Telangana",18.78,79.44,2117,15,16,34.1,18.5,48,18.5,37.7
2023,4,"2023-04-01","DEL","Indira Gandhi International Airport","New Delhi","Delhi",28.5562,77.1,7748248,54565,58930,29.7,18.5,48,17.7,34.3
2023,4,"2023-04-01","BOM","Chhatrapati Shivaji Maharaj International Airport","Mumbai","Maharashtra",19.0896,72.8656,5432195,38255,41315,34,18.5,48,17.7,37.1
2023,4,"2023-04-01","BLR","Kempegowda International Airport","Bengaluru","Karnataka",13.1986,77.7066,3947816,27802,30026,36.7,18.5,48,17.7,38.9
2023,4,"2023-04-01","MAA","Chennai International Airport","Chennai","Tamil Nadu",12.9941,80.1709,2221305,15643,16894,36.8,18.5,48,17.7,38.9
2023,4,"2023-04-01","HYD","Rajiv Gandhi International Airport","Hyderabad","Telangana",17.2403,78.4294,2631878,18534,20017,34.8,18.5,48,17.7,37.7
2023,4,"2023-04-01","CCU","Netaji Subhash Chandra Bose International Airport","Kolkata","West Bengal",22.6547,88.4467,2084447,14679,15853,32.4,18.5,48,17.7,36
2023,4,"2023-04-01","AMD","Sardar Vallabhbhai Patel International Airport","Ahmedabad","Gujarat",23.0772,72.6347,1179081,8303,8967,32.2,18.5,48,17.7,35.9
2023,4,"2023-04-01","PNQ","Pune Airport","Pune","Maharashtra",18.5822,73.9197,842201,5931,6405,34.2,18.5,48,17.7,37.3
2023,4,"2023-04-01","COK","Cochin International Airport","Kochi","Kerala",10.152,76.4019,1084334,7636,8247,38,18.5,48,17.7,39.8
2023,4,"2023-04-01","GOI","Dabolim Airport","Goa","Goa",15.3808,73.8314,884311,6228,6726,35.7,18.5,48,17.7,38.2
2023,4,"2023-04-01","GOX","Manohar International Airport (MOPA)","Goa","Goa",15.7481,73.8647,442155,3114,3363,35.5,18.5,48,17.7,38.1
2023,4,"2023-04-01","CJB","Coimbatore International Airport","Coimbatore","Tamil Nadu",11.03,77.0434,305298,2150,2322,37.6,18.5,48,17.7,39.5
2023,4,"2023-04-01","TRZ","Tiruchirappalli International Airport","Tiruchirappalli","Tamil Nadu",10.7654,78.7097,189495,1334,1441,37.8,18.5,48,17.7,39.6
2023,4,"2023-04-01","IXM","Madurai Airport","Madurai","Tamil Nadu",9.8345,78.0934,147385,1038,1121,38.2,18.5,48,17.7,39.9
2023,4,"2023-04-01","SXV","Salem Airport","Salem","Tamil Nadu",11.7783,78.0647,10528,74,80,37.3,18.5,48,17.7,39.3
2023,4,"2023-04-01","TCR","Tuticorin Airport","Thoothukudi","Tamil Nadu",8.7242,78.0267,21055,148,160,38.7,18.5,48,17.7,40.2
2023,4,"2023-04-01","ATQ","Sri Guru Ram Dass Jee International Airport","Amritsar","Punjab",31.7096,74.7973,294770,2076,2242,28.3,18.5,48,17.7,33.3
2023,4,"2023-04-01","IXC","Chandigarh International Airport","Chandigarh","Chandigarh",30.6735,76.7885,378990,2669,2883,28.8,18.5,48,17.7,33.6
2023,4,"2023-04-01","GAU","Lokpriya Gopinath Bordoloi International Airport","Guwahati","Assam",26.1061,91.5859,610596,4300,4644,30.9,18.5,48,17.7,35
2023,4,"2023-04-01","JAI","Jaipur International Airport","Jaipur","Rajasthan",26.8242,75.8122,568486,4003,4323,30.5,18.5,48,17.7,34.8
2023,4,"2023-04-01","LKO","Chaudhary Charan Singh International Airport","Lucknow","Uttar Pradesh",26.7606,80.8893,547431,3855,4163,30.6,18.5,48,17.7,34.8
2023,4,"2023-04-01","TRV","Thiruvananthapuram International Airport","Thiruvananthapuram","Kerala",8.4821,76.92,463210,3262,3523,38.8,18.5,48,17.7,40.3
2023,4,"2023-04-01","CCJ","Calicut International Airport","Kozhikode","Kerala",11.1368,75.9553,336880,2372,2562,37.6,18.5,48,17.7,39.5
2023,4,"2023-04-01","IXE","Mangaluru International Airport","Mangaluru","Karnataka",12.9613,74.89,200023,1409,1522,36.8,18.5,48,17.7,39
2023,4,"2023-04-01","PAT","Jay Prakash Narayan Airport","Patna","Bihar",25.5913,85.088,442155,3114,3363,31.1,18.5,48,17.7,35.2
2023,4,"2023-04-01","BBI","Biju Patnaik International Airport","Bhubaneswar","Odisha",20.2444,85.8178,473738,3336,3603,33.5,18.5,48,17.7,36.8
2023,4,"2023-04-01","IDR","Devi Ahilya Bai Holkar Airport","Indore","Madhya Pradesh",22.7217,75.8011,326353,2298,2482,32.4,18.5,48,17.7,36
2023,4,"2023-04-01","NAG","Dr. Babasaheb Ambedkar International Airport","Nagpur","Maharashtra",21.0922,79.0472,294770,2076,2242,33.1,18.5,48,17.7,36.5
2023,4,"2023-04-01","IXB","Bagdogra Airport","Siliguri","West Bengal",26.6812,88.3286,326353,2298,2482,30.6,18.5,48,17.7,34.8
2023,4,"2023-04-01","SXR","Sheikh ul-Alam International Airport","Srinagar","Jammu and Kashmir",33.9872,74.7742,463210,3262,3523,27.3,18.5,48,17.7,32.6
2023,4,"2023-04-01","IXJ","Jammu Airport","Jammu","Jammu and Kashmir",32.6892,74.8372,189495,1334,1441,27.9,18.5,48,17.7,33
2023,4,"2023-04-01","IXL","Kushok Bakula Rimpochee Airport","Leh","Ladakh",34.1358,77.5464,126330,890,961,27.2,18.5,48,17.7,32.6
2023,4,"2023-04-01","IXA","Maharaja Bir Bikram Airport","Agartala","Tripura",23.887,91.2405,157913,1112,1201,31.9,18.5,48,17.7,35.7
2023,4,"2023-04-01","IMF","Imphal Airport","Imphal","Manipur",24.76,93.8967,126330,890,961,31.5,18.5,48,17.7,35.4
2023,4,"2023-04-01","RJA","Rajahmundry Airport","Rajahmundry","Andhra Pradesh",17.1106,81.8181,42110,297,321,34.9,18.5,48,17.7,37.7
2023,4,"2023-04-01","VTZ","Visakhapatnam Airport","Visakhapatnam","Andhra Pradesh",17.7211,83.2244,294770,2076,2242,34.6,18.5,48,17.7,37.5
2023,4,"2023-04-01","TIR","Tirupati Airport","Tirupati","Andhra Pradesh",13.6325,79.5433,94748,667,720,36.5,18.5,48,17.7,38.8
2023,4,"2023-04-01","VGA","Vijayawada Airport","Vijayawada","Andhra Pradesh",16.5304,80.7968,115803,816,881,35.2,18.5,48,17.7,37.9
2023,4,"2023-04-01","DHM","Gaggal Airport (Dharamshala)","Kangra","Himachal Pradesh",32.1651,76.2634,31583,222,240,28.1,18.5,48,17.7,33.2
2023,4,"2023-04-01","SLV","Shimla Airport","Shimla","Himachal Pradesh",31.0817,77.0678,10528,74,80,28.6,18.5,48,17.7,33.5
2023,4,"2023-04-01","KUU","Kullu Manali Airport (Bhuntar)","Bhuntar","Himachal Pradesh",31.8767,77.1542,10528,74,80,28.3,18.5,48,17.7,33.3
2023,4,"2023-04-01","BDQ","Vadodara Airport","Vadodara","Gujarat",22.3361,73.2264,126330,890,961,32.5,18.5,48,17.7,36.1
2023,4,"2023-04-01","STV","Surat Airport","Surat","Gujarat",21.1142,72.7419,136858,964,1041,33.1,18.5,48,17.7,36.5
2023,4,"2023-04-01","HSR","Hisar Airport","Hisar","Haryana",29.1794,75.7538,5264,37,40,29.5,18.5,48,17.7,34.1
2023,4,"2023-04-01","GWL","Gwalior Airport","Gwalior","Madhya Pradesh",26.2933,78.2278,42110,297,321,30.8,18.5,48,17.7,35
2023,4,"2023-04-01","JLR","Jabalpur Airport","Jabalpur","Madhya Pradesh",23.1778,80.0522,52638,371,401,32.2,18.5,48,17.7,35.9
2023,4,"2023-04-01","RPR","Swami Vivekananda Airport","Raipur","Chhattisgarh",21.1803,81.7389,263188,1853,2001,33.1,18.5,48,17.7,36.5
2023,4,"2023-04-01","DED","Jolly Grant Airport","Dehradun","Uttarakhand",30.1897,78.1803,168440,1186,1281,29,18.5,48,17.7,33.8
2023,4,"2023-04-01","PNT","Pantnagar Airport","Pantnagar","Uttarakhand",29.0333,79.4736,10528,74,80,29.5,18.5,48,17.7,34.1
2023,4,"2023-04-01","IXR","Birsa Munda Airport","Ranchi","Jharkhand",23.3142,85.3217,252660,1779,1921,32.1,18.5,48,17.7,35.8
2023,4,"2023-04-01","DHO","Deoghar Airport","Deoghar","Jharkhand",24.4439,86.7028,31583,222,240,31.6,18.5,48,17.7,35.5
2023,4,"2023-04-01","JRG","Veer Surendra Sai Airport","Jharsuguda","Odisha",21.9136,84.0503,31583,222,240,32.7,18.5,48,17.7,36.3
2023,4,"2023-04-01","DMU","Dimapur Airport","Dimapur","Nagaland",25.8839,93.7711,42110,297,321,31,18.5,48,17.7,35.1
2023,4,"2023-04-01","SHL","Shillong Airport (Umroi)","Shillong","Meghalaya",25.7036,91.9786,10528,74,80,31,18.5,48,17.7,35.1
2023,4,"2023-04-01","AJL","Lengpui Airport","Aizawl","Mizoram",23.8406,92.6192,21055,148,160,31.9,18.5,48,17.7,35.7
2023,4,"2023-04-01","IXS","Silchar Airport","Silchar","Assam",24.9128,92.9789,42110,297,321,31.4,18.5,48,17.7,35.4
2023,4,"2023-04-01","DBR","Dibrugarh Airport","Dibrugarh","Assam",27.4839,95.0169,115803,816,881,30.2,18.5,48,17.7,34.6
2023,4,"2023-04-01","JRH","Jorhat Airport","Jorhat","Assam",26.7314,94.1758,31583,222,240,30.6,18.5,48,17.7,34.8
2023,4,"2023-04-01","TEZ","Tezpur Airport","Tezpur","Assam",26.7092,92.7872,10528,74,80,30.6,18.5,48,17.7,34.8
2023,4,"2023-04-01","IXT","Pakyong Airport","Pakyong","Sikkim",27.2344,88.5886,5264,37,40,30.3,18.5,48,17.7,34.7
2023,4,"2023-04-01","IXZ","Veer Savarkar International Airport","Port Blair","Andaman and Nicobar Islands",11.6411,92.7297,178968,1260,1361,37.4,18.5,48,17.7,39.4
2023,4,"2023-04-01","PYB","Jeypore Airport","Jeypore","Odisha",18.88,82.553,5264,37,40,34.1,18.5,48,17.7,37.2
2023,4,"2023-04-01","HYT","Donyi Polo Airport (Itanagar)","Hollongi","Arunachal Pradesh",26.96,93.64,21055,148,160,30.5,18.5,48,17.7,34.8
2023,4,"2023-04-01","RMD","Ramagundam Airport","Ramagundam","Telangana",18.78,79.44,2106,15,16,34.1,18.5,48,17.7,37.2
2023,5,"2023-05-01","DEL","Indira Gandhi International Airport","New Delhi","Delhi",28.5562,77.1,7636000,53775,58077,29.7,18.5,48,15.5,32.8
2023,5,"2023-05-01","BOM","Chhatrapati Shivaji Maharaj International Airport","Mumbai","Maharashtra",19.0896,72.8656,5353500,37701,40717,34,18.5,48,15.5,35.6
2023,5,"2023-05-01","BLR","Kempegowda International Airport","Bengaluru","Karnataka",13.1986,77.7066,3890625,27399,29591,36.7,18.5,48,15.5,37.4
2023,5,"2023-05-01","MAA","Chennai International Airport","Chennai","Tamil Nadu",12.9941,80.1709,2189125,15416,16649,36.8,18.5,48,15.5,37.5
2023,5,"2023-05-01","HYD","Rajiv Gandhi International Airport","Hyderabad","Telangana",17.2403,78.4294,2593750,18266,19727,34.8,18.5,48,15.5,36.2
2023,5,"2023-05-01","CCU","Netaji Subhash Chandra Bose International Airport","Kolkata","West Bengal",22.6547,88.4467,2054250,14467,15624,32.4,18.5,48,15.5,34.6
2023,5,"2023-05-01","AMD","Sardar Vallabhbhai Patel International Airport","Ahmedabad","Gujarat",23.0772,72.6347,1162000,8183,8838,32.2,18.5,48,15.5,34.5
2023,5,"2023-05-01","PNQ","Pune Airport","Pune","Maharashtra",18.5822,73.9197,830000,5845,6313,34.2,18.5,48,15.5,35.8
2023,5,"2023-05-01","COK","Cochin International Airport","Kochi","Kerala",10.152,76.4019,1068625,7526,8128,38,18.5,48,15.5,38.3
2023,5,"2023-05-01","GOI","Dabolim Airport","Goa","Goa",15.3808,73.8314,871500,6137,6628,35.7,18.5,48,15.5,36.8
2023,5,"2023-05-01","GOX","Manohar International Airport (MOPA)","Goa","Goa",15.7481,73.8647,435750,3069,3315,35.5,18.5,48,15.5,36.7
2023,5,"2023-05-01","CJB","Coimbatore International Airport","Coimbatore","Tamil Nadu",11.03,77.0434,300875,2119,2289,37.6,18.5,48,15.5,38.1
2023,5,"2023-05-01","TRZ","Tiruchirappalli International Airport","Tiruchirappalli","Tamil Nadu",10.7654,78.7097,186750,1315,1420,37.8,18.5,48,15.5,38.1
2023,5,"2023-05-01","IXM","Madurai Airport","Madurai","Tamil Nadu",9.8345,78.0934,145250,1023,1105,38.2,18.5,48,15.5,38.4
2023,5,"2023-05-01","SXV","Salem Airport","Salem","Tamil Nadu",11.7783,78.0647,10375,73,79,37.3,18.5,48,15.5,37.8
2023,5,"2023-05-01","TCR","Tuticorin Airport","Thoothukudi","Tamil Nadu",8.7242,78.0267,20750,146,158,38.7,18.5,48,15.5,38.8
2023,5,"2023-05-01","ATQ","Sri Guru Ram Dass Jee International Airport","Amritsar","Punjab",31.7096,74.7973,290500,2046,2210,28.3,18.5,48,15.5,31.9
2023,5,"2023-05-01","IXC","Chandigarh International Airport","Chandigarh","Chandigarh",30.6735,76.7885,373500,2630,2840,28.8,18.5,48,15.5,32.2
2023,5,"2023-05-01","GAU","Lokpriya Gopinath Bordoloi International Airport","Guwahati","Assam",26.1061,91.5859,601750,4238,4577,30.9,18.5,48,15.5,33.5
2023,5,"2023-05-01","JAI","Jaipur International Airport","Jaipur","Rajasthan",26.8242,75.8122,560250,3945,4261,30.5,18.5,48,15.5,33.3
2023,5,"2023-05-01","LKO","Chaudhary Charan Singh International Airport","Lucknow","Uttar Pradesh",26.7606,80.8893,539500,3799,4103,30.6,18.5,48,15.5,33.3
2023,5,"2023-05-01","TRV","Thiruvananthapuram International Airport","Thiruvananthapuram","Kerala",8.4821,76.92,456500,3215,3472,38.8,18.5,48,15.5,38.8
2023,5,"2023-05-01","CCJ","Calicut International Airport","Kozhikode","Kerala",11.1368,75.9553,332000,2338,2525,37.6,18.5,48,15.5,38
2023,5,"2023-05-01","IXE","Mangaluru International Airport","Mangaluru","Karnataka",12.9613,74.89,197125,1388,1499,36.8,18.5,48,15.5,37.5
2023,5,"2023-05-01","PAT","Jay Prakash Narayan Airport","Patna","Bihar",25.5913,85.088,435750,3069,3315,31.1,18.5,48,15.5,33.7
2023,5,"2023-05-01","BBI","Biju Patnaik International Airport","Bhubaneswar","Odisha",20.2444,85.8178,466875,3288,3551,33.5,18.5,48,15.5,35.3
2023,5,"2023-05-01","IDR","Devi Ahilya Bai Holkar Airport","Indore","Madhya Pradesh",22.7217,75.8011,321625,2265,2446,32.4,18.5,48,15.5,34.6
2023,5,"2023-05-01","NAG","Dr. Babasaheb Ambedkar International Airport","Nagpur","Maharashtra",21.0922,79.0472,290500,2046,2210,33.1,18.5,48,15.5,35
2023,5,"2023-05-01","IXB","Bagdogra Airport","Siliguri","West Bengal",26.6812,88.3286,321625,2265,2446,30.6,18.5,48,15.5,33.4
2023,5,"2023-05-01","SXR","Sheikh ul-Alam International Airport","Srinagar","Jammu and Kashmir",33.9872,74.7742,456500,3215,3472,27.3,18.5,48,15.5,31.2
2023,5,"2023-05-01","IXJ","Jammu Airport","Jammu","Jammu and Kashmir",32.6892,74.8372,186750,1315,1420,27.9,18.5,48,15.5,31.6
2023,5,"2023-05-01","IXL","Kushok Bakula Rimpochee Airport","Leh","Ladakh",34.1358,77.5464,124500,877,947,27.2,18.5,48,15.5,31.1
2023,5,"2023-05-01","IXA","Maharaja Bir Bikram Airport","Agartala","Tripura",23.887,91.2405,155625,1096,1184,31.9,18.5,48,15.5,34.2
2023,5,"2023-05-01","IMF","Imphal Airport","Imphal","Manipur",24.76,93.8967,124500,877,947,31.5,18.5,48,15.5,33.9
2023,5,"2023-05-01","RJA","Rajahmundry Airport","Rajahmundry","Andhra Pradesh",17.1106,81.8181,41500,292,315,34.9,18.5,48,15.5,36.2
2023,5,"2023-05-01","VTZ","Visakhapatnam Airport","Visakhapatnam","Andhra Pradesh",17.7211,83.2244,290500,2046,2210,34.6,18.5,48,15.5,36.1
2023,5,"2023-05-01","TIR","Tirupati Airport","Tirupati","Andhra Pradesh",13.6325,79.5433,93375,658,711,36.5,18.5,48,15.5,37.3
2023,5,"2023-05-01","VGA","Vijayawada Airport","Vijayawada","Andhra Pradesh",16.5304,80.7968,114125,804,868,35.2,18.5,48,15.5,36.4
2023,5,"2023-05-01","DHM","Gaggal Airport (Dharamshala)","Kangra","Himachal Pradesh",32.1651,76.2634,31125,219,237,28.1,18.5,48,15.5,31.7
2023,5,"2023-05-01","SLV","Shimla Airport","Shimla","Himachal Pradesh",31.0817,77.0678,10375,73,79,28.6,18.5,48,15.5,32.1
2023,5,"2023-05-01","KUU","Kullu Manali Airport (Bhuntar)","Bhuntar","Himachal Pradesh",31.8767,77.1542,10375,73,79,28.3,18.5,48,15.5,31.8
2023,5,"2023-05-01","BDQ","Vadodara Airport","Vadodara","Gujarat",22.3361,73.2264,124500,877,947,32.5,18.5,48,15.5,34.7
2023,5,"2023-05-01","STV","Surat Airport","Surat","Gujarat",21.1142,72.7419,134875,950,1026,33.1,18.5,48,15.5,35
2023,5,"2023-05-01","HSR","Hisar Airport","Hisar","Haryana",29.1794,75.7538,5188,37,40,29.5,18.5,48,15.5,32.6
2023,5,"2023-05-01","GWL","Gwalior Airport","Gwalior","Madhya Pradesh",26.2933,78.2278,41500,292,315,30.8,18.5,48,15.5,33.5
2023,5,"2023-05-01","JLR","Jabalpur Airport","Jabalpur","Madhya Pradesh",23.1778,80.0522,51875,365,394,32.2,18.5,48,15.5,34.4
2023,5,"2023-05-01","RPR","Swami Vivekananda Airport","Raipur","Chhattisgarh",21.1803,81.7389,259375,1827,1973,33.1,18.5,48,15.5,35
2023,5,"2023-05-01","DED","Jolly Grant Airport","Dehradun","Uttarakhand",30.1897,78.1803,166000,1169,1263,29,18.5,48,15.5,32.3
2023,5,"2023-05-01","PNT","Pantnagar Airport","Pantnagar","Uttarakhand",29.0333,79.4736,10375,73,79,29.5,18.5,48,15.5,32.7
2023,5,"2023-05-01","IXR","Birsa Munda Airport","Ranchi","Jharkhand",23.3142,85.3217,249000,1754,1894,32.1,18.5,48,15.5,34.4
2023,5,"2023-05-01","DHO","Deoghar Airport","Deoghar","Jharkhand",24.4439,86.7028,31125,219,237,31.6,18.5,48,15.5,34
2023,5,"2023-05-01","JRG","Veer Surendra Sai Airport","Jharsuguda","Odisha",21.9136,84.0503,31125,219,237,32.7,18.5,48,15.5,34.8
2023,5,"2023-05-01","DMU","Dimapur Airport","Dimapur","Nagaland",25.8839,93.7711,41500,292,315,31,18.5,48,15.5,33.6
2023,5,"2023-05-01","SHL","Shillong Airport (Umroi)","Shillong","Meghalaya",25.7036,91.9786,10375,73,79,31,18.5,48,15.5,33.7
2023,5,"2023-05-01","AJL","Lengpui Airport","Aizawl","Mizoram",23.8406,92.6192,20750,146,158,31.9,18.5,48,15.5,34.2
2023,5,"2023-05-01","IXS","Silchar Airport","Silchar","Assam",24.9128,92.9789,41500,292,315,31.4,18.5,48,15.5,33.9
2023,5,"2023-05-01","DBR","Dibrugarh Airport","Dibrugarh","Assam",27.4839,95.0169,114125,804,868,30.2,18.5,48,15.5,33.1
2023,5,"2023-05-01","JRH","Jorhat Airport","Jorhat","Assam",26.7314,94.1758,31125,219,237,30.6,18.5,48,15.5,33.4
2023,5,"2023-05-01","TEZ","Tezpur Airport","Tezpur","Assam",26.7092,92.7872,10375,73,79,30.6,18.5,48,15.5,33.4
2023,5,"2023-05-01","IXT","Pakyong Airport","Pakyong","Sikkim",27.2344,88.5886,5188,37,40,30.3,18.5,48,15.5,33.2
2023,5,"2023-05-01","IXZ","Veer Savarkar International Airport","Port Blair","Andaman and Nicobar Islands",11.6411,92.7297,176375,1242,1341,37.4,18.5,48,15.5,37.9
2023,5,"2023-05-01","PYB","Jeypore Airport","Jeypore","Odisha",18.88,82.553,5188,37,40,34.1,18.5,48,15.5,35.7
2023,5,"2023-05-01","HYT","Donyi Polo Airport (Itanagar)","Hollongi","Arunachal Pradesh",26.96,93.64,20750,146,158,30.5,18.5,48,15.5,33.3
2023,5,"2023-05-01","RMD","Ramagundam Airport","Ramagundam","Telangana",18.78,79.44,2075,15,16,34.1,18.5,48,15.5,35.7
2023,6,"2023-06-01","DEL","Indira Gandhi International Airport","New Delhi","Delhi",28.5562,77.1,7482667,52695,56911,24.7,160,84,12.5,47.7
2023,6,"2023-06-01","BOM","Chhatrapati Shivaji Maharaj International Airport","Mumbai","Maharashtra",19.0896,72.8656,5246000,36944,39900,29,160,84,12.5,50.5
2023,6,"2023-06-01","BLR","Kempegowda International Airport","Bengaluru","Karnataka",13.1986,77.7066,3812500,26849,28997,31.7,160,84,12.5,52.3
2023,6,"2023-06-01","MAA","Chennai International Airport","Chennai","Tamil Nadu",12.9941,80.1709,2145167,15107,16316,31.8,160,84,12.5,52.4
2023,6,"2023-06-01","HYD","Rajiv Gandhi International Airport","Hyderabad","Telangana",17.2403,78.4294,2541667,17899,19331,29.8,160,84,12.5,51.1
2023,6,"2023-06-01","CCU","Netaji Subhash Chandra Bose International Airport","Kolkata","West Bengal",22.6547,88.4467,2013000,14176,15310,27.4,320,84,12.5,72.3
2023,6,"2023-06-01","AMD","Sardar Vallabhbhai Patel International Airport","Ahmedabad","Gujarat",23.0772,72.6347,1138667,8019,8661,27.2,160,84,12.5,49.3
2023,6,"2023-06-01","PNQ","Pune Airport","Pune","Maharashtra",18.5822,73.9197,813333,5728,6186,29.2,160,84,12.5,50.7
2023,6,"2023-06-01","COK","Cochin International Airport","Kochi","Kerala",10.152,76.4019,1047167,7374,7964,33,280,84,12.5,70.4
2023,6,"2023-06-01","GOI","Dabolim Airport","Goa","Goa",15.3808,73.8314,854000,6014,6495,30.7,280,84,12.5,68.8
2023,6,"2023-06-01","GOX","Manohar International Airport (MOPA)","Goa","Goa",15.7481,73.8647,427000,3007,3248,30.5,280,84,12.5,68.7
2023,6,"2023-06-01","CJB","Coimbatore International Airport","Coimbatore","Tamil Nadu",11.03,77.0434,294833,2076,2242,32.6,160,84,12.5,52.9
2023,6,"2023-06-01","TRZ","Tiruchirappalli International Airport","Tiruchirappalli","Tamil Nadu",10.7654,78.7097,183000,1289,1392,32.8,160,84,12.5,53
2023,6,"2023-06-01","IXM","Madurai Airport","Madurai","Tamil Nadu",9.8345,78.0934,142333,1002,1082,33.2,160,84,12.5,53.3
2023,6,"2023-06-01","SXV","Salem Airport","Salem","Tamil Nadu",11.7783,78.0647,10167,72,78,32.3,160,84,12.5,52.7
2023,6,"2023-06-01","TCR","Tuticorin Airport","Thoothukudi","Tamil Nadu",8.7242,78.0267,20333,143,154,33.7,160,84,12.5,53.6
2023,6,"2023-06-01","ATQ","Sri Guru Ram Dass Jee International Airport","Amritsar","Punjab",31.7096,74.7973,284667,2005,2165,23.3,160,84,12.5,46.7
2023,6,"2023-06-01","IXC","Chandigarh International Airport","Chandigarh","Chandigarh",30.6735,76.7885,366000,2577,2783,23.8,160,84,12.5,47.1
2023,6,"2023-06-01","GAU","Lokpriya Gopinath Bordoloi International Airport","Guwahati","Assam",26.1061,91.5859,589667,4153,4485,25.9,320,84,12.5,71.3
2023,6,"2023-06-01","JAI","Jaipur International Airport","Jaipur","Rajasthan",26.8242,75.8122,549000,3866,4175,25.5,160,84,12.5,48.2
2023,6,"2023-06-01","LKO","Chaudhary Charan Singh International Airport","Lucknow","Uttar Pradesh",26.7606,80.8893,528667,3723,4021,25.6,160,84,12.5,48.2
2023,6,"2023-06-01","TRV","Thiruvananthapuram International Airport","Thiruvananthapuram","Kerala",8.4821,76.92,447333,3150,3402,33.8,280,84,12.5,70.9
2023,6,"2023-06-01","CCJ","Calicut International Airport","Kozhikode","Kerala",11.1368,75.9553,325333,2291,2474,32.6,280,84,12.5,70.1
2023,6,"2023-06-01","IXE","Mangaluru International Airport","Mangaluru","Karnataka",12.9613,74.89,193167,1360,1469,31.8,280,84,12.5,69.5
2023,6,"2023-06-01","PAT","Jay Prakash Narayan Airport","Patna","Bihar",25.5913,85.088,427000,3007,3248,26.1,320,84,12.5,71.4
2023,6,"2023-06-01","BBI","Biju Patnaik International Airport","Bhubaneswar","Odisha",20.2444,85.8178,457500,3222,3480,28.5,320,84,12.5,73
2023,6,"2023-06-01","IDR","Devi Ahilya Bai Holkar Airport","Indore","Madhya Pradesh",22.7217,75.8011,315167,2219,2397,27.4,160,84,12.5,49.4
2023,6,"2023-06-01","NAG","Dr. Babasaheb Ambedkar International Airport","Nagpur","Maharashtra",21.0922,79.0472,284667,2005,2165,28.1,160,84,12.5,49.9
2023,6,"2023-06-01","IXB","Bagdogra Airport","Siliguri","West Bengal",26.6812,88.3286,315167,2219,2397,25.6,320,84,12.5,71.1
2023,6,"2023-06-01","SXR","Sheikh ul-Alam International Airport","Srinagar","Jammu and Kashmir",33.9872,74.7742,447333,3150,3402,22.3,160,84,12.5,46.1
2023,6,"2023-06-01","IXJ","Jammu Airport","Jammu","Jammu and Kashmir",32.6892,74.8372,183000,1289,1392,22.9,160,84,12.5,46.5
2023,6,"2023-06-01","IXL","Kushok Bakula Rimpochee Airport","Leh","Ladakh",34.1358,77.5464,122000,859,928,22.2,160,84,12.5,46
2023,6,"2023-06-01","IXA","Maharaja Bir Bikram Airport","Agartala","Tripura",23.887,91.2405,152500,1074,1160,26.9,320,84,12.5,71.9
2023,6,"2023-06-01","IMF","Imphal Airport","Imphal","Manipur",24.76,93.8967,122000,859,928,26.5,320,84,12.5,71.7
2023,6,"2023-06-01","RJA","Rajahmundry Airport","Rajahmundry","Andhra Pradesh",17.1106,81.8181,40667,286,309,29.9,160,84,12.5,51.1
2023,6,"2023-06-01","VTZ","Visakhapatnam Airport","Visakhapatnam","Andhra Pradesh",17.7211,83.2244,284667,2005,2165,29.6,160,84,12.5,50.9
2023,6,"2023-06-01","TIR","Tirupati Airport","Tirupati","Andhra Pradesh",13.6325,79.5433,91500,644,696,31.5,160,84,12.5,52.2
2023,6,"2023-06-01","VGA","Vijayawada Airport","Vijayawada","Andhra Pradesh",16.5304,80.7968,111833,788,851,30.2,160,84,12.5,51.3
2023,6,"2023-06-01","DHM","Gaggal Airport (Dharamshala)","Kangra","Himachal Pradesh",32.1651,76.2634,30500,215,232,23.1,160,84,12.5,46.6
2023,6,"2023-06-01","SLV","Shimla Airport","Shimla","Himachal Pradesh",31.0817,77.0678,10167,72,78,23.6,160,84,12.5,46.9
2023,6,"2023-06-01","KUU","Kullu Manali Airport (Bhuntar)","Bhuntar","Himachal Pradesh",31.8767,77.1542,10167,72,78,23.3,160,84,12.5,46.7
2023,6,"2023-06-01","BDQ","Vadodara Airport","Vadodara","Gujarat",22.3361,73.2264,122000,859,928,27.5,160,84,12.5,49.6
2023,6,"2023-06-01","STV","Surat Airport","Surat","Gujarat",21.1142,72.7419,132167,931,1005,28.1,160,84,12.5,49.9
2023,6,"2023-06-01","HSR","Hisar Airport","Hisar","Haryana",29.1794,75.7538,5083,36,39,24.5,160,84,12.5,47.5
2023,6,"2023-06-01","GWL","Gwalior Airport","Gwalior","Madhya Pradesh",26.2933,78.2278,40667,286,309,25.8,160,84,12.5,48.4
2023,6,"2023-06-01","JLR","Jabalpur Airport","Jabalpur","Madhya Pradesh",23.1778,80.0522,50833,358,387,27.2,160,84,12.5,49.3
2023,6,"2023-06-01","RPR","Swami Vivekananda Airport","Raipur","Chhattisgarh",21.1803,81.7389,254167,1790,1933,28.1,160,84,12.5,49.9
2023,6,"2023-06-01","DED","Jolly Grant Airport","Dehradun","Uttarakhand",30.1897,78.1803,162667,1146,1238,24,160,84,12.5,47.2
2023,6,"2023-06-01","PNT","Pantnagar Airport","Pantnagar","Uttarakhand",29.0333,79.4736,10167,72,78,24.5,160,84,12.5,47.5
2023,6,"2023-06-01","IXR","Birsa Munda Airport","Ranchi","Jharkhand",23.3142,85.3217,244000,1718,1855,27.1,320,84,12.5,72.1
2023,6,"2023-06-01","DHO","Deoghar Airport","Deoghar","Jharkhand",24.4439,86.7028,30500,215,232,26.6,320,84,12.5,71.8
2023,6,"2023-06-01","JRG","Veer Surendra Sai Airport","Jharsuguda","Odisha",21.9136,84.0503,30500,215,232,27.7,160,84,12.5,49.7
2023,6,"2023-06-01","DMU","Dimapur Airport","Dimapur","Nagaland",25.8839,93.7711,40667,286,309,26,320,84,12.5,71.3
2023,6,"2023-06-01","SHL","Shillong Airport (Umroi)","Shillong","Meghalaya",25.7036,91.9786,10167,72,78,26,320,84,12.5,71.4
2023,6,"2023-06-01","AJL","Lengpui Airport","Aizawl","Mizoram",23.8406,92.6192,20333,143,154,26.9,320,84,12.5,72
2023,6,"2023-06-01","IXS","Silchar Airport","Silchar","Assam",24.9128,92.9789,40667,286,309,26.4,320,84,12.5,71.6
2023,6,"2023-06-01","DBR","Dibrugarh Airport","Dibrugarh","Assam",27.4839,95.0169,111833,788,851,25.2,320,84,12.5,70.9
2023,6,"2023-06-01","JRH","Jorhat Airport","Jorhat","Assam",26.7314,94.1758,30500,215,232,25.6,320,84,12.5,71.1
2023,6,"2023-06-01","TEZ","Tezpur Airport","Tezpur","Assam",26.7092,92.7872,10167,72,78,25.6,320,84,12.5,71.1
2023,6,"2023-06-01","IXT","Pakyong Airport","Pakyong","Sikkim",27.2344,88.5886,5083,36,39,25.3,320,84,12.5,70.9
2023,6,"2023-06-01","IXZ","Veer Savarkar International Airport","Port Blair","Andaman and Nicobar Islands",11.6411,92.7297,172833,1217,1314,32.4,160,84,12.5,52.8
2023,6,"2023-06-01","PYB","Jeypore Airport","Jeypore","Odisha",18.88,82.553,5083,36,39,29.1,160,84,12.5,50.6
2023,6,"2023-06-01","HYT","Donyi Polo Airport (Itanagar)","Hollongi","Arunachal Pradesh",26.96,93.64,20333,143,154,25.5,320,84,12.5,71
2023,6,"2023-06-01","RMD","Ramagundam Airport","Ramagundam","Telangana",18.78,79.44,2033,14,15,29.1,160,84,12.5,50.6
2023,7,"2023-07-01","DEL","Indira Gandhi International Airport","New Delhi","Delhi",28.5562,77.1,7329333,51615,55744,24.7,160,84,9.5,45.7
2023,7,"2023-07-01","BOM","Chhatrapati Shivaji Maharaj International Airport","Mumbai","Maharashtra",19.0896,72.8656,5138500,36187,39082,29,160,84,9.5,48.5
2023,7,"2023-07-01","BLR","Kempegowda International Airport","Bengaluru","Karnataka",13.1986,77.7066,3734375,26298,28402,31.7,160,84,9.5,50.3
2023,7,"2023-07-01","MAA","Chennai International Airport","Chennai","Tamil Nadu",12.9941,80.1709,2101208,14797,15981,31.8,160,84,9.5,50.4
2023,7,"2023-07-01","HYD","Rajiv Gandhi International Airport","Hyderabad","Telangana",17.2403,78.4294,2489583,17532,18935,29.8,160,84,9.5,49.1
2023,7,"2023-07-01","CCU","Netaji Subhash Chandra Bose International Airport","Kolkata","West Bengal",22.6547,88.4467,1971750,13886,14997,27.4,320,84,9.5,70.3
2023,7,"2023-07-01","AMD","Sardar Vallabhbhai Patel International Airport","Ahmedabad","Gujarat",23.0772,72.6347,1115333,7854,8482,27.2,160,84,9.5,47.3
2023,7,"2023-07-01","PNQ","Pune Airport","Pune","Maharashtra",18.5822,73.9197,796667,5610,6059,29.2,160,84,9.5,48.7
2023,7,"2023-07-01","COK","Cochin International Airport","Kochi","Kerala",10.152,76.4019,1025708,7223,7801,33,280,84,9.5,68.4
2023,7,"2023-07-01","GOI","Dabolim Airport","Goa","Goa",15.3808,73.8314,836500,5891,6362,30.7,280,84,9.5,66.8
2023,7,"2023-07-01","GOX","Manohar International Airport (MOPA)","Goa","Goa",15.7481,73.8647,418250,2945,3181,30.5,280,84,9.5,66.7
2023,7,"2023-07-01","CJB","Coimbatore International Airport","Coimbatore","Tamil Nadu",11.03,77.0434,288792,2034,2197,32.6,160,84,9.5,50.9
2023,7,"2023-07-01","TRZ","Tiruchirappalli International Airport","Tiruchirappalli","Tamil Nadu",10.7654,78.7097,179250,1262,1363,32.8,160,84,9.5,51
2023,7,"2023-07-01","IXM","Madurai Airport","Madurai","Tamil Nadu",9.8345,78.0934,139417,982,1061,33.2,160,84,9.5,51.3
2023,7,"2023-07-01","SXV","Salem Airport","Salem","Tamil Nadu",11.7783,78.0647,9958,70,76,32.3,160,84,9.5,50.7
2023,7,"2023-07-01","TCR","Tuticorin Airport","Thoothukudi","Tamil Nadu",8.7242,78.0267,19917,140,151,33.7,160,84,9.5,51.6
2023,7,"2023-07-01","ATQ","Sri Guru Ram Dass Jee International Airport","Amritsar","Punjab",31.7096,74.7973,278833,1964,2121,23.3,160,84,9.5,44.7
2023,7,"2023-07-01","IXC","Chandigarh International Airport","Chandigarh","Chandigarh",30.6735,76.7885,358500,2525,2727,23.8,160,84,9.5,45.1
2023,7,"2023-07-01","GAU","Lokpriya Gopinath Bordoloi International Airport","Guwahati","Assam",26.1061,91.5859,577583,4067,4392,25.9,320,84,9.5,69.3
2023,7,"2023-07-01","JAI","Jaipur International Airport","Jaipur","Rajasthan",26.8242,75.8122,537750,3787,4090,25.5,160,84,9.5,46.2
2023,7,"2023-07-01","LKO","Chaudhary Charan Singh International Airport","Lucknow","Uttar Pradesh",26.7606,80.8893,517833,3647,3939,25.6,160,84,9.5,46.2
2023,7,"2023-07-01","TRV","Thiruvananthapuram International Airport","Thiruvananthapuram","Kerala",8.4821,76.92,438167,3086,3333,33.8,280,84,9.5,68.9
2023,7,"2023-07-01","CCJ","Calicut International Airport","Kozhikode","Kerala",11.1368,75.9553,318667,2244,2424,32.6,280,84,9.5,68.1
2023,7,"2023-07-01","IXE","Mangaluru International Airport","Mangaluru","Karnataka",12.9613,74.89,189208,1332,1439,31.8,280,84,9.5,67.5
2023,7,"2023-07-01","PAT","Jay Prakash Narayan Airport","Patna","Bihar",25.5913,85.088,418250,2945,3181,26.1,320,84,9.5,69.4
2023,7,"2023-07-01","BBI","Biju Patnaik International Airport","Bhubaneswar","Odisha",20.2444,85.8178,448125,3156,3408,28.5,320,84,9.5,71
2023,7,"2023-07-01","IDR","Devi Ahilya Bai Holkar Airport","Indore","Madhya Pradesh",22.7217,75.8011,308708,2174,2348,27.4,160,84,9.5,47.4
2023,7,"2023-07-01","NAG","Dr. Babasaheb Ambedkar International Airport","Nagpur","Maharashtra",21.0922,79.0472,278833,1964,2121,28.1,160,84,9.5,47.9
2023,7,"2023-07-01","IXB","Bagdogra Airport","Siliguri","West Bengal",26.6812,88.3286,308708,2174,2348,25.6,320,84,9.5,69.1
2023,7,"2023-07-01","SXR","Sheikh ul-Alam International Airport","Srinagar","Jammu and Kashmir",33.9872,74.7742,438167,3086,3333,22.3,160,84,9.5,44.1
2023,7,"2023-07-01","IXJ","Jammu Airport","Jammu","Jammu and Kashmir",32.6892,74.8372,179250,1262,1363,22.9,160,84,9.5,44.5
2023,7,"2023-07-01","IXL","Kushok Bakula Rimpochee Airport","Leh","Ladakh",34.1358,77.5464,119500,842,909,22.2,160,84,9.5,44
2023,7,"2023-07-01","IXA","Maharaja Bir Bikram Airport","Agartala","Tripura",23.887,91.2405,149375,1052,1136,26.9,320,84,9.5,69.9
2023,7,"2023-07-01","IMF","Imphal Airport","Imphal","Manipur",24.76,93.8967,119500,842,909,26.5,320,84,9.5,69.7
2023,7,"2023-07-01","RJA","Rajahmundry Airport","Rajahmundry","Andhra Pradesh",17.1106,81.8181,39833,281,303,29.9,160,84,9.5,49.1
2023,7,"2023-07-01","VTZ","Visakhapatnam Airport","Visakhapatnam","Andhra Pradesh",17.7211,83.2244,278833,1964,2121,29.6,160,84,9.5,48.9
2023,7,"2023-07-01","TIR","Tirupati Airport","Tirupati","Andhra Pradesh",13.6325,79.5433,89625,631,681,31.5,160,84,9.5,50.2
2023,7,"2023-07-01","VGA","Vijayawada Airport","Vijayawada","Andhra Pradesh",16.5304,80.7968,109542,771,833,30.2,160,84,9.5,49.3
2023,7,"2023-07-01","DHM","Gaggal Airport (Dharamshala)","Kangra","Himachal Pradesh",32.1651,76.2634,29875,210,227,23.1,160,84,9.5,44.6
2023,7,"2023-07-01","SLV","Shimla Airport","Shimla","Himachal Pradesh",31.0817,77.0678,9958,70,76,23.6,160,84,9.5,44.9
2023,7,"2023-07-01","KUU","Kullu Manali Airport (Bhuntar)","Bhuntar","Himachal Pradesh",31.8767,77.1542,9958,70,76,23.3,160,84,9.5,44.7
2023,7,"2023-07-01","BDQ","Vadodara Airport","Vadodara","Gujarat",22.3361,73.2264,119500,842,909,27.5,160,84,9.5,47.6
2023,7,"2023-07-01","STV","Surat Airport","Surat","Gujarat",21.1142,72.7419,129458,912,985,28.1,160,84,9.5,47.9
2023,7,"2023-07-01","HSR","Hisar Airport","Hisar","Haryana",29.1794,75.7538,4979,35,38,24.5,160,84,9.5,45.5
2023,7,"2023-07-01","GWL","Gwalior Airport","Gwalior","Madhya Pradesh",26.2933,78.2278,39833,281,303,25.8,160,84,9.5,46.4
2023,7,"2023-07-01","JLR","Jabalpur Airport","Jabalpur","Madhya Pradesh",23.1778,80.0522,49792,351,379,27.2,160,84,9.5,47.3
2023,7,"2023-07-01","RPR","Swami Vivekananda Airport","Raipur","Chhattisgarh",21.1803,81.7389,248958,1753,1893,28.1,160,84,9.5,47.9
2023,7,"2023-07-01","DED","Jolly Grant Airport","Dehradun","Uttarakhand",30.1897,78.1803,159333,1122,1212,24,160,84,9.5,45.2
2023,7,"2023-07-01","PNT","Pantnagar Airport","Pantnagar","Uttarakhand",29.0333,79.4736,9958,70,76,24.5,160,84,9.5,45.5
2023,7,"2023-07-01","IXR","Birsa Munda Airport","Ranchi","Jharkhand",23.3142,85.3217,239000,1683,1818,27.1,320,84,9.5,70.1
2023,7,"2023-07-01","DHO","Deoghar Airport","Deoghar","Jharkhand",24.4439,86.7028,29875,210,227,26.6,320,84,9.5,69.8
2023,7,"2023-07-01","JRG","Veer Surendra Sai Airport","Jharsuguda","Odisha",21.9136,84.0503,29875,210,227,27.7,160,84,9.5,47.7
2023,7,"2023-07-01","DMU","Dimapur Airport","Dimapur","Nagaland",25.8839,93.7711,39833,281,303,26,320,84,9.5,69.3
2023,7,"2023-07-01","SHL","Shillong Airport (Umroi)","Shillong","Meghalaya",25.7036,91.9786,9958,70,76,26,320,84,9.5,69.4
2023,7,"2023-07-01","AJL","Lengpui Airport","Aizawl","Mizoram",23.8406,92.6192,19917,140,151,26.9,320,84,9.5,70
2023,7,"2023-07-01","IXS","Silchar Airport","Silchar","Assam",24.9128,92.9789,39833,281,303,26.4,320,84,9.5,69.6
2023,7,"2023-07-01","DBR","Dibrugarh Airport","Dibrugarh","Assam",27.4839,95.0169,109542,771,833,25.2,320,84,9.5,68.9
2023,7,"2023-07-01","JRH","Jorhat Airport","Jorhat","Assam",26.7314,94.1758,29875,210,227,25.6,320,84,9.5,69.1
2023,7,"2023-07-01","TEZ","Tezpur Airport","Tezpur","Assam",26.7092,92.7872,9958,70,76,25.6,320,84,9.5,69.1
2023,7,"2023-07-01","IXT","Pakyong Airport","Pakyong","Sikkim",27.2344,88.5886,4979,35,38,25.3,320,84,9.5,68.9
2023,7,"2023-07-01","IXZ","Veer Savarkar International Airport","Port Blair","Andaman and Nicobar Islands",11.6411,92.7297,169292,1192,1287,32.4,160,84,9.5,50.8
2023,7,"2023-07-01","PYB","Jeypore Airport","Jeypore","Odisha",18.88,82.553,4979,35,38,29.1,160,84,9.5,48.6
2023,7,"2023-07-01","HYT","Donyi Polo Airport (Itanagar)","Hollongi","Arunachal Pradesh",26.96,93.64,19917,140,151,25.5,320,84,9.5,69
2023,7,"2023-07-01","RMD","Ramagundam Airport","Ramagundam","Telangana",18.78,79.44,1992,14,15,29.1,160,84,9.5,48.6
2023,8,"2023-08-01","DEL","Indira Gandhi International Airport","New Delhi","Delhi",28.5562,77.1,7217086,50825,54891,24.7,160,84,7.3,44.2
2023,8,"2023-08-01","BOM","Chhatrapati Shivaji Maharaj International Airport","Mumbai","Maharashtra",19.0896,72.8656,5059805,35632,38483,29,160,84,7.3,47.1
2023,8,"2023-08-01","BLR","Kempegowda International Airport","Bengaluru","Karnataka",13.1986,77.7066,3677184,25896,27968,31.7,160,84,7.3,48.8
2023,8,"2023-08-01","MAA","Chennai International Airport","Chennai","Tamil Nadu",12.9941,80.1709,2069029,14571,15737,31.8,160,84,7.3,48.9
2023,8,"2023-08-01","HYD","Rajiv Gandhi International Airport","Hyderabad","Telangana",17.2403,78.4294,2451456,17264,18645,29.8,160,84,7.3,47.6
2023,8,"2023-08-01","CCU","Netaji Subhash Chandra Bose International Airport","Kolkata","West Bengal",22.6547,88.4467,1941553,13673,14767,27.4,320,84,7.3,68.9
2023,8,"2023-08-01","AMD","Sardar Vallabhbhai Patel International Airport","Ahmedabad","Gujarat",23.0772,72.6347,1098252,7734,8353,27.2,160,84,7.3,45.9
2023,8,"2023-08-01","PNQ","Pune Airport","Pune","Maharashtra",18.5822,73.9197,784466,5524,5966,29.2,160,84,7.3,47.2
2023,8,"2023-08-01","COK","Cochin International Airport","Kochi","Kerala",10.152,76.4019,1010000,7113,7682,33,280,84,7.3,66.9
2023,8,"2023-08-01","GOI","Dabolim Airport","Goa","Goa",15.3808,73.8314,823689,5801,6265,30.7,280,84,7.3,65.3
2023,8,"2023-08-01","GOX","Manohar International Airport (MOPA)","Goa","Goa",15.7481,73.8647,411845,2900,3132,30.5,280,84,7.3,65.2
2023,8,"2023-08-01","CJB","Coimbatore International Airport","Coimbatore","Tamil Nadu",11.03,77.0434,284369,2003,2163,32.6,160,84,7.3,49.5
2023,8,"2023-08-01","TRZ","Tiruchirappalli International Airport","Tiruchirappalli","Tamil Nadu",10.7654,78.7097,176505,1243,1342,32.8,160,84,7.3,49.6
2023,8,"2023-08-01","IXM","Madurai Airport","Madurai","Tamil Nadu",9.8345,78.0934,137282,967,1044,33.2,160,84,7.3,49.8
2023,8,"2023-08-01","SXV","Salem Airport","Salem","Tamil Nadu",11.7783,78.0647,9806,69,75,32.3,160,84,7.3,49.3
2023,8,"2023-08-01","TCR","Tuticorin Airport","Thoothukudi","Tamil Nadu",8.7242,78.0267,19612,138,149,33.7,160,84,7.3,50.2
2023,8,"2023-08-01","ATQ","Sri Guru Ram Dass Jee International Airport","Amritsar","Punjab",31.7096,74.7973,274563,1934,2089,23.3,160,84,7.3,43.3
2023,8,"2023-08-01","IXC","Chandigarh International Airport","Chandigarh","Chandigarh",30.6735,76.7885,353010,2486,2685,23.8,160,84,7.3,43.6
2023,8,"2023-08-01","GAU","Lokpriya Gopinath Bordoloi International Airport","Guwahati","Assam",26.1061,91.5859,568738,4005,4325,25.9,320,84,7.3,67.8
2023,8,"2023-08-01","JAI","Jaipur International Airport","Jaipur","Rajasthan",26.8242,75.8122,529514,3729,4027,25.5,160,84,7.3,44.7
2023,8,"2023-08-01","LKO","Chaudhary Charan Singh International Airport","Lucknow","Uttar Pradesh",26.7606,80.8893,509903,3591,3878,25.6,160,84,7.3,44.8
2023,8,"2023-08-01","TRV","Thiruvananthapuram International Airport","Thiruvananthapuram","Kerala",8.4821,76.92,431456,3038,3281,33.8,280,84,7.3,67.4
2023,8,"2023-08-01","CCJ","Calicut International Airport","Kozhikode","Kerala",11.1368,75.9553,313786,2210,2387,32.6,280,84,7.3,66.6
2023,8,"2023-08-01","IXE","Mangaluru International Airport","Mangaluru","Karnataka",12.9613,74.89,186311,1312,1417,31.8,280,84,7.3,66
2023,8,"2023-08-01","PAT","Jay Prakash Narayan Airport","Patna","Bihar",25.5913,85.088,411845,2900,3132,26.1,320,84,7.3,68
2023,8,"2023-08-01","BBI","Biju Patnaik International Airport","Bhubaneswar","Odisha",20.2444,85.8178,441262,3107,3356,28.5,320,84,7.3,69.6
2023,8,"2023-08-01","IDR","Devi Ahilya Bai Holkar Airport","Indore","Madhya Pradesh",22.7217,75.8011,303981,2141,2312,27.4,160,84,7.3,46
2023,8,"2023-08-01","NAG","Dr. Babasaheb Ambedkar International Airport","Nagpur","Maharashtra",21.0922,79.0472,274563,1934,2089,28.1,160,84,7.3,46.5
2023,8,"2023-08-01","IXB","Bagdogra Airport","Siliguri","West Bengal",26.6812,88.3286,303981,2141,2312,25.6,320,84,7.3,67.6
2023,8,"2023-08-01","SXR","Sheikh ul-Alam International Airport","Srinagar","Jammu and Kashmir",33.9872,74.7742,431456,3038,3281,22.3,160,84,7.3,42.6
2023,8,"2023-08-01","IXJ","Jammu Airport","Jammu","Jammu and Kashmir",32.6892,74.8372,176505,1243,1342,22.9,160,84,7.3,43
2023,8,"2023-08-01","IXL","Kushok Bakula Rimpochee Airport","Leh","Ladakh",34.1358,77.5464,117670,829,895,22.2,160,84,7.3,42.5
2023,8,"2023-08-01","IXA","Maharaja Bir Bikram Airport","Agartala","Tripura",23.887,91.2405,147087,1036,1119,26.9,320,84,7.3,68.5
2023,8,"2023-08-01","IMF","Imphal Airport","Imphal","Manipur",24.76,93.8967,117670,829,895,26.5,320,84,7.3,68.2
2023,8,"2023-08-01","RJA","Rajahmundry Airport","Rajahmundry","Andhra Pradesh",17.1106,81.8181,39223,276,298,29.9,160,84,7.3,47.7
2023,8,"2023-08-01","VTZ","Visakhapatnam Airport","Visakhapatnam","Andhra Pradesh",17.7211,83.2244,274563,1934,2089,29.6,160,84,7.3,47.5
2023,8,"2023-08-01","TIR","Tirupati Airport","Tirupati","Andhra Pradesh",13.6325,79.5433,88252,621,671,31.5,160,84,7.3,48.7
2023,8,"2023-08-01","VGA","Vijayawada Airport","Vijayawada","Andhra Pradesh",16.5304,80.7968,107864,760,821,30.2,160,84,7.3,47.8
2023,8,"2023-08-01","DHM","Gaggal Airport (Dharamshala)","Kangra","Himachal Pradesh",32.1651,76.2634,29417,207,224,23.1,160,84,7.3,43.1
2023,8,"2023-08-01","SLV","Shimla Airport","Shimla","Himachal Pradesh",31.0817,77.0678,9806,69,75,23.6,160,84,7.3,43.5
2023,8,"2023-08-01","KUU","Kullu Manali Airport (Bhuntar)","Bhuntar","Himachal Pradesh",31.8767,77.1542,9806,69,75,23.3,160,84,7.3,43.2
2023,8,"2023-08-01","BDQ","Vadodara Airport","Vadodara","Gujarat",22.3361,73.2264,117670,829,895,27.5,160,84,7.3,46.1
2023,8,"2023-08-01","STV","Surat Airport","Surat","Gujarat",21.1142,72.7419,127476,898,970,28.1,160,84,7.3,46.5
2023,8,"2023-08-01","HSR","Hisar Airport","Hisar","Haryana",29.1794,75.7538,4903,35,38,24.5,160,84,7.3,44
2023,8,"2023-08-01","GWL","Gwalior Airport","Gwalior","Madhya Pradesh",26.2933,78.2278,39223,276,298,25.8,160,84,7.3,44.9
2023,8,"2023-08-01","JLR","Jabalpur Airport","Jabalpur","Madhya Pradesh",23.1778,80.0522,49029,345,373,27.2,160,84,7.3,45.8
2023,8,"2023-08-01","RPR","Swami Vivekananda Airport","Raipur","Chhattisgarh",21.1803,81.7389,245146,1726,1864,28.1,160,84,7.3,46.4
2023,8,"2023-08-01","DED","Jolly Grant Airport","Dehradun","Uttarakhand",30.1897,78.1803,156893,1105,1193,24,160,84,7.3,43.7
2023,8,"2023-08-01","PNT","Pantnagar Airport","Pantnagar","Uttarakhand",29.0333,79.4736,9806,69,75,24.5,160,84,7.3,44.1
2023,8,"2023-08-01","IXR","Birsa Munda Airport","Ranchi","Jharkhand",23.3142,85.3217,235340,1657,1790,27.1,320,84,7.3,68.7
2023,8,"2023-08-01","DHO","Deoghar Airport","Deoghar","Jharkhand",24.4439,86.7028,29417,207,224,26.6,320,84,7.3,68.3
2023,8,"2023-08-01","JRG","Veer Surendra Sai Airport","Jharsuguda","Odisha",21.9136,84.0503,29417,207,224,27.7,160,84,7.3,46.2
2023,8,"2023-08-01","DMU","Dimapur Airport","Dimapur","Nagaland",25.8839,93.7711,39223,276,298,26,320,84,7.3,67.9
2023,8,"2023-08-01","SHL","Shillong Airport (Umroi)","Shillong","Meghalaya",25.7036,91.9786,9806,69,75,26,320,84,7.3,67.9
2023,8,"2023-08-01","AJL","Lengpui Airport","Aizawl","Mizoram",23.8406,92.6192,19612,138,149,26.9,320,84,7.3,68.5
2023,8,"2023-08-01","IXS","Silchar Airport","Silchar","Assam",24.9128,92.9789,39223,276,298,26.4,320,84,7.3,68.2
2023,8,"2023-08-01","DBR","Dibrugarh Airport","Dibrugarh","Assam",27.4839,95.0169,107864,760,821,25.2,320,84,7.3,67.4
2023,8,"2023-08-01","JRH","Jorhat Airport","Jorhat","Assam",26.7314,94.1758,29417,207,224,25.6,320,84,7.3,67.6
2023,8,"2023-08-01","TEZ","Tezpur Airport","Tezpur","Assam",26.7092,92.7872,9806,69,75,25.6,320,84,7.3,67.6
2023,8,"2023-08-01","IXT","Pakyong Airport","Pakyong","Sikkim",27.2344,88.5886,4903,35,38,25.3,320,84,7.3,67.5
2023,8,"2023-08-01","IXZ","Veer Savarkar International Airport","Port Blair","Andaman and Nicobar Islands",11.6411,92.7297,166699,1174,1268,32.4,160,84,7.3,49.3
2023,8,"2023-08-01","PYB","Jeypore Airport","Jeypore","Odisha",18.88,82.553,4903,35,38,29.1,160,84,7.3,47.1
2023,8,"2023-08-01","HYT","Donyi Polo Airport (Itanagar)","Hollongi","Arunachal Pradesh",26.96,93.64,19612,138,149,25.5,320,84,7.3,67.6
2023,8,"2023-08-01","RMD","Ramagundam Airport","Ramagundam","Telangana",18.78,79.44,1961,14,15,29.1,160,84,7.3,47.2
2023,9,"2023-09-01","DEL","Indira Gandhi International Airport","New Delhi","Delhi",28.5562,77.1,7176000,50535,54578,24.7,160,84,6.5,43.7
2023,9,"2023-09-01","BOM","Chhatrapati Shivaji Maharaj International Airport","Mumbai","Maharashtra",19.0896,72.8656,5031000,35430,38264,29,160,84,6.5,46.5
2023,9,"2023-09-01","BLR","Kempegowda International Airport","Bengaluru","Karnataka",13.1986,77.7066,3656250,25748,27808,31.7,160,84,6.5,48.3
2023,9,"2023-09-01","MAA","Chennai International Airport","Chennai","Tamil Nadu",12.9941,80.1709,2057250,14488,15647,31.8,160,84,6.5,48.4
2023,9,"2023-09-01","HYD","Rajiv Gandhi International Airport","Hyderabad","Telangana",17.2403,78.4294,2437500,17165,18538,29.8,160,84,6.5,47.1
2023,9,"2023-09-01","CCU","Netaji Subhash Chandra Bose International Airport","Kolkata","West Bengal",22.6547,88.4467,1930500,13595,14683,27.4,320,84,6.5,68.3
2023,9,"2023-09-01","AMD","Sardar Vallabhbhai Patel International Airport","Ahmedabad","Gujarat",23.0772,72.6347,1092000,7690,8305,27.2,160,84,6.5,45.3
2023,9,"2023-09-01","PNQ","Pune Airport","Pune","Maharashtra",18.5822,73.9197,780000,5493,5932,29.2,160,84,6.5,46.7
2023,9,"2023-09-01","COK","Cochin International Airport","Kochi","Kerala",10.152,76.4019,1004250,7072,7638,33,280,84,6.5,66.4
2023,9,"2023-09-01","GOI","Dabolim Airport","Goa","Goa",15.3808,73.8314,819000,5768,6229,30.7,280,84,6.5,64.8
2023,9,"2023-09-01","GOX","Manohar International Airport (MOPA)","Goa","Goa",15.7481,73.8647,409500,2884,3115,30.5,280,84,6.5,64.7
2023,9,"2023-09-01","CJB","Coimbatore International Airport","Coimbatore","Tamil Nadu",11.03,77.0434,282750,1991,2150,32.6,160,84,6.5,48.9
2023,9,"2023-09-01","TRZ","Tiruchirappalli International Airport","Tiruchirappalli","Tamil Nadu",10.7654,78.7097,175500,1236,1335,32.8,160,84,6.5,49
2023,9,"2023-09-01","IXM","Madurai Airport","Madurai","Tamil Nadu",9.8345,78.0934,136500,961,1038,33.2,160,84,6.5,49.3
2023,9,"2023-09-01","SXV","Salem Airport","Salem","Tamil Nadu",11.7783,78.0647,9750,69,75,32.3,160,84,6.5,48.7
2023,9,"2023-09-01","TCR","Tuticorin Airport","Thoothukudi","Tamil Nadu",8.7242,78.0267,19500,137,148,33.7,160,84,6.5,49.6
2023,9,"2023-09-01","ATQ","Sri Guru Ram Dass Jee International Airport","Amritsar","Punjab",31.7096,74.7973,273000,1923,2077,23.3,160,84,6.5,42.7
2023,9,"2023-09-01","IXC","Chandigarh International Airport","Chandigarh","Chandigarh",30.6735,76.7885,351000,2472,2670,23.8,160,84,6.5,43.1
2023,9,"2023-09-01","GAU","Lokpriya Gopinath Bordoloi International Airport","Guwahati","Assam",26.1061,91.5859,565500,3982,4301,25.9,320,84,6.5,67.3
2023,9,"2023-09-01","JAI","Jaipur International Airport","Jaipur","Rajasthan",26.8242,75.8122,526500,3708,4005,25.5,160,84,6.5,44.2
2023,9,"2023-09-01","LKO","Chaudhary Charan Singh International Airport","Lucknow","Uttar Pradesh",26.7606,80.8893,507000,3570,3856,25.6,160,84,6.5,44.2
2023,9,"2023-09-01","TRV","Thiruvananthapuram International Airport","Thiruvananthapuram","Kerala",8.4821,76.92,429000,3021,3263,33.8,280,84,6.5,66.9
2023,9,"2023-09-01","CCJ","Calicut International Airport","Kozhikode","Kerala",11.1368,75.9553,312000,2197,2373,32.6,280,84,6.5,66.1
2023,9,"2023-09-01","IXE","Mangaluru International Airport","Mangaluru","Karnataka",12.9613,74.89,185250,1305,1409,31.8,280,84,6.5,65.5
2023,9,"2023-09-01","PAT","Jay Prakash Narayan Airport","Patna","Bihar",25.5913,85.088,409500,2884,3115,26.1,320,84,6.5,67.4
2023,9,"2023-09-01","BBI","Biju Patnaik International Airport","Bhubaneswar","Odisha",20.2444,85.8178,438750,3090,3337,28.5,320,84,6.5,69
2023,9,"2023-09-01","IDR","Devi Ahilya Bai Holkar Airport","Indore","Madhya Pradesh",22.7217,75.8011,302250,2129,2299,27.4,160,84,6.5,45.4
2023,9,"2023-09-01","NAG","Dr. Babasaheb Ambedkar International Airport","Nagpur","Maharashtra",21.0922,79.0472,273000,1923,2077,28.1,160,84,6.5,45.9
2023,9,"2023-09-01","IXB","Bagdogra Airport","Siliguri","West Bengal",26.6812,88.3286,302250,2129,2299,25.6,320,84,6.5,67.1
2023,9,"2023-09-01","SXR","Sheikh ul-Alam International Airport","Srinagar","Jammu and Kashmir",33.9872,74.7742,429000,3021,3263,22.3,160,84,6.5,42.1
2023,9,"2023-09-01","IXJ","Jammu Airport","Jammu","Jammu and Kashmir",32.6892,74.8372,175500,1236,1335,22.9,160,84,6.5,42.5
2023,9,"2023-09-01","IXL","Kushok Bakula Rimpochee Airport","Leh","Ladakh",34.1358,77.5464,117000,824,890,22.2,160,84,6.5,42
2023,9,"2023-09-01","IXA","Maharaja Bir Bikram Airport","Agartala","Tripura",23.887,91.2405,146250,1030,1112,26.9,320,84,6.5,67.9
2023,9,"2023-09-01","IMF","Imphal Airport","Imphal","Manipur",24.76,93.8967,117000,824,890,26.5,320,84,6.5,67.7
2023,9,"2023-09-01","RJA","Rajahmundry Airport","Rajahmundry","Andhra Pradesh",17.1106,81.8181,39000,275,297,29.9,160,84,6.5,47.1
2023,9,"2023-09-01","VTZ","Visakhapatnam Airport","Visakhapatnam","Andhra Pradesh",17.7211,83.2244,273000,1923,2077,29.6,160,84,6.5,46.9
2023,9,"2023-09-01","TIR","Tirupati Airport","Tirupati","Andhra Pradesh",13.6325,79.5433,87750,618,667,31.5,160,84,6.5,48.2
2023,9,"2023-09-01","VGA","Vijayawada Airport","Vijayawada","Andhra Pradesh",16.5304,80.7968,107250,755,815,30.2,160,84,6.5,47.3
2023,9,"2023-09-01","DHM","Gaggal Airport (Dharamshala)","Kangra","Himachal Pradesh",32.1651,76.2634,29250,206,222,23.1,160,84,6.5,42.6
2023,9,"2023-09-01","SLV","Shimla Airport","Shimla","Himachal Pradesh",31.0817,77.0678,9750,69,75,23.6,160,84,6.5,42.9
2023,9,"2023-09-01","KUU","Kullu Manali Airport (Bhuntar)","Bhuntar","Himachal Pradesh",31.8767,77.1542,9750,69,75,23.3,160,84,6.5,42.7
2023,9,"2023-09-01","BDQ","Vadodara Airport","Vadodara","Gujarat",22.3361,73.2264,117000,824,890,27.5,160,84,6.5,45.6
2023,9,"2023-09-01","STV","Surat Airport","Surat","Gujarat",21.1142,72.7419,126750,893,964,28.1,160,84,6.5,45.9
2023,9,"2023-09-01","HSR","Hisar Airport","Hisar","Haryana",29.1794,75.7538,4875,34,37,24.5,160,84,6.5,43.5
2023,9,"2023-09-01","GWL","Gwalior Airport","Gwalior","Madhya Pradesh",26.2933,78.2278,39000,275,297,25.8,160,84,6.5,44.4
2023,9,"2023-09-01","JLR","Jabalpur Airport","Jabalpur","Madhya Pradesh",23.1778,80.0522,48750,343,370,27.2,160,84,6.5,45.3
2023,9,"2023-09-01","RPR","Swami Vivekananda Airport","Raipur","Chhattisgarh",21.1803,81.7389,243750,1717,1854,28.1,160,84,6.5,45.9
2023,9,"2023-09-01","DED","Jolly Grant Airport","Dehradun","Uttarakhand",30.1897,78.1803,156000,1099,1187,24,160,84,6.5,43.2
2023,9,"2023-09-01","PNT","Pantnagar Airport","Pantnagar","Uttarakhand",29.0333,79.4736,9750,69,75,24.5,160,84,6.5,43.5
2023,9,"2023-09-01","IXR","Birsa Munda Airport","Ranchi","Jharkhand",23.3142,85.3217,234000,1648,1780,27.1,320,84,6.5,68.1
2023,9,"2023-09-01","DHO","Deoghar Airport","Deoghar","Jharkhand",24.4439,86.7028,29250,206,222,26.6,320,84,6.5,67.8
2023,9,"2023-09-01","JRG","Veer Surendra Sai Airport","Jharsuguda","Odisha",21.9136,84.0503,29250,206,222,27.7,160,84,6.5,45.7
2023,9,"2023-09-01","DMU","Dimapur Airport","Dimapur","Nagaland",25.8839,93.7711,39000,275,297,26,320,84,6.5,67.3
2023,9,"2023-09-01","SHL","Shillong Airport (Umroi)","Shillong","Meghalaya",25.7036,91.9786,9750,69,75,26,320,84,6.5,67.4
2023,9,"2023-09-01","AJL","Lengpui Airport","Aizawl","Mizoram",23.8406,92.6192,19500,137,148,26.9,320,84,6.5,68
2023,9,"2023-09-01","IXS","Silchar Airport","Silchar","Assam",24.9128,92.9789,39000,275,297,26.4,320,84,6.5,67.6
2023,9,"2023-09-01","DBR","Dibrugarh Airport","Dibrugarh","Assam",27.4839,95.0169,107250,755,815,25.2,320,84,6.5,66.9
2023,9,"2023-09-01","JRH","Jorhat Airport","Jorhat","Assam",26.7314,94.1758,29250,206,222,25.6,320,84,6.5,67.1
2023,9,"2023-09-01","TEZ","Tezpur Airport","Tezpur","Assam",26.7092,92.7872,9750,69,75,25.6,320,84,6.5,67.1
2023,9,"2023-09-01","IXT","Pakyong Airport","Pakyong","Sikkim",27.2344,88.5886,4875,34,37,25.3,320,84,6.5,66.9
2023,9,"2023-09-01","IXZ","Veer Savarkar International Airport","Port Blair","Andaman and Nicobar Islands",11.6411,92.7297,165750,1167,1260,32.4,160,84,6.5,48.8
2023,9,"2023-09-01","PYB","Jeypore Airport","Jeypore","Odisha",18.88,82.553,4875,34,37,29.1,160,84,6.5,46.6
2023,9,"2023-09-01","HYT","Donyi Polo Airport (Itanagar)","Hollongi","Arunachal Pradesh",26.96,93.64,19500,137,148,25.5,320,84,6.5,67
2023,9,"2023-09-01","RMD","Ramagundam Airport","Ramagundam","Telangana",18.78,79.44,1950,14,15,29.1,160,84,6.5,46.6
2023,10,"2023-10-01","DEL","Indira Gandhi International Airport","New Delhi","Delhi",28.5562,77.1,7217086,50825,54891,24.7,18.5,65,7.3,24
2023,10,"2023-10-01","BOM","Chhatrapati Shivaji Maharaj International Airport","Mumbai","Maharashtra",19.0896,72.8656,5059805,35632,38483,29,18.5,65,7.3,26.8
2023,10,"2023-10-01","BLR","Kempegowda International Airport","Bengaluru","Karnataka",13.1986,77.7066,3677184,25896,27968,31.7,210,65,7.3,56
2023,10,"2023-10-01","MAA","Chennai International Airport","Chennai","Tamil Nadu",12.9941,80.1709,2069029,14571,15737,31.8,210,65,7.3,56
2023,10,"2023-10-01","HYD","Rajiv Gandhi International Airport","Hyderabad","Telangana",17.2403,78.4294,2451456,17264,18645,29.8,18.5,65,7.3,27.4
2023,10,"2023-10-01","CCU","Netaji Subhash Chandra Bose International Airport","Kolkata","West Bengal",22.6547,88.4467,1941553,13673,14767,27.4,18.5,65,7.3,25.8
2023,10,"2023-10-01","AMD","Sardar Vallabhbhai Patel International Airport","Ahmedabad","Gujarat",23.0772,72.6347,1098252,7734,8353,27.2,18.5,65,7.3,25.7
2023,10,"2023-10-01","PNQ","Pune Airport","Pune","Maharashtra",18.5822,73.9197,784466,5524,5966,29.2,18.5,65,7.3,27
2023,10,"2023-10-01","COK","Cochin International Airport","Kochi","Kerala",10.152,76.4019,1010000,7113,7682,33,210,65,7.3,56.9
2023,10,"2023-10-01","GOI","Dabolim Airport","Goa","Goa",15.3808,73.8314,823689,5801,6265,30.7,18.5,65,7.3,28
2023,10,"2023-10-01","GOX","Manohar International Airport (MOPA)","Goa","Goa",15.7481,73.8647,411845,2900,3132,30.5,18.5,65,7.3,27.9
2023,10,"2023-10-01","CJB","Coimbatore International Airport","Coimbatore","Tamil Nadu",11.03,77.0434,284369,2003,2163,32.6,210,65,7.3,56.6
2023,10,"2023-10-01","TRZ","Tiruchirappalli International Airport","Tiruchirappalli","Tamil Nadu",10.7654,78.7097,176505,1243,1342,32.8,210,65,7.3,56.7
2023,10,"2023-10-01","IXM","Madurai Airport","Madurai","Tamil Nadu",9.8345,78.0934,137282,967,1044,33.2,210,65,7.3,57
2023,10,"2023-10-01","SXV","Salem Airport","Salem","Tamil Nadu",11.7783,78.0647,9806,69,75,32.3,210,65,7.3,56.4
2023,10,"2023-10-01","TCR","Tuticorin Airport","Thoothukudi","Tamil Nadu",8.7242,78.0267,19612,138,149,33.7,210,65,7.3,57.3
2023,10,"2023-10-01","ATQ","Sri Guru Ram Dass Jee International Airport","Amritsar","Punjab",31.7096,74.7973,274563,1934,2089,23.3,18.5,65,7.3,23.1
2023,10,"2023-10-01","IXC","Chandigarh International Airport","Chandigarh","Chandigarh",30.6735,76.7885,353010,2486,2685,23.8,18.5,65,7.3,23.4
2023,10,"2023-10-01","GAU","Lokpriya Gopinath Bordoloi International Airport","Guwahati","Assam",26.1061,91.5859,568738,4005,4325,25.9,18.5,65,7.3,24.7
2023,10,"2023-10-01","JAI","Jaipur International Airport","Jaipur","Rajasthan",26.8242,75.8122,529514,3729,4027,25.5,18.5,65,7.3,24.5
2023,10,"2023-10-01","LKO","Chaudhary Charan Singh International Airport","Lucknow","Uttar Pradesh",26.7606,80.8893,509903,3591,3878,25.6,18.5,65,7.3,24.5
2023,10,"2023-10-01","TRV","Thiruvananthapuram International Airport","Thiruvananthapuram","Kerala",8.4821,76.92,431456,3038,3281,33.8,210,65,7.3,57.4
2023,10,"2023-10-01","CCJ","Calicut International Airport","Kozhikode","Kerala",11.1368,75.9553,313786,2210,2387,32.6,210,65,7.3,56.6
2023,10,"2023-10-01","IXE","Mangaluru International Airport","Mangaluru","Karnataka",12.9613,74.89,186311,1312,1417,31.8,210,65,7.3,56
2023,10,"2023-10-01","PAT","Jay Prakash Narayan Airport","Patna","Bihar",25.5913,85.088,411845,2900,3132,26.1,18.5,65,7.3,24.9
2023,10,"2023-10-01","BBI","Biju Patnaik International Airport","Bhubaneswar","Odisha",20.2444,85.8178,441262,3107,3356,28.5,18.5,65,7.3,26.5
2023,10,"2023-10-01","IDR","Devi Ahilya Bai Holkar Airport","Indore","Madhya Pradesh",22.7217,75.8011,303981,2141,2312,27.4,18.5,65,7.3,25.8
2023,10,"2023-10-01","NAG","Dr. Babasaheb Ambedkar International Airport","Nagpur","Maharashtra",21.0922,79.0472,274563,1934,2089,28.1,18.5,65,7.3,26.2
2023,10,"2023-10-01","IXB","Bagdogra Airport","Siliguri","West Bengal",26.6812,88.3286,303981,2141,2312,25.6,18.5,65,7.3,24.6
2023,10,"2023-10-01","SXR","Sheikh ul-Alam International Airport","Srinagar","Jammu and Kashmir",33.9872,74.7742,431456,3038,3281,22.3,18.5,65,7.3,22.4
2023,10,"2023-10-01","IXJ","Jammu Airport","Jammu","Jammu and Kashmir",32.6892,74.8372,176505,1243,1342,22.9,18.5,65,7.3,22.8
2023,10,"2023-10-01","IXL","Kushok Bakula Rimpochee Airport","Leh","Ladakh",34.1358,77.5464,117670,829,895,22.2,18.5,65,7.3,22.3
2023,10,"2023-10-01","IXA","Maharaja Bir Bikram Airport","Agartala","Tripura",23.887,91.2405,147087,1036,1119,26.9,18.5,65,7.3,25.4
2023,10,"2023-10-01","IMF","Imphal Airport","Imphal","Manipur",24.76,93.8967,117670,829,895,26.5,18.5,65,7.3,25.1
2023,10,"2023-10-01","RJA","Rajahmundry Airport","Rajahmundry","Andhra Pradesh",17.1106,81.8181,39223,276,298,29.9,18.5,65,7.3,27.4
2023,10,"2023-10-01","VTZ","Visakhapatnam Airport","Visakhapatnam","Andhra Pradesh",17.7211,83.2244,274563,1934,2089,29.6,18.5,65,7.3,27.3
2023,10,"2023-10-01","TIR","Tirupati Airport","Tirupati","Andhra Pradesh",13.6325,79.5433,88252,621,671,31.5,210,65,7.3,55.8
2023,10,"2023-10-01","VGA","Vijayawada Airport","Vijayawada","Andhra Pradesh",16.5304,80.7968,107864,760,821,30.2,18.5,65,7.3,27.6
2023,10,"2023-10-01","DHM","Gaggal Airport (Dharamshala)","Kangra","Himachal Pradesh",32.1651,76.2634,29417,207,224,23.1,18.5,65,7.3,22.9
2023,10,"2023-10-01","SLV","Shimla Airport","Shimla","Himachal Pradesh",31.0817,77.0678,9806,69,75,23.6,18.5,65,7.3,23.3
2023,10,"2023-10-01","KUU","Kullu Manali Airport (Bhuntar)","Bhuntar","Himachal Pradesh",31.8767,77.1542,9806,69,75,23.3,18.5,65,7.3,23
2023,10,"2023-10-01","BDQ","Vadodara Airport","Vadodara","Gujarat",22.3361,73.2264,117670,829,895,27.5,18.5,65,7.3,25.9
2023,10,"2023-10-01","STV","Surat Airport","Surat","Gujarat",21.1142,72.7419,127476,898,970,28.1,18.5,65,7.3,26.2
2023,10,"2023-10-01","HSR","Hisar Airport","Hisar","Haryana",29.1794,75.7538,4903,35,38,24.5,18.5,65,7.3,23.8
2023,10,"2023-10-01","GWL","Gwalior Airport","Gwalior","Madhya Pradesh",26.2933,78.2278,39223,276,298,25.8,18.5,65,7.3,24.7
2023,10,"2023-10-01","JLR","Jabalpur Airport","Jabalpur","Madhya Pradesh",23.1778,80.0522,49029,345,373,27.2,18.5,65,7.3,25.6
2023,10,"2023-10-01","RPR","Swami Vivekananda Airport","Raipur","Chhattisgarh",21.1803,81.7389,245146,1726,1864,28.1,18.5,65,7.3,26.2
2023,10,"2023-10-01","DED","Jolly Grant Airport","Dehradun","Uttarakhand",30.1897,78.1803,156893,1105,1193,24,18.5,65,7.3,23.5
2023,10,"2023-10-01","PNT","Pantnagar Airport","Pantnagar","Uttarakhand",29.0333,79.4736,9806,69,75,24.5,18.5,65,7.3,23.9
2023,10,"2023-10-01","IXR","Birsa Munda Airport","Ranchi","Jharkhand",23.3142,85.3217,235340,1657,1790,27.1,18.5,65,7.3,25.6
2023,10,"2023-10-01","DHO","Deoghar Airport","Deoghar","Jharkhand",24.4439,86.7028,29417,207,224,26.6,18.5,65,7.3,25.2
2023,10,"2023-10-01","JRG","Veer Surendra Sai Airport","Jharsuguda","Odisha",21.9136,84.0503,29417,207,224,27.7,18.5,65,7.3,26
2023,10,"2023-10-01","DMU","Dimapur Airport","Dimapur","Nagaland",25.8839,93.7711,39223,276,298,26,18.5,65,7.3,24.8
2023,10,"2023-10-01","SHL","Shillong Airport (Umroi)","Shillong","Meghalaya",25.7036,91.9786,9806,69,75,26,18.5,65,7.3,24.9
2023,10,"2023-10-01","AJL","Lengpui Airport","Aizawl","Mizoram",23.8406,92.6192,19612,138,149,26.9,18.5,65,7.3,25.4
2023,10,"2023-10-01","IXS","Silchar Airport","Silchar","Assam",24.9128,92.9789,39223,276,298,26.4,18.5,65,7.3,25.1
2023,10,"2023-10-01","DBR","Dibrugarh Airport","Dibrugarh","Assam",27.4839,95.0169,107864,760,821,25.2,18.5,65,7.3,24.3
2023,10,"2023-10-01","JRH","Jorhat Airport","Jorhat","Assam",26.7314,94.1758,29417,207,224,25.6,18.5,65,7.3,24.6
2023,10,"2023-10-01","TEZ","Tezpur Airport","Tezpur","Assam",26.7092,92.7872,9806,69,75,25.6,18.5,65,7.3,24.6
2023,10,"2023-10-01","IXT","Pakyong Airport","Pakyong","Sikkim",27.2344,88.5886,4903,35,38,25.3,18.5,65,7.3,24.4
2023,10,"2023-10-01","IXZ","Veer Savarkar International Airport","Port Blair","Andaman and Nicobar Islands",11.6411,92.7297,166699,1174,1268,32.4,210,65,7.3,56.4
2023,10,"2023-10-01","PYB","Jeypore Airport","Jeypore","Odisha",18.88,82.553,4903,35,38,29.1,18.5,65,7.3,26.9
2023,10,"2023-10-01","HYT","Donyi Polo Airport (Itanagar)","Hollongi","Arunachal Pradesh",26.96,93.64,19612,138,149,25.5,18.5,65,7.3,24.5
2023,10,"2023-10-01","RMD","Ramagundam Airport","Ramagundam","Telangana",18.78,79.44,1961,14,15,29.1,18.5,65,7.3,26.9
2023,11,"2023-11-01","DEL","Indira Gandhi International Airport","New Delhi","Delhi",28.5562,77.1,7329333,51615,55744,24.7,18.5,65,9.5,25.5
2023,11,"2023-11-01","BOM","Chhatrapati Shivaji Maharaj International Airport","Mumbai","Maharashtra",19.0896,72.8656,5138500,36187,39082,29,18.5,65,9.5,28.3
2023,11,"2023-11-01","BLR","Kempegowda International Airport","Bengaluru","Karnataka",13.1986,77.7066,3734375,26298,28402,31.7,210,65,9.5,57.4
2023,11,"2023-11-01","MAA","Chennai International Airport","Chennai","Tamil Nadu",12.9941,80.1709,2101208,14797,15981,31.8,210,65,9.5,57.5
2023,11,"2023-11-01","HYD","Rajiv Gandhi International Airport","Hyderabad","Telangana",17.2403,78.4294,2489583,17532,18935,29.8,18.5,65,9.5,28.9
2023,11,"2023-11-01","CCU","Netaji Subhash Chandra Bose International Airport","Kolkata","West Bengal",22.6547,88.4467,1971750,13886,14997,27.4,18.5,65,9.5,27.2
2023,11,"2023-11-01","AMD","Sardar Vallabhbhai Patel International Airport","Ahmedabad","Gujarat",23.0772,72.6347,1115333,7854,8482,27.2,18.5,65,9.5,27.1
2023,11,"2023-11-01","PNQ","Pune Airport","Pune","Maharashtra",18.5822,73.9197,796667,5610,6059,29.2,18.5,65,9.5,28.5
2023,11,"2023-11-01","COK","Cochin International Airport","Kochi","Kerala",10.152,76.4019,1025708,7223,7801,33,210,65,9.5,58.4
2023,11,"2023-11-01","GOI","Dabolim Airport","Goa","Goa",15.3808,73.8314,836500,5891,6362,30.7,18.5,65,9.5,29.4
2023,11,"2023-11-01","GOX","Manohar International Airport (MOPA)","Goa","Goa",15.7481,73.8647,418250,2945,3181,30.5,18.5,65,9.5,29.3
2023,11,"2023-11-01","CJB","Coimbatore International Airport","Coimbatore","Tamil Nadu",11.03,77.0434,288792,2034,2197,32.6,210,65,9.5,58.1
2023,11,"2023-11-01","TRZ","Tiruchirappalli International Airport","Tiruchirappalli","Tamil Nadu",10.7654,78.7097,179250,1262,1363,32.8,210,65,9.5,58.2
2023,11,"2023-11-01","IXM","Madurai Airport","Madurai","Tamil Nadu",9.8345,78.0934,139417,982,1061,33.2,210,65,9.5,58.4
2023,11,"2023-11-01","SXV","Salem Airport","Salem","Tamil Nadu",11.7783,78.0647,9958,70,76,32.3,210,65,9.5,57.9
2023,11,"2023-11-01","TCR","Tuticorin Airport","Thoothukudi","Tamil Nadu",8.7242,78.0267,19917,140,151,33.7,210,65,9.5,58.8
2023,11,"2023-11-01","ATQ","Sri Guru Ram Dass Jee International Airport","Amritsar","Punjab",31.7096,74.7973,278833,1964,2121,23.3,18.5,65,9.5,24.5
2023,11,"2023-11-01","IXC","Chandigarh International Airport","Chandigarh","Chandigarh",30.6735,76.7885,358500,2525,2727,23.8,18.5,65,9.5,24.8
2023,11,"2023-11-01","GAU","Lokpriya Gopinath Bordoloi International Airport","Guwahati","Assam",26.1061,91.5859,577583,4067,4392,25.9,18.5,65,9.5,26.2
2023,11,"2023-11-01","JAI","Jaipur International Airport","Jaipur","Rajasthan",26.8242,75.8122,537750,3787,4090,25.5,18.5,65,9.5,26
2023,11,"2023-11-01","LKO","Chaudhary Charan Singh International Airport","Lucknow","Uttar Pradesh",26.7606,80.8893,517833,3647,3939,25.6,18.5,65,9.5,26
2023,11,"2023-11-01","TRV","Thiruvananthapuram International Airport","Thiruvananthapuram","Kerala",8.4821,76.92,438167,3086,3333,33.8,210,65,9.5,58.9
2023,11,"2023-11-01","CCJ","Calicut International Airport","Kozhikode","Kerala",11.1368,75.9553,318667,2244,2424,32.6,210,65,9.5,58.1
2023,11,"2023-11-01","IXE","Mangaluru International Airport","Mangaluru","Karnataka",12.9613,74.89,189208,1332,1439,31.8,210,65,9.5,57.5
2023,11,"2023-11-01","PAT","Jay Prakash Narayan Airport","Patna","Bihar",25.5913,85.088,418250,2945,3181,26.1,18.5,65,9.5,26.4
2023,11,"2023-11-01","BBI","Biju Patnaik International Airport","Bhubaneswar","Odisha",20.2444,85.8178,448125,3156,3408,28.5,18.5,65,9.5,28
2023,11,"2023-11-01","IDR","Devi Ahilya Bai Holkar Airport","Indore","Madhya Pradesh",22.7217,75.8011,308708,2174,2348,27.4,18.5,65,9.5,27.2
2023,11,"2023-11-01","NAG","Dr. Babasaheb Ambedkar International Airport","Nagpur","Maharashtra",21.0922,79.0472,278833,1964,2121,28.1,18.5,65,9.5,27.7
2023,11,"2023-11-01","IXB","Bagdogra Airport","Siliguri","West Bengal",26.6812,88.3286,308708,2174,2348,25.6,18.5,65,9.5,26
2023,11,"2023-11-01","SXR","Sheikh ul-Alam International Airport","Srinagar","Jammu and Kashmir",33.9872,74.7742,438167,3086,3333,22.3,18.5,65,9.5,23.8
2023,11,"2023-11-01","IXJ","Jammu Airport","Jammu","Jammu and Kashmir",32.6892,74.8372,179250,1262,1363,22.9,18.5,65,9.5,24.2
2023,11,"2023-11-01","IXL","Kushok Bakula Rimpochee Airport","Leh","Ladakh",34.1358,77.5464,119500,842,909,22.2,18.5,65,9.5,23.8
2023,11,"2023-11-01","IXA","Maharaja Bir Bikram Airport","Agartala","Tripura",23.887,91.2405,149375,1052,1136,26.9,18.5,65,9.5,26.9
2023,11,"2023-11-01","IMF","Imphal Airport","Imphal","Manipur",24.76,93.8967,119500,842,909,26.5,18.5,65,9.5,26.6
2023,11,"2023-11-01","RJA","Rajahmundry Airport","Rajahmundry","Andhra Pradesh",17.1106,81.8181,39833,281,303,29.9,18.5,65,9.5,28.9
2023,11,"2023-11-01","VTZ","Visakhapatnam Airport","Visakhapatnam","Andhra Pradesh",17.7211,83.2244,278833,1964,2121,29.6,18.5,65,9.5,28.7
2023,11,"2023-11-01","TIR","Tirupati Airport","Tirupati","Andhra Pradesh",13.6325,79.5433,89625,631,681,31.5,210,65,9.5,57.3
2023,11,"2023-11-01","VGA","Vijayawada Airport","Vijayawada","Andhra Pradesh",16.5304,80.7968,109542,771,833,30.2,18.5,65,9.5,29.1
2023,11,"2023-11-01","DHM","Gaggal Airport (Dharamshala)","Kangra","Himachal Pradesh",32.1651,76.2634,29875,210,227,23.1,18.5,65,9.5,24.4
2023,11,"2023-11-01","SLV","Shimla Airport","Shimla","Himachal Pradesh",31.0817,77.0678,9958,70,76,23.6,18.5,65,9.5,24.7
2023,11,"2023-11-01","KUU","Kullu Manali Airport (Bhuntar)","Bhuntar","Himachal Pradesh",31.8767,77.1542,9958,70,76,23.3,18.5,65,9.5,24.5
2023,11,"2023-11-01","BDQ","Vadodara Airport","Vadodara","Gujarat",22.3361,73.2264,119500,842,909,27.5,18.5,65,9.5,27.3
2023,11,"2023-11-01","STV","Surat Airport","Surat","Gujarat",21.1142,72.7419,129458,912,985,28.1,18.5,65,9.5,27.7
2023,11,"2023-11-01","HSR","Hisar Airport","Hisar","Haryana",29.1794,75.7538,4979,35,38,24.5,18.5,65,9.5,25.3
2023,11,"2023-11-01","GWL","Gwalior Airport","Gwalior","Madhya Pradesh",26.2933,78.2278,39833,281,303,25.8,18.5,65,9.5,26.2
2023,11,"2023-11-01","JLR","Jabalpur Airport","Jabalpur","Madhya Pradesh",23.1778,80.0522,49792,351,379,27.2,18.5,65,9.5,27.1
2023,11,"2023-11-01","RPR","Swami Vivekananda Airport","Raipur","Chhattisgarh",21.1803,81.7389,248958,1753,1893,28.1,18.5,65,9.5,27.7
2023,11,"2023-11-01","DED","Jolly Grant Airport","Dehradun","Uttarakhand",30.1897,78.1803,159333,1122,1212,24,18.5,65,9.5,25
2023,11,"2023-11-01","PNT","Pantnagar Airport","Pantnagar","Uttarakhand",29.0333,79.4736,9958,70,76,24.5,18.5,65,9.5,25.3
2023,11,"2023-11-01","IXR","Birsa Munda Airport","Ranchi","Jharkhand",23.3142,85.3217,239000,1683,1818,27.1,18.5,65,9.5,27
2023,11,"2023-11-01","DHO","Deoghar Airport","Deoghar","Jharkhand",24.4439,86.7028,29875,210,227,26.6,18.5,65,9.5,26.7
2023,11,"2023-11-01","JRG","Veer Surendra Sai Airport","Jharsuguda","Odisha",21.9136,84.0503,29875,210,227,27.7,18.5,65,9.5,27.5
2023,11,"2023-11-01","DMU","Dimapur Airport","Dimapur","Nagaland",25.8839,93.7711,39833,281,303,26,18.5,65,9.5,26.3
2023,11,"2023-11-01","SHL","Shillong Airport (Umroi)","Shillong","Meghalaya",25.7036,91.9786,9958,70,76,26,18.5,65,9.5,26.3
2023,11,"2023-11-01","AJL","Lengpui Airport","Aizawl","Mizoram",23.8406,92.6192,19917,140,151,26.9,18.5,65,9.5,26.9
2023,11,"2023-11-01","IXS","Silchar Airport","Silchar","Assam",24.9128,92.9789,39833,281,303,26.4,18.5,65,9.5,26.6
2023,11,"2023-11-01","DBR","Dibrugarh Airport","Dibrugarh","Assam",27.4839,95.0169,109542,771,833,25.2,18.5,65,9.5,25.8
2023,11,"2023-11-01","JRH","Jorhat Airport","Jorhat","Assam",26.7314,94.1758,29875,210,227,25.6,18.5,65,9.5,26
2023,11,"2023-11-01","TEZ","Tezpur Airport","Tezpur","Assam",26.7092,92.7872,9958,70,76,25.6,18.5,65,9.5,26
2023,11,"2023-11-01","IXT","Pakyong Airport","Pakyong","Sikkim",27.2344,88.5886,4979,35,38,25.3,18.5,65,9.5,25.9
2023,11,"2023-11-01","IXZ","Veer Savarkar International Airport","Port Blair","Andaman and Nicobar Islands",11.6411,92.7297,169292,1192,1287,32.4,210,65,9.5,57.9
2023,11,"2023-11-01","PYB","Jeypore Airport","Jeypore","Odisha",18.88,82.553,4979,35,38,29.1,18.5,65,9.5,28.4
2023,11,"2023-11-01","HYT","Donyi Polo Airport (Itanagar)","Hollongi","Arunachal Pradesh",26.96,93.64,19917,140,151,25.5,18.5,65,9.5,26
2023,11,"2023-11-01","RMD","Ramagundam Airport","Ramagundam","Telangana",18.78,79.44,1992,14,15,29.1,18.5,65,9.5,28.4
2023,12,"2023-12-01","DEL","Indira Gandhi International Airport","New Delhi","Delhi",28.5562,77.1,7482667,52695,56911,16.7,18.5,65,12.5,22.1
2023,12,"2023-12-01","BOM","Chhatrapati Shivaji Maharaj International Airport","Mumbai","Maharashtra",19.0896,72.8656,5246000,36944,39900,21,18.5,65,12.5,25
2023,12,"2023-12-01","BLR","Kempegowda International Airport","Bengaluru","Karnataka",13.1986,77.7066,3812500,26849,28997,23.7,18.5,65,12.5,26.7
2023,12,"2023-12-01","MAA","Chennai International Airport","Chennai","Tamil Nadu",12.9941,80.1709,2145167,15107,16316,23.8,18.5,65,12.5,26.8
2023,12,"2023-12-01","HYD","Rajiv Gandhi International Airport","Hyderabad","Telangana",17.2403,78.4294,2541667,17899,19331,21.8,18.5,65,12.5,25.5
2023,12,"2023-12-01","CCU","Netaji Subhash Chandra Bose International Airport","Kolkata","West Bengal",22.6547,88.4467,2013000,14176,15310,19.4,18.5,65,12.5,23.9
2023,12,"2023-12-01","AMD","Sardar Vallabhbhai Patel International Airport","Ahmedabad","Gujarat",23.0772,72.6347,1138667,8019,8661,19.2,18.5,65,12.5,23.8
2023,12,"2023-12-01","PNQ","Pune Airport","Pune","Maharashtra",18.5822,73.9197,813333,5728,6186,21.2,18.5,65,12.5,25.1
2023,12,"2023-12-01","COK","Cochin International Airport","Kochi","Kerala",10.152,76.4019,1047167,7374,7964,25,18.5,65,12.5,27.7
2023,12,"2023-12-01","GOI","Dabolim Airport","Goa","Goa",15.3808,73.8314,854000,6014,6495,22.7,18.5,65,12.5,26.1
2023,12,"2023-12-01","GOX","Manohar International Airport (MOPA)","Goa","Goa",15.7481,73.8647,427000,3007,3248,22.5,18.5,65,12.5,26
2023,12,"2023-12-01","CJB","Coimbatore International Airport","Coimbatore","Tamil Nadu",11.03,77.0434,294833,2076,2242,24.6,18.5,65,12.5,27.4
2023,12,"2023-12-01","TRZ","Tiruchirappalli International Airport","Tiruchirappalli","Tamil Nadu",10.7654,78.7097,183000,1289,1392,24.8,18.5,65,12.5,27.5
2023,12,"2023-12-01","IXM","Madurai Airport","Madurai","Tamil Nadu",9.8345,78.0934,142333,1002,1082,25.2,18.5,65,12.5,27.8
2023,12,"2023-12-01","SXV","Salem Airport","Salem","Tamil Nadu",11.7783,78.0647,10167,72,78,24.3,18.5,65,12.5,27.2
2023,12,"2023-12-01","TCR","Tuticorin Airport","Thoothukudi","Tamil Nadu",8.7242,78.0267,20333,143,154,25.7,18.5,65,12.5,28.1
2023,12,"2023-12-01","ATQ","Sri Guru Ram Dass Jee International Airport","Amritsar","Punjab",31.7096,74.7973,284667,2005,2165,15.3,18.5,65,12.5,21.2
2023,12,"2023-12-01","IXC","Chandigarh International Airport","Chandigarh","Chandigarh",30.6735,76.7885,366000,2577,2783,15.8,18.5,65,12.5,21.5
2023,12,"2023-12-01","GAU","Lokpriya Gopinath Bordoloi International Airport","Guwahati","Assam",26.1061,91.5859,589667,4153,4485,17.9,18.5,65,12.5,22.9
2023,12,"2023-12-01","JAI","Jaipur International Airport","Jaipur","Rajasthan",26.8242,75.8122,549000,3866,4175,17.5,18.5,65,12.5,22.7
2023,12,"2023-12-01","LKO","Chaudhary Charan Singh International Airport","Lucknow","Uttar Pradesh",26.7606,80.8893,528667,3723,4021,17.6,18.5,65,12.5,22.7
2023,12,"2023-12-01","TRV","Thiruvananthapuram International Airport","Thiruvananthapuram","Kerala",8.4821,76.92,447333,3150,3402,25.8,18.5,65,12.5,28.2
2023,12,"2023-12-01","CCJ","Calicut International Airport","Kozhikode","Kerala",11.1368,75.9553,325333,2291,2474,24.6,18.5,65,12.5,27.4
2023,12,"2023-12-01","IXE","Mangaluru International Airport","Mangaluru","Karnataka",12.9613,74.89,193167,1360,1469,23.8,18.5,65,12.5,26.8
2023,12,"2023-12-01","PAT","Jay Prakash Narayan Airport","Patna","Bihar",25.5913,85.088,427000,3007,3248,18.1,18.5,65,12.5,23
2023,12,"2023-12-01","BBI","Biju Patnaik International Airport","Bhubaneswar","Odisha",20.2444,85.8178,457500,3222,3480,20.5,18.5,65,12.5,24.6
2023,12,"2023-12-01","IDR","Devi Ahilya Bai Holkar Airport","Indore","Madhya Pradesh",22.7217,75.8011,315167,2219,2397,19.4,18.5,65,12.5,23.9
2023,12,"2023-12-01","NAG","Dr. Babasaheb Ambedkar International Airport","Nagpur","Maharashtra",21.0922,79.0472,284667,2005,2165,20.1,18.5,65,12.5,24.4
2023,12,"2023-12-01","IXB","Bagdogra Airport","Siliguri","West Bengal",26.6812,88.3286,315167,2219,2397,17.6,18.5,65,12.5,22.7
2023,12,"2023-12-01","SXR","Sheikh ul-Alam International Airport","Srinagar","Jammu and Kashmir",33.9872,74.7742,447333,3150,3402,14.3,18.5,65,12.5,20.5
2023,12,"2023-12-01","IXJ","Jammu Airport","Jammu","Jammu and Kashmir",32.6892,74.8372,183000,1289,1392,14.9,18.5,65,12.5,20.9
2023,12,"2023-12-01","IXL","Kushok Bakula Rimpochee Airport","Leh","Ladakh",34.1358,77.5464,122000,859,928,14.2,18.5,65,12.5,20.5
2023,12,"2023-12-01","IXA","Maharaja Bir Bikram Airport","Agartala","Tripura",23.887,91.2405,152500,1074,1160,18.9,18.5,65,12.5,23.5
2023,12,"2023-12-01","IMF","Imphal Airport","Imphal","Manipur",24.76,93.8967,122000,859,928,18.5,18.5,65,12.5,23.3
2023,12,"2023-12-01","RJA","Rajahmundry Airport","Rajahmundry","Andhra Pradesh",17.1106,81.8181,40667,286,309,21.9,18.5,65,12.5,25.6
2023,12,"2023-12-01","VTZ","Visakhapatnam Airport","Visakhapatnam","Andhra Pradesh",17.7211,83.2244,284667,2005,2165,21.6,18.5,65,12.5,25.4
2023,12,"2023-12-01","TIR","Tirupati Airport","Tirupati","Andhra Pradesh",13.6325,79.5433,91500,644,696,23.5,18.5,65,12.5,26.6
2023,12,"2023-12-01","VGA","Vijayawada Airport","Vijayawada","Andhra Pradesh",16.5304,80.7968,111833,788,851,22.2,18.5,65,12.5,25.8
2023,12,"2023-12-01","DHM","Gaggal Airport (Dharamshala)","Kangra","Himachal Pradesh",32.1651,76.2634,30500,215,232,15.1,18.5,65,12.5,21.1
2023,12,"2023-12-01","SLV","Shimla Airport","Shimla","Himachal Pradesh",31.0817,77.0678,10167,72,78,15.6,18.5,65,12.5,21.4
2023,12,"2023-12-01","KUU","Kullu Manali Airport (Bhuntar)","Bhuntar","Himachal Pradesh",31.8767,77.1542,10167,72,78,15.3,18.5,65,12.5,21.1
2023,12,"2023-12-01","BDQ","Vadodara Airport","Vadodara","Gujarat",22.3361,73.2264,122000,859,928,19.5,18.5,65,12.5,24
2023,12,"2023-12-01","STV","Surat Airport","Surat","Gujarat",21.1142,72.7419,132167,931,1005,20.1,18.5,65,12.5,24.4
2023,12,"2023-12-01","HSR","Hisar Airport","Hisar","Haryana",29.1794,75.7538,5083,36,39,16.5,18.5,65,12.5,22
2023,12,"2023-12-01","GWL","Gwalior Airport","Gwalior","Madhya Pradesh",26.2933,78.2278,40667,286,309,17.8,18.5,65,12.5,22.8
2023,12,"2023-12-01","JLR","Jabalpur Airport","Jabalpur","Madhya Pradesh",23.1778,80.0522,50833,358,387,19.2,18.5,65,12.5,23.8
2023,12,"2023-12-01","RPR","Swami Vivekananda Airport","Raipur","Chhattisgarh",21.1803,81.7389,254167,1790,1933,20.1,18.5,65,12.5,24.4
2023,12,"2023-12-01","DED","Jolly Grant Airport","Dehradun","Uttarakhand",30.1897,78.1803,162667,1146,1238,16,18.5,65,12.5,21.7
2023,12,"2023-12-01","PNT","Pantnagar Airport","Pantnagar","Uttarakhand",29.0333,79.4736,10167,72,78,16.5,18.5,65,12.5,22
2023,12,"2023-12-01","IXR","Birsa Munda Airport","Ranchi","Jharkhand",23.3142,85.3217,244000,1718,1855,19.1,18.5,65,12.5,23.7
2023,12,"2023-12-01","DHO","Deoghar Airport","Deoghar","Jharkhand",24.4439,86.7028,30500,215,232,18.6,18.5,65,12.5,23.4
2023,12,"2023-12-01","JRG","Veer Surendra Sai Airport","Jharsuguda","Odisha",21.9136,84.0503,30500,215,232,19.7,18.5,65,12.5,24.1
2023,12,"2023-12-01","DMU","Dimapur Airport","Dimapur","Nagaland",25.8839,93.7711,40667,286,309,18,18.5,65,12.5,22.9
2023,12,"2023-12-01","SHL","Shillong Airport (Umroi)","Shillong","Meghalaya",25.7036,91.9786,10167,72,78,18,18.5,65,12.5,23
2023,12,"2023-12-01","AJL","Lengpui Airport","Aizawl","Mizoram",23.8406,92.6192,20333,143,154,18.9,18.5,65,12.5,23.6
2023,12,"2023-12-01","IXS","Silchar Airport","Silchar","Assam",24.9128,92.9789,40667,286,309,18.4,18.5,65,12.5,23.2
2023,12,"2023-12-01","DBR","Dibrugarh Airport","Dibrugarh","Assam",27.4839,95.0169,111833,788,851,17.2,18.5,65,12.5,22.5
2023,12,"2023-12-01","JRH","Jorhat Airport","Jorhat","Assam",26.7314,94.1758,30500,215,232,17.6,18.5,65,12.5,22.7
2023,12,"2023-12-01","TEZ","Tezpur Airport","Tezpur","Assam",26.7092,92.7872,10167,72,78,17.6,18.5,65,12.5,22.7
2023,12,"2023-12-01","IXT","Pakyong Airport","Pakyong","Sikkim",27.2344,88.5886,5083,36,39,17.3,18.5,65,12.5,22.5
2023,12,"2023-12-01","IXZ","Veer Savarkar International Airport","Port Blair","Andaman and Nicobar Islands",11.6411,92.7297,172833,1217,1314,24.4,18.5,65,12.5,27.2
2023,12,"2023-12-01","PYB","Jeypore Airport","Jeypore","Odisha",18.88,82.553,5083,36,39,21.1,18.5,65,12.5,25
2023,12,"2023-12-01","HYT","Donyi Polo Airport (Itanagar)","Hollongi","Arunachal Pradesh",26.96,93.64,20333,143,154,17.5,18.5,65,12.5,22.6
2023,12,"2023-12-01","RMD","Ramagundam Airport","Ramagundam","Telangana",18.78,79.44,2033,14,15,21.1,18.5,65,12.5,25.1
2024,1,"2024-01-01","DEL","Indira Gandhi International Airport","New Delhi","Delhi",28.5562,77.1,8310667,58526,63208,16.7,18.5,65,15.5,24.1
2024,1,"2024-01-01","BOM","Chhatrapati Shivaji Maharaj International Airport","Mumbai","Maharashtra",19.0896,72.8656,5826500,41032,44315,21,18.5,65,15.5,27
2024,1,"2024-01-01","BLR","Kempegowda International Airport","Bengaluru","Karnataka",13.1986,77.7066,4234375,29820,32206,23.7,18.5,65,15.5,28.7
2024,1,"2024-01-01","MAA","Chennai International Airport","Chennai","Tamil Nadu",12.9941,80.1709,2382542,16778,18120,23.8,18.5,65,15.5,28.8
2024,1,"2024-01-01","HYD","Rajiv Gandhi International Airport","Hyderabad","Telangana",17.2403,78.4294,2822917,19880,21470,21.8,18.5,65,15.5,27.5
2024,1,"2024-01-01","CCU","Netaji Subhash Chandra Bose International Airport","Kolkata","West Bengal",22.6547,88.4467,2235750,15745,17005,19.4,18.5,65,15.5,25.9
2024,1,"2024-01-01","AMD","Sardar Vallabhbhai Patel International Airport","Ahmedabad","Gujarat",23.0772,72.6347,1264667,8906,9618,19.2,18.5,65,15.5,25.8
2024,1,"2024-01-01","PNQ","Pune Airport","Pune","Maharashtra",18.5822,73.9197,903333,6362,6871,21.2,18.5,65,15.5,27.1
2024,1,"2024-01-01","COK","Cochin International Airport","Kochi","Kerala",10.152,76.4019,1163042,8190,8845,25,18.5,65,15.5,29.7
2024,1,"2024-01-01","GOI","Dabolim Airport","Goa","Goa",15.3808,73.8314,948500,6680,7214,22.7,18.5,65,15.5,28.1
2024,1,"2024-01-01","GOX","Manohar International Airport (MOPA)","Goa","Goa",15.7481,73.8647,474250,3340,3607,22.5,18.5,65,15.5,28
2024,1,"2024-01-01","CJB","Coimbatore International Airport","Coimbatore","Tamil Nadu",11.03,77.0434,327458,2306,2490,24.6,18.5,65,15.5,29.4
2024,1,"2024-01-01","TRZ","Tiruchirappalli International Airport","Tiruchirappalli","Tamil Nadu",10.7654,78.7097,203250,1431,1545,24.8,18.5,65,15.5,29.5
2024,1,"2024-01-01","IXM","Madurai Airport","Madurai","Tamil Nadu",9.8345,78.0934,158083,1113,1202,25.2,18.5,65,15.5,29.8
2024,1,"2024-01-01","SXV","Salem Airport","Salem","Tamil Nadu",11.7783,78.0647,11292,80,86,24.3,18.5,65,15.5,29.2
2024,1,"2024-01-01","TCR","Tuticorin Airport","Thoothukudi","Tamil Nadu",8.7242,78.0267,22583,159,172,25.7,18.5,65,15.5,30.1
2024,1,"2024-01-01","ATQ","Sri Guru Ram Dass Jee International Airport","Amritsar","Punjab",31.7096,74.7973,316167,2227,2405,15.3,18.5,65,15.5,23.2
2024,1,"2024-01-01","IXC","Chandigarh International Airport","Chandigarh","Chandigarh",30.6735,76.7885,406500,2863,3092,15.8,18.5,65,15.5,23.5
2024,1,"2024-01-01","GAU","Lokpriya Gopinath Bordoloi International Airport","Guwahati","Assam",26.1061,91.5859,654917,4612,4981,17.9,18.5,65,15.5,24.9
2024,1,"2024-01-01","JAI","Jaipur International Airport","Jaipur","Rajasthan",26.8242,75.8122,609750,4294,4638,17.5,18.5,65,15.5,24.7
2024,1,"2024-01-01","LKO","Chaudhary Charan Singh International Airport","Lucknow","Uttar Pradesh",26.7606,80.8893,587167,4135,4466,17.6,18.5,65,15.5,24.7
2024,1,"2024-01-01","TRV","Thiruvananthapuram International Airport","Thiruvananthapuram","Kerala",8.4821,76.92,496833,3499,3779,25.8,18.5,65,15.5,30.2
2024,1,"2024-01-01","CCJ","Calicut International Airport","Kozhikode","Kerala",11.1368,75.9553,361333,2545,2749,24.6,18.5,65,15.5,29.4
2024,1,"2024-01-01","IXE","Mangaluru International Airport","Mangaluru","Karnataka",12.9613,74.89,214542,1511,1632,23.8,18.5,65,15.5,28.8
2024,1,"2024-01-01","PAT","Jay Prakash Narayan Airport","Patna","Bihar",25.5913,85.088,474250,3340,3607,18.1,18.5,65,15.5,25
2024,1,"2024-01-01","BBI","Biju Patnaik International Airport","Bhubaneswar","Odisha",20.2444,85.8178,508125,3578,3864,20.5,18.5,65,15.5,26.6
2024,1,"2024-01-01","IDR","Devi Ahilya Bai Holkar Airport","Indore","Madhya Pradesh",22.7217,75.8011,350042,2465,2662,19.4,18.5,65,15.5,25.9
2024,1,"2024-01-01","NAG","Dr. Babasaheb Ambedkar International Airport","Nagpur","Maharashtra",21.0922,79.0472,316167,2227,2405,20.1,18.5,65,15.5,26.4
2024,1,"2024-01-01","IXB","Bagdogra Airport","Siliguri","West Bengal",26.6812,88.3286,350042,2465,2662,17.6,18.5,65,15.5,24.7
2024,1,"2024-01-01","SXR","Sheikh ul-Alam International Airport","Srinagar","Jammu and Kashmir",33.9872,74.7742,496833,3499,3779,14.3,18.5,65,15.5,22.5
2024,1,"2024-01-01","IXJ","Jammu Airport","Jammu","Jammu and Kashmir",32.6892,74.8372,203250,1431,1545,14.9,18.5,65,15.5,22.9
2024,1,"2024-01-01","IXL","Kushok Bakula Rimpochee Airport","Leh","Ladakh",34.1358,77.5464,135500,954,1030,14.2,18.5,65,15.5,22.5
2024,1,"2024-01-01","IXA","Maharaja Bir Bikram Airport","Agartala","Tripura",23.887,91.2405,169375,1193,1288,18.9,18.5,65,15.5,25.5
2024,1,"2024-01-01","IMF","Imphal Airport","Imphal","Manipur",24.76,93.8967,135500,954,1030,18.5,18.5,65,15.5,25.3
2024,1,"2024-01-01","RJA","Rajahmundry Airport","Rajahmundry","Andhra Pradesh",17.1106,81.8181,45167,318,343,21.9,18.5,65,15.5,27.6
2024,1,"2024-01-01","VTZ","Visakhapatnam Airport","Visakhapatnam","Andhra Pradesh",17.7211,83.2244,316167,2227,2405,21.6,18.5,65,15.5,27.4
2024,1,"2024-01-01","TIR","Tirupati Airport","Tirupati","Andhra Pradesh",13.6325,79.5433,101625,716,773,23.5,18.5,65,15.5,28.6
2024,1,"2024-01-01","VGA","Vijayawada Airport","Vijayawada","Andhra Pradesh",16.5304,80.7968,124208,875,945,22.2,18.5,65,15.5,27.8
2024,1,"2024-01-01","DHM","Gaggal Airport (Dharamshala)","Kangra","Himachal Pradesh",32.1651,76.2634,33875,239,258,15.1,18.5,65,15.5,23.1
2024,1,"2024-01-01","SLV","Shimla Airport","Shimla","Himachal Pradesh",31.0817,77.0678,11292,80,86,15.6,18.5,65,15.5,23.4
2024,1,"2024-01-01","KUU","Kullu Manali Airport (Bhuntar)","Bhuntar","Himachal Pradesh",31.8767,77.1542,11292,80,86,15.3,18.5,65,15.5,23.1
2024,1,"2024-01-01","BDQ","Vadodara Airport","Vadodara","Gujarat",22.3361,73.2264,135500,954,1030,19.5,18.5,65,15.5,26
2024,1,"2024-01-01","STV","Surat Airport","Surat","Gujarat",21.1142,72.7419,146792,1034,1117,20.1,18.5,65,15.5,26.4
2024,1,"2024-01-01","HSR","Hisar Airport","Hisar","Haryana",29.1794,75.7538,5646,40,43,16.5,18.5,65,15.5,24
2024,1,"2024-01-01","GWL","Gwalior Airport","Gwalior","Madhya Pradesh",26.2933,78.2278,45167,318,343,17.8,18.5,65,15.5,24.8
2024,1,"2024-01-01","JLR","Jabalpur Airport","Jabalpur","Madhya Pradesh",23.1778,80.0522,56458,398,430,19.2,18.5,65,15.5,25.8
2024,1,"2024-01-01","RPR","Swami Vivekananda Airport","Raipur","Chhattisgarh",21.1803,81.7389,282292,1988,2147,20.1,18.5,65,15.5,26.4
2024,1,"2024-01-01","DED","Jolly Grant Airport","Dehradun","Uttarakhand",30.1897,78.1803,180667,1272,1374,16,18.5,65,15.5,23.7
2024,1,"2024-01-01","PNT","Pantnagar Airport","Pantnagar","Uttarakhand",29.0333,79.4736,11292,80,86,16.5,18.5,65,15.5,24
2024,1,"2024-01-01","IXR","Birsa Munda Airport","Ranchi","Jharkhand",23.3142,85.3217,271000,1908,2061,19.1,18.5,65,15.5,25.7
2024,1,"2024-01-01","DHO","Deoghar Airport","Deoghar","Jharkhand",24.4439,86.7028,33875,239,258,18.6,18.5,65,15.5,25.4
2024,1,"2024-01-01","JRG","Veer Surendra Sai Airport","Jharsuguda","Odisha",21.9136,84.0503,33875,239,258,19.7,18.5,65,15.5,26.1
2024,1,"2024-01-01","DMU","Dimapur Airport","Dimapur","Nagaland",25.8839,93.7711,45167,318,343,18,18.5,65,15.5,24.9
2024,1,"2024-01-01","SHL","Shillong Airport (Umroi)","Shillong","Meghalaya",25.7036,91.9786,11292,80,86,18,18.5,65,15.5,25
2024,1,"2024-01-01","AJL","Lengpui Airport","Aizawl","Mizoram",23.8406,92.6192,22583,159,172,18.9,18.5,65,15.5,25.6
2024,1,"2024-01-01","IXS","Silchar Airport","Silchar","Assam",24.9128,92.9789,45167,318,343,18.4,18.5,65,15.5,25.2
2024,1,"2024-01-01","DBR","Dibrugarh Airport","Dibrugarh","Assam",27.4839,95.0169,124208,875,945,17.2,18.5,65,15.5,24.5
2024,1,"2024-01-01","JRH","Jorhat Airport","Jorhat","Assam",26.7314,94.1758,33875,239,258,17.6,18.5,65,15.5,24.7
2024,1,"2024-01-01","TEZ","Tezpur Airport","Tezpur","Assam",26.7092,92.7872,11292,80,86,17.6,18.5,65,15.5,24.7
2024,1,"2024-01-01","IXT","Pakyong Airport","Pakyong","Sikkim",27.2344,88.5886,5646,40,43,17.3,18.5,65,15.5,24.5
2024,1,"2024-01-01","IXZ","Veer Savarkar International Airport","Port Blair","Andaman and Nicobar Islands",11.6411,92.7297,191958,1352,1460,24.4,18.5,65,15.5,29.2
2024,1,"2024-01-01","PYB","Jeypore Airport","Jeypore","Odisha",18.88,82.553,5646,40,43,21.1,18.5,65,15.5,27
2024,1,"2024-01-01","HYT","Donyi Polo Airport (Itanagar)","Hollongi","Arunachal Pradesh",26.96,93.64,22583,159,172,17.5,18.5,65,15.5,24.6
2024,1,"2024-01-01","RMD","Ramagundam Airport","Ramagundam","Telangana",18.78,79.44,2258,16,17,21.1,18.5,65,15.5,27.1
2024,2,"2024-02-01","DEL","Indira Gandhi International Airport","New Delhi","Delhi",28.5562,77.1,8422914,59316,64061,16.7,18.5,65,17.7,25.6
2024,2,"2024-02-01","BOM","Chhatrapati Shivaji Maharaj International Airport","Mumbai","Maharashtra",19.0896,72.8656,5905195,41586,44913,21,18.5,65,17.7,28.4
2024,2,"2024-02-01","BLR","Kempegowda International Airport","Bengaluru","Karnataka",13.1986,77.7066,4291566,30222,32640,23.7,18.5,65,17.7,30.2
2024,2,"2024-02-01","MAA","Chennai International Airport","Chennai","Tamil Nadu",12.9941,80.1709,2414721,17005,18365,23.8,18.5,65,17.7,30.3
2024,2,"2024-02-01","HYD","Rajiv Gandhi International Airport","Hyderabad","Telangana",17.2403,78.4294,2861044,20148,21760,21.8,18.5,65,17.7,29
2024,2,"2024-02-01","CCU","Netaji Subhash Chandra Bose International Airport","Kolkata","West Bengal",22.6547,88.4467,2265947,15957,17234,19.4,18.5,65,17.7,27.4
2024,2,"2024-02-01","AMD","Sardar Vallabhbhai Patel International Airport","Ahmedabad","Gujarat",23.0772,72.6347,1281748,9026,9748,19.2,18.5,65,17.7,27.3
2024,2,"2024-02-01","PNQ","Pune Airport","Pune","Maharashtra",18.5822,73.9197,915534,6447,6963,21.2,18.5,65,17.7,28.6
2024,2,"2024-02-01","COK","Cochin International Airport","Kochi","Kerala",10.152,76.4019,1178750,8301,8965,25,18.5,65,17.7,31.1
2024,2,"2024-02-01","GOI","Dabolim Airport","Goa","Goa",15.3808,73.8314,961311,6770,7312,22.7,18.5,65,17.7,29.6
2024,2,"2024-02-01","GOX","Manohar International Airport (MOPA)","Goa","Goa",15.7481,73.8647,480655,3385,3656,22.5,18.5,65,17.7,29.5
2024,2,"2024-02-01","CJB","Coimbatore International Airport","Coimbatore","Tamil Nadu",11.03,77.0434,331881,2337,2524,24.6,18.5,65,17.7,30.9
2024,2,"2024-02-01","TRZ","Tiruchirappalli International Airport","Tiruchirappalli","Tamil Nadu",10.7654,78.7097,205995,1451,1567,24.8,18.5,65,17.7,30.9
2024,2,"2024-02-01","IXM","Madurai Airport","Madurai","Tamil Nadu",9.8345,78.0934,160218,1128,1218,25.2,18.5,65,17.7,31.2
2024,2,"2024-02-01","SXV","Salem Airport","Salem","Tamil Nadu",11.7783,78.0647,11444,81,87,24.3,18.5,65,17.7,30.6
2024,2,"2024-02-01","TCR","Tuticorin Airport","Thoothukudi","Tamil Nadu",8.7242,78.0267,22888,161,174,25.7,18.5,65,17.7,31.6
2024,2,"2024-02-01","ATQ","Sri Guru Ram Dass Jee International Airport","Amritsar","Punjab",31.7096,74.7973,320437,2257,2438,15.3,18.5,65,17.7,24.7
2024,2,"2024-02-01","IXC","Chandigarh International Airport","Chandigarh","Chandigarh",30.6735,76.7885,411990,2901,3133,15.8,18.5,65,17.7,25
2024,2,"2024-02-01","GAU","Lokpriya Gopinath Bordoloi International Airport","Guwahati","Assam",26.1061,91.5859,663762,4674,5048,17.9,18.5,65,17.7,26.3
2024,2,"2024-02-01","JAI","Jaipur International Airport","Jaipur","Rajasthan",26.8242,75.8122,617986,4352,4700,17.5,18.5,65,17.7,26.1
2024,2,"2024-02-01","LKO","Chaudhary Charan Singh International Airport","Lucknow","Uttar Pradesh",26.7606,80.8893,595097,4191,4526,17.6,18.5,65,17.7,26.1
2024,2,"2024-02-01","TRV","Thiruvananthapuram International Airport","Thiruvananthapuram","Kerala",8.4821,76.92,503544,3546,3830,25.8,18.5,65,17.7,31.6
2024,2,"2024-02-01","CCJ","Calicut International Airport","Kozhikode","Kerala",11.1368,75.9553,366214,2579,2785,24.6,18.5,65,17.7,30.8
2024,2,"2024-02-01","IXE","Mangaluru International Airport","Mangaluru","Karnataka",12.9613,74.89,217439,1531,1653,23.8,18.5,65,17.7,30.3
2024,2,"2024-02-01","PAT","Jay Prakash Narayan Airport","Patna","Bihar",25.5913,85.088,480655,3385,3656,18.1,18.5,65,17.7,26.5
2024,2,"2024-02-01","BBI","Biju Patnaik International Airport","Bhubaneswar","Odisha",20.2444,85.8178,514988,3627,3917,20.5,18.5,65,17.7,28.1
2024,2,"2024-02-01","IDR","Devi Ahilya Bai Holkar Airport","Indore","Madhya Pradesh",22.7217,75.8011,354769,2498,2698,19.4,18.5,65,17.7,27.4
2024,2,"2024-02-01","NAG","Dr. Babasaheb Ambedkar International Airport","Nagpur","Maharashtra",21.0922,79.0472,320437,2257,2438,20.1,18.5,65,17.7,27.8
2024,2,"2024-02-01","IXB","Bagdogra Airport","Siliguri","West Bengal",26.6812,88.3286,354769,2498,2698,17.6,18.5,65,17.7,26.2
2024,2,"2024-02-01","SXR","Sheikh ul-Alam International Airport","Srinagar","Jammu and Kashmir",33.9872,74.7742,503544,3546,3830,14.3,18.5,65,17.7,24
2024,2,"2024-02-01","IXJ","Jammu Airport","Jammu","Jammu and Kashmir",32.6892,74.8372,205995,1451,1567,14.9,18.5,65,17.7,24.4
2024,2,"2024-02-01","IXL","Kushok Bakula Rimpochee Airport","Leh","Ladakh",34.1358,77.5464,137330,967,1044,14.2,18.5,65,17.7,23.9
2024,2,"2024-02-01","IXA","Maharaja Bir Bikram Airport","Agartala","Tripura",23.887,91.2405,171663,1209,1306,18.9,18.5,65,17.7,27
2024,2,"2024-02-01","IMF","Imphal Airport","Imphal","Manipur",24.76,93.8967,137330,967,1044,18.5,18.5,65,17.7,26.7
2024,2,"2024-02-01","RJA","Rajahmundry Airport","Rajahmundry","Andhra Pradesh",17.1106,81.8181,45777,322,348,21.9,18.5,65,17.7,29
2024,2,"2024-02-01","VTZ","Visakhapatnam Airport","Visakhapatnam","Andhra Pradesh",17.7211,83.2244,320437,2257,2438,21.6,18.5,65,17.7,28.9
2024,2,"2024-02-01","TIR","Tirupati Airport","Tirupati","Andhra Pradesh",13.6325,79.5433,102998,725,783,23.5,18.5,65,17.7,30.1
2024,2,"2024-02-01","VGA","Vijayawada Airport","Vijayawada","Andhra Pradesh",16.5304,80.7968,125886,887,958,22.2,18.5,65,17.7,29.2
2024,2,"2024-02-01","DHM","Gaggal Airport (Dharamshala)","Kangra","Himachal Pradesh",32.1651,76.2634,34333,242,261,15.1,18.5,65,17.7,24.5
2024,2,"2024-02-01","SLV","Shimla Airport","Shimla","Himachal Pradesh",31.0817,77.0678,11444,81,87,15.6,18.5,65,17.7,24.9
2024,2,"2024-02-01","KUU","Kullu Manali Airport (Bhuntar)","Bhuntar","Himachal Pradesh",31.8767,77.1542,11444,81,87,15.3,18.5,65,17.7,24.6
2024,2,"2024-02-01","BDQ","Vadodara Airport","Vadodara","Gujarat",22.3361,73.2264,137330,967,1044,19.5,18.5,65,17.7,27.5
2024,2,"2024-02-01","STV","Surat Airport","Surat","Gujarat",21.1142,72.7419,148774,1048,1132,20.1,18.5,65,17.7,27.8
2024,2,"2024-02-01","HSR","Hisar Airport","Hisar","Haryana",29.1794,75.7538,5722,40,43,16.5,18.5,65,17.7,25.4
2024,2,"2024-02-01","GWL","Gwalior Airport","Gwalior","Madhya Pradesh",26.2933,78.2278,45777,322,348,17.8,18.5,65,17.7,26.3
2024,2,"2024-02-01","JLR","Jabalpur Airport","Jabalpur","Madhya Pradesh",23.1778,80.0522,57221,403,435,19.2,18.5,65,17.7,27.2
2024,2,"2024-02-01","RPR","Swami Vivekananda Airport","Raipur","Chhattisgarh",21.1803,81.7389,286104,2015,2176,20.1,18.5,65,17.7,27.8
2024,2,"2024-02-01","DED","Jolly Grant Airport","Dehradun","Uttarakhand",30.1897,78.1803,183107,1289,1392,16,18.5,65,17.7,25.1
2024,2,"2024-02-01","PNT","Pantnagar Airport","Pantnagar","Uttarakhand",29.0333,79.4736,11444,81,87,16.5,18.5,65,17.7,25.5
2024,2,"2024-02-01","IXR","Birsa Munda Airport","Ranchi","Jharkhand",23.3142,85.3217,274660,1934,2089,19.1,18.5,65,17.7,27.2
2024,2,"2024-02-01","DHO","Deoghar Airport","Deoghar","Jharkhand",24.4439,86.7028,34333,242,261,18.6,18.5,65,17.7,26.8
2024,2,"2024-02-01","JRG","Veer Surendra Sai Airport","Jharsuguda","Odisha",21.9136,84.0503,34333,242,261,19.7,18.5,65,17.7,27.6
2024,2,"2024-02-01","DMU","Dimapur Airport","Dimapur","Nagaland",25.8839,93.7711,45777,322,348,18,18.5,65,17.7,26.4
2024,2,"2024-02-01","SHL","Shillong Airport (Umroi)","Shillong","Meghalaya",25.7036,91.9786,11444,81,87,18,18.5,65,17.7,26.5
2024,2,"2024-02-01","AJL","Lengpui Airport","Aizawl","Mizoram",23.8406,92.6192,22888,161,174,18.9,18.5,65,17.7,27
2024,2,"2024-02-01","IXS","Silchar Airport","Silchar","Assam",24.9128,92.9789,45777,322,348,18.4,18.5,65,17.7,26.7
2024,2,"2024-02-01","DBR","Dibrugarh Airport","Dibrugarh","Assam",27.4839,95.0169,125886,887,958,17.2,18.5,65,17.7,25.9
2024,2,"2024-02-01","JRH","Jorhat Airport","Jorhat","Assam",26.7314,94.1758,34333,242,261,17.6,18.5,65,17.7,26.2
2024,2,"2024-02-01","TEZ","Tezpur Airport","Tezpur","Assam",26.7092,92.7872,11444,81,87,17.6,18.5,65,17.7,26.2
2024,2,"2024-02-01","IXT","Pakyong Airport","Pakyong","Sikkim",27.2344,88.5886,5722,40,43,17.3,18.5,65,17.7,26
2024,2,"2024-02-01","IXZ","Veer Savarkar International Airport","Port Blair","Andaman and Nicobar Islands",11.6411,92.7297,194551,1370,1480,24.4,18.5,65,17.7,30.7
2024,2,"2024-02-01","PYB","Jeypore Airport","Jeypore","Odisha",18.88,82.553,5722,40,43,21.1,18.5,65,17.7,28.5
2024,2,"2024-02-01","HYT","Donyi Polo Airport (Itanagar)","Hollongi","Arunachal Pradesh",26.96,93.64,22888,161,174,17.5,18.5,65,17.7,26.1
2024,2,"2024-02-01","RMD","Ramagundam Airport","Ramagundam","Telangana",18.78,79.44,2289,16,17,21.1,18.5,65,17.7,28.5
2024,3,"2024-03-01","DEL","Indira Gandhi International Airport","New Delhi","Delhi",28.5562,77.1,8464000,59606,64374,29.7,18.5,48,18.5,34.8
2024,3,"2024-03-01","BOM","Chhatrapati Shivaji Maharaj International Airport","Mumbai","Maharashtra",19.0896,72.8656,5934000,41789,45132,34,18.5,48,18.5,37.6
2024,3,"2024-03-01","BLR","Kempegowda International Airport","Bengaluru","Karnataka",13.1986,77.7066,4312500,30370,32800,36.7,18.5,48,18.5,39.4
2024,3,"2024-03-01","MAA","Chennai International Airport","Chennai","Tamil Nadu",12.9941,80.1709,2426500,17088,18455,36.8,18.5,48,18.5,39.5
2024,3,"2024-03-01","HYD","Rajiv Gandhi International Airport","Hyderabad","Telangana",17.2403,78.4294,2875000,20246,21866,34.8,18.5,48,18.5,38.2
2024,3,"2024-03-01","CCU","Netaji Subhash Chandra Bose International Airport","Kolkata","West Bengal",22.6547,88.4467,2277000,16035,17318,32.4,18.5,48,18.5,36.6
2024,3,"2024-03-01","AMD","Sardar Vallabhbhai Patel International Airport","Ahmedabad","Gujarat",23.0772,72.6347,1288000,9070,9796,32.2,18.5,48,18.5,36.5
2024,3,"2024-03-01","PNQ","Pune Airport","Pune","Maharashtra",18.5822,73.9197,920000,6479,6997,34.2,18.5,48,18.5,37.8
2024,3,"2024-03-01","COK","Cochin International Airport","Kochi","Kerala",10.152,76.4019,1184500,8342,9009,38,18.5,48,18.5,40.3
2024,3,"2024-03-01","GOI","Dabolim Airport","Goa","Goa",15.3808,73.8314,966000,6803,7347,35.7,18.5,48,18.5,38.8
2024,3,"2024-03-01","GOX","Manohar International Airport (MOPA)","Goa","Goa",15.7481,73.8647,483000,3401,3673,35.5,18.5,48,18.5,38.7
2024,3,"2024-03-01","CJB","Coimbatore International Airport","Coimbatore","Tamil Nadu",11.03,77.0434,333500,2349,2537,37.6,18.5,48,18.5,40.1
2024,3,"2024-03-01","TRZ","Tiruchirappalli International Airport","Tiruchirappalli","Tamil Nadu",10.7654,78.7097,207000,1458,1575,37.8,18.5,48,18.5,40.1
2024,3,"2024-03-01","IXM","Madurai Airport","Madurai","Tamil Nadu",9.8345,78.0934,161000,1134,1225,38.2,18.5,48,18.5,40.4
2024,3,"2024-03-01","SXV","Salem Airport","Salem","Tamil Nadu",11.7783,78.0647,11500,81,87,37.3,18.5,48,18.5,39.8
2024,3,"2024-03-01","TCR","Tuticorin Airport","Thoothukudi","Tamil Nadu",8.7242,78.0267,23000,162,175,38.7,18.5,48,18.5,40.8
2024,3,"2024-03-01","ATQ","Sri Guru Ram Dass Jee International Airport","Amritsar","Punjab",31.7096,74.7973,322000,2268,2449,28.3,18.5,48,18.5,33.9
2024,3,"2024-03-01","IXC","Chandigarh International Airport","Chandigarh","Chandigarh",30.6735,76.7885,414000,2915,3148,28.8,18.5,48,18.5,34.2
2024,3,"2024-03-01","GAU","Lokpriya Gopinath Bordoloi International Airport","Guwahati","Assam",26.1061,91.5859,667000,4697,5073,30.9,18.5,48,18.5,35.5
2024,3,"2024-03-01","JAI","Jaipur International Airport","Jaipur","Rajasthan",26.8242,75.8122,621000,4373,4723,30.5,18.5,48,18.5,35.3
2024,3,"2024-03-01","LKO","Chaudhary Charan Singh International Airport","Lucknow","Uttar Pradesh",26.7606,80.8893,598000,4211,4548,30.6,18.5,48,18.5,35.3
2024,3,"2024-03-01","TRV","Thiruvananthapuram International Airport","Thiruvananthapuram","Kerala",8.4821,76.92,506000,3563,3848,38.8,18.5,48,18.5,40.8
2024,3,"2024-03-01","CCJ","Calicut International Airport","Kozhikode","Kerala",11.1368,75.9553,368000,2592,2799,37.6,18.5,48,18.5,40
2024,3,"2024-03-01","IXE","Mangaluru International Airport","Mangaluru","Karnataka",12.9613,74.89,218500,1539,1662,36.8,18.5,48,18.5,39.5
2024,3,"2024-03-01","PAT","Jay Prakash Narayan Airport","Patna","Bihar",25.5913,85.088,483000,3401,3673,31.1,18.5,48,18.5,35.7
2024,3,"2024-03-01","BBI","Biju Patnaik International Airport","Bhubaneswar","Odisha",20.2444,85.8178,517500,3644,3936,33.5,18.5,48,18.5,37.3
2024,3,"2024-03-01","IDR","Devi Ahilya Bai Holkar Airport","Indore","Madhya Pradesh",22.7217,75.8011,356500,2511,2712,32.4,18.5,48,18.5,36.6
2024,3,"2024-03-01","NAG","Dr. Babasaheb Ambedkar International Airport","Nagpur","Maharashtra",21.0922,79.0472,322000,2268,2449,33.1,18.5,48,18.5,37
2024,3,"2024-03-01","IXB","Bagdogra Airport","Siliguri","West Bengal",26.6812,88.3286,356500,2511,2712,30.6,18.5,48,18.5,35.4
2024,3,"2024-03-01","SXR","Sheikh ul-Alam International Airport","Srinagar","Jammu and Kashmir",33.9872,74.7742,506000,3563,3848,27.3,18.5,48,18.5,33.2
2024,3,"2024-03-01","IXJ","Jammu Airport","Jammu","Jammu and Kashmir",32.6892,74.8372,207000,1458,1575,27.9,18.5,48,18.5,33.6
2024,3,"2024-03-01","IXL","Kushok Bakula Rimpochee Airport","Leh","Ladakh",34.1358,77.5464,138000,972,1050,27.2,18.5,48,18.5,33.1
2024,3,"2024-03-01","IXA","Maharaja Bir Bikram Airport","Agartala","Tripura",23.887,91.2405,172500,1215,1312,31.9,18.5,48,18.5,36.2
2024,3,"2024-03-01","IMF","Imphal Airport","Imphal","Manipur",24.76,93.8967,138000,972,1050,31.5,18.5,48,18.5,35.9
2024,3,"2024-03-01","RJA","Rajahmundry Airport","Rajahmundry","Andhra Pradesh",17.1106,81.8181,46000,324,350,34.9,18.5,48,18.5,38.2
2024,3,"2024-03-01","VTZ","Visakhapatnam Airport","Visakhapatnam","Andhra Pradesh",17.7211,83.2244,322000,2268,2449,34.6,18.5,48,18.5,38.1
2024,3,"2024-03-01","TIR","Tirupati Airport","Tirupati","Andhra Pradesh",13.6325,79.5433,103500,729,787,36.5,18.5,48,18.5,39.3
2024,3,"2024-03-01","VGA","Vijayawada Airport","Vijayawada","Andhra Pradesh",16.5304,80.7968,126500,891,962,35.2,18.5,48,18.5,38.4
2024,3,"2024-03-01","DHM","Gaggal Airport (Dharamshala)","Kangra","Himachal Pradesh",32.1651,76.2634,34500,243,262,28.1,18.5,48,18.5,33.7
2024,3,"2024-03-01","SLV","Shimla Airport","Shimla","Himachal Pradesh",31.0817,77.0678,11500,81,87,28.6,18.5,48,18.5,34.1
2024,3,"2024-03-01","KUU","Kullu Manali Airport (Bhuntar)","Bhuntar","Himachal Pradesh",31.8767,77.1542,11500,81,87,28.3,18.5,48,18.5,33.8
2024,3,"2024-03-01","BDQ","Vadodara Airport","Vadodara","Gujarat",22.3361,73.2264,138000,972,1050,32.5,18.5,48,18.5,36.7
2024,3,"2024-03-01","STV","Surat Airport","Surat","Gujarat",21.1142,72.7419,149500,1053,1137,33.1,18.5,48,18.5,37
2024,3,"2024-03-01","HSR","Hisar Airport","Hisar","Haryana",29.1794,75.7538,5750,40,43,29.5,18.5,48,18.5,34.6
2024,3,"2024-03-01","GWL","Gwalior Airport","Gwalior","Madhya Pradesh",26.2933,78.2278,46000,324,350,30.8,18.5,48,18.5,35.5
2024,3,"2024-03-01","JLR","Jabalpur Airport","Jabalpur","Madhya Pradesh",23.1778,80.0522,57500,405,437,32.2,18.5,48,18.5,36.4
2024,3,"2024-03-01","RPR","Swami Vivekananda Airport","Raipur","Chhattisgarh",21.1803,81.7389,287500,2025,2187,33.1,18.5,48,18.5,37
2024,3,"2024-03-01","DED","Jolly Grant Airport","Dehradun","Uttarakhand",30.1897,78.1803,184000,1296,1400,29,18.5,48,18.5,34.3
2024,3,"2024-03-01","PNT","Pantnagar Airport","Pantnagar","Uttarakhand",29.0333,79.4736,11500,81,87,29.5,18.5,48,18.5,34.7
2024,3,"2024-03-01","IXR","Birsa Munda Airport","Ranchi","Jharkhand",23.3142,85.3217,276000,1944,2100,32.1,18.5,48,18.5,36.4
2024,3,"2024-03-01","DHO","Deoghar Airport","Deoghar","Jharkhand",24.4439,86.7028,34500,243,262,31.6,18.5,48,18.5,36
2024,3,"2024-03-01","JRG","Veer Surendra Sai Airport","Jharsuguda","Odisha",21.9136,84.0503,34500,243,262,32.7,18.5,48,18.5,36.8
2024,3,"2024-03-01","DMU","Dimapur Airport","Dimapur","Nagaland",25.8839,93.7711,46000,324,350,31,18.5,48,18.5,35.6
2024,3,"2024-03-01","SHL","Shillong Airport (Umroi)","Shillong","Meghalaya",25.7036,91.9786,11500,81,87,31,18.5,48,18.5,35.7
2024,3,"2024-03-01","AJL","Lengpui Airport","Aizawl","Mizoram",23.8406,92.6192,23000,162,175,31.9,18.5,48,18.5,36.2
2024,3,"2024-03-01","IXS","Silchar Airport","Silchar","Assam",24.9128,92.9789,46000,324,350,31.4,18.5,48,18.5,35.9
2024,3,"2024-03-01","DBR","Dibrugarh Airport","Dibrugarh","Assam",27.4839,95.0169,126500,891,962,30.2,18.5,48,18.5,35.1
2024,3,"2024-03-01","JRH","Jorhat Airport","Jorhat","Assam",26.7314,94.1758,34500,243,262,30.6,18.5,48,18.5,35.4
2024,3,"2024-03-01","TEZ","Tezpur Airport","Tezpur","Assam",26.7092,92.7872,11500,81,87,30.6,18.5,48,18.5,35.4
2024,3,"2024-03-01","IXT","Pakyong Airport","Pakyong","Sikkim",27.2344,88.5886,5750,40,43,30.3,18.5,48,18.5,35.2
2024,3,"2024-03-01","IXZ","Veer Savarkar International Airport","Port Blair","Andaman and Nicobar Islands",11.6411,92.7297,195500,1377,1487,37.4,18.5,48,18.5,39.9
2024,3,"2024-03-01","PYB","Jeypore Airport","Jeypore","Odisha",18.88,82.553,5750,40,43,34.1,18.5,48,18.5,37.7
2024,3,"2024-03-01","HYT","Donyi Polo Airport (Itanagar)","Hollongi","Arunachal Pradesh",26.96,93.64,23000,162,175,30.5,18.5,48,18.5,35.3
2024,3,"2024-03-01","RMD","Ramagundam Airport","Ramagundam","Telangana",18.78,79.44,2300,16,17,34.1,18.5,48,18.5,37.7
2024,4,"2024-04-01","DEL","Indira Gandhi International Airport","New Delhi","Delhi",28.5562,77.1,8422914,59316,64061,29.7,18.5,48,17.7,34.3
2024,4,"2024-04-01","BOM","Chhatrapati Shivaji Maharaj International Airport","Mumbai","Maharashtra",19.0896,72.8656,5905195,41586,44913,34,18.5,48,17.7,37.1
2024,4,"2024-04-01","BLR","Kempegowda International Airport","Bengaluru","Karnataka",13.1986,77.7066,4291566,30222,32640,36.7,18.5,48,17.7,38.9
2024,4,"2024-04-01","MAA","Chennai International Airport","Chennai","Tamil Nadu",12.9941,80.1709,2414721,17005,18365,36.8,18.5,48,17.7,38.9
2024,4,"2024-04-01","HYD","Rajiv Gandhi International Airport","Hyderabad","Telangana",17.2403,78.4294,2861044,20148,21760,34.8,18.5,48,17.7,37.7
2024,4,"2024-04-01","CCU","Netaji Subhash Chandra Bose International Airport","Kolkata","West Bengal",22.6547,88.4467,2265947,15957,17234,32.4,18.5,48,17.7,36
2024,4,"2024-04-01","AMD","Sardar Vallabhbhai Patel International Airport","Ahmedabad","Gujarat",23.0772,72.6347,1281748,9026,9748,32.2,18.5,48,17.7,35.9
2024,4,"2024-04-01","PNQ","Pune Airport","Pune","Maharashtra",18.5822,73.9197,915534,6447,6963,34.2,18.5,48,17.7,37.3
2024,4,"2024-04-01","COK","Cochin International Airport","Kochi","Kerala",10.152,76.4019,1178750,8301,8965,38,18.5,48,17.7,39.8
2024,4,"2024-04-01","GOI","Dabolim Airport","Goa","Goa",15.3808,73.8314,961311,6770,7312,35.7,18.5,48,17.7,38.2
2024,4,"2024-04-01","GOX","Manohar International Airport (MOPA)","Goa","Goa",15.7481,73.8647,480655,3385,3656,35.5,18.5,48,17.7,38.1
2024,4,"2024-04-01","CJB","Coimbatore International Airport","Coimbatore","Tamil Nadu",11.03,77.0434,331881,2337,2524,37.6,18.5,48,17.7,39.5
2024,4,"2024-04-01","TRZ","Tiruchirappalli International Airport","Tiruchirappalli","Tamil Nadu",10.7654,78.7097,205995,1451,1567,37.8,18.5,48,17.7,39.6
2024,4,"2024-04-01","IXM","Madurai Airport","Madurai","Tamil Nadu",9.8345,78.0934,160218,1128,1218,38.2,18.5,48,17.7,39.9
2024,4,"2024-04-01","SXV","Salem Airport","Salem","Tamil Nadu",11.7783,78.0647,11444,81,87,37.3,18.5,48,17.7,39.3
2024,4,"2024-04-01","TCR","Tuticorin Airport","Thoothukudi","Tamil Nadu",8.7242,78.0267,22888,161,174,38.7,18.5,48,17.7,40.2
2024,4,"2024-04-01","ATQ","Sri Guru Ram Dass Jee International Airport","Amritsar","Punjab",31.7096,74.7973,320437,2257,2438,28.3,18.5,48,17.7,33.3
2024,4,"2024-04-01","IXC","Chandigarh International Airport","Chandigarh","Chandigarh",30.6735,76.7885,411990,2901,3133,28.8,18.5,48,17.7,33.6
2024,4,"2024-04-01","GAU","Lokpriya Gopinath Bordoloi International Airport","Guwahati","Assam",26.1061,91.5859,663762,4674,5048,30.9,18.5,48,17.7,35
2024,4,"2024-04-01","JAI","Jaipur International Airport","Jaipur","Rajasthan",26.8242,75.8122,617986,4352,4700,30.5,18.5,48,17.7,34.8
2024,4,"2024-04-01","LKO","Chaudhary Charan Singh International Airport","Lucknow","Uttar Pradesh",26.7606,80.8893,595097,4191,4526,30.6,18.5,48,17.7,34.8
2024,4,"2024-04-01","TRV","Thiruvananthapuram International Airport","Thiruvananthapuram","Kerala",8.4821,76.92,503544,3546,3830,38.8,18.5,48,17.7,40.3
2024,4,"2024-04-01","CCJ","Calicut International Airport","Kozhikode","Kerala",11.1368,75.9553,366214,2579,2785,37.6,18.5,48,17.7,39.5
2024,4,"2024-04-01","IXE","Mangaluru International Airport","Mangaluru","Karnataka",12.9613,74.89,217439,1531,1653,36.8,18.5,48,17.7,39
2024,4,"2024-04-01","PAT","Jay Prakash Narayan Airport","Patna","Bihar",25.5913,85.088,480655,3385,3656,31.1,18.5,48,17.7,35.2
2024,4,"2024-04-01","BBI","Biju Patnaik International Airport","Bhubaneswar","Odisha",20.2444,85.8178,514988,3627,3917,33.5,18.5,48,17.7,36.8
2024,4,"2024-04-01","IDR","Devi Ahilya Bai Holkar Airport","Indore","Madhya Pradesh",22.7217,75.8011,354769,2498,2698,32.4,18.5,48,17.7,36
2024,4,"2024-04-01","NAG","Dr. Babasaheb Ambedkar International Airport","Nagpur","Maharashtra",21.0922,79.0472,320437,2257,2438,33.1,18.5,48,17.7,36.5
2024,4,"2024-04-01","IXB","Bagdogra Airport","Siliguri","West Bengal",26.6812,88.3286,354769,2498,2698,30.6,18.5,48,17.7,34.8
2024,4,"2024-04-01","SXR","Sheikh ul-Alam International Airport","Srinagar","Jammu and Kashmir",33.9872,74.7742,503544,3546,3830,27.3,18.5,48,17.7,32.6
2024,4,"2024-04-01","IXJ","Jammu Airport","Jammu","Jammu and Kashmir",32.6892,74.8372,205995,1451,1567,27.9,18.5,48,17.7,33
2024,4,"2024-04-01","IXL","Kushok Bakula Rimpochee Airport","Leh","Ladakh",34.1358,77.5464,137330,967,1044,27.2,18.5,48,17.7,32.6
2024,4,"2024-04-01","IXA","Maharaja Bir Bikram Airport","Agartala","Tripura",23.887,91.2405,171663,1209,1306,31.9,18.5,48,17.7,35.7
2024,4,"2024-04-01","IMF","Imphal Airport","Imphal","Manipur",24.76,93.8967,137330,967,1044,31.5,18.5,48,17.7,35.4
2024,4,"2024-04-01","RJA","Rajahmundry Airport","Rajahmundry","Andhra Pradesh",17.1106,81.8181,45777,322,348,34.9,18.5,48,17.7,37.7
2024,4,"2024-04-01","VTZ","Visakhapatnam Airport","Visakhapatnam","Andhra Pradesh",17.7211,83.2244,320437,2257,2438,34.6,18.5,48,17.7,37.5
2024,4,"2024-04-01","TIR","Tirupati Airport","Tirupati","Andhra Pradesh",13.6325,79.5433,102998,725,783,36.5,18.5,48,17.7,38.8
2024,4,"2024-04-01","VGA","Vijayawada Airport","Vijayawada","Andhra Pradesh",16.5304,80.7968,125886,887,958,35.2,18.5,48,17.7,37.9
2024,4,"2024-04-01","DHM","Gaggal Airport (Dharamshala)","Kangra","Himachal Pradesh",32.1651,76.2634,34333,242,261,28.1,18.5,48,17.7,33.2
2024,4,"2024-04-01","SLV","Shimla Airport","Shimla","Himachal Pradesh",31.0817,77.0678,11444,81,87,28.6,18.5,48,17.7,33.5
2024,4,"2024-04-01","KUU","Kullu Manali Airport (Bhuntar)","Bhuntar","Himachal Pradesh",31.8767,77.1542,11444,81,87,28.3,18.5,48,17.7,33.3
2024,4,"2024-04-01","BDQ","Vadodara Airport","Vadodara","Gujarat",22.3361,73.2264,137330,967,1044,32.5,18.5,48,17.7,36.1
2024,4,"2024-04-01","STV","Surat Airport","Surat","Gujarat",21.1142,72.7419,148774,1048,1132,33.1,18.5,48,17.7,36.5
2024,4,"2024-04-01","HSR","Hisar Airport","Hisar","Haryana",29.1794,75.7538,5722,40,43,29.5,18.5,48,17.7,34.1
2024,4,"2024-04-01","GWL","Gwalior Airport","Gwalior","Madhya Pradesh",26.2933,78.2278,45777,322,348,30.8,18.5,48,17.7,35
2024,4,"2024-04-01","JLR","Jabalpur Airport","Jabalpur","Madhya Pradesh",23.1778,80.0522,57221,403,435,32.2,18.5,48,17.7,35.9
2024,4,"2024-04-01","RPR","Swami Vivekananda Airport","Raipur","Chhattisgarh",21.1803,81.7389,286104,2015,2176,33.1,18.5,48,17.7,36.5
2024,4,"2024-04-01","DED","Jolly Grant Airport","Dehradun","Uttarakhand",30.1897,78.1803,183107,1289,1392,29,18.5,48,17.7,33.8
2024,4,"2024-04-01","PNT","Pantnagar Airport","Pantnagar","Uttarakhand",29.0333,79.4736,11444,81,87,29.5,18.5,48,17.7,34.1
2024,4,"2024-04-01","IXR","Birsa Munda Airport","Ranchi","Jharkhand",23.3142,85.3217,274660,1934,2089,32.1,18.5,48,17.7,35.8
2024,4,"2024-04-01","DHO","Deoghar Airport","Deoghar","Jharkhand",24.4439,86.7028,34333,242,261,31.6,18.5,48,17.7,35.5
2024,4,"2024-04-01","JRG","Veer Surendra Sai Airport","Jharsuguda","Odisha",21.9136,84.0503,34333,242,261,32.7,18.5,48,17.7,36.3
2024,4,"2024-04-01","DMU","Dimapur Airport","Dimapur","Nagaland",25.8839,93.7711,45777,322,348,31,18.5,48,17.7,35.1
2024,4,"2024-04-01","SHL","Shillong Airport (Umroi)","Shillong","Meghalaya",25.7036,91.9786,11444,81,87,31,18.5,48,17.7,35.1
2024,4,"2024-04-01","AJL","Lengpui Airport","Aizawl","Mizoram",23.8406,92.6192,22888,161,174,31.9,18.5,48,17.7,35.7
2024,4,"2024-04-01","IXS","Silchar Airport","Silchar","Assam",24.9128,92.9789,45777,322,348,31.4,18.5,48,17.7,35.4
2024,4,"2024-04-01","DBR","Dibrugarh Airport","Dibrugarh","Assam",27.4839,95.0169,125886,887,958,30.2,18.5,48,17.7,34.6
2024,4,"2024-04-01","JRH","Jorhat Airport","Jorhat","Assam",26.7314,94.1758,34333,242,261,30.6,18.5,48,17.7,34.8
2024,4,"2024-04-01","TEZ","Tezpur Airport","Tezpur","Assam",26.7092,92.7872,11444,81,87,30.6,18.5,48,17.7,34.8
2024,4,"2024-04-01","IXT","Pakyong Airport","Pakyong","Sikkim",27.2344,88.5886,5722,40,43,30.3,18.5,48,17.7,34.7
2024,4,"2024-04-01","IXZ","Veer Savarkar International Airport","Port Blair","Andaman and Nicobar Islands",11.6411,92.7297,194551,1370,1480,37.4,18.5,48,17.7,39.4
2024,4,"2024-04-01","PYB","Jeypore Airport","Jeypore","Odisha",18.88,82.553,5722,40,43,34.1,18.5,48,17.7,37.2
2024,4,"2024-04-01","HYT","Donyi Polo Airport (Itanagar)","Hollongi","Arunachal Pradesh",26.96,93.64,22888,161,174,30.5,18.5,48,17.7,34.8
2024,4,"2024-04-01","RMD","Ramagundam Airport","Ramagundam","Telangana",18.78,79.44,2289,16,17,34.1,18.5,48,17.7,37.2
2024,5,"2024-05-01","DEL","Indira Gandhi International Airport","New Delhi","Delhi",28.5562,77.1,8310667,58526,63208,29.7,18.5,48,15.5,32.8
2024,5,"2024-05-01","BOM","Chhatrapati Shivaji Maharaj International Airport","Mumbai","Maharashtra",19.0896,72.8656,5826500,41032,44315,34,18.5,48,15.5,35.6
2024,5,"2024-05-01","BLR","Kempegowda International Airport","Bengaluru","Karnataka",13.1986,77.7066,4234375,29820,32206,36.7,18.5,48,15.5,37.4
2024,5,"2024-05-01","MAA","Chennai International Airport","Chennai","Tamil Nadu",12.9941,80.1709,2382542,16778,18120,36.8,18.5,48,15.5,37.5
2024,5,"2024-05-01","HYD","Rajiv Gandhi International Airport","Hyderabad","Telangana",17.2403,78.4294,2822917,19880,21470,34.8,18.5,48,15.5,36.2
2024,5,"2024-05-01","CCU","Netaji Subhash Chandra Bose International Airport","Kolkata","West Bengal",22.6547,88.4467,2235750,15745,17005,32.4,18.5,48,15.5,34.6
2024,5,"2024-05-01","AMD","Sardar Vallabhbhai Patel International Airport","Ahmedabad","Gujarat",23.0772,72.6347,1264667,8906,9618,32.2,18.5,48,15.5,34.5
2024,5,"2024-05-01","PNQ","Pune Airport","Pune","Maharashtra",18.5822,73.9197,903333,6362,6871,34.2,18.5,48,15.5,35.8
2024,5,"2024-05-01","COK","Cochin International Airport","Kochi","Kerala",10.152,76.4019,1163042,8190,8845,38,18.5,48,15.5,38.3
2024,5,"2024-05-01","GOI","Dabolim Airport","Goa","Goa",15.3808,73.8314,948500,6680,7214,35.7,18.5,48,15.5,36.8
2024,5,"2024-05-01","GOX","Manohar International Airport (MOPA)","Goa","Goa",15.7481,73.8647,474250,3340,3607,35.5,18.5,48,15.5,36.7
2024,5,"2024-05-01","CJB","Coimbatore International Airport","Coimbatore","Tamil Nadu",11.03,77.0434,327458,2306,2490,37.6,18.5,48,15.5,38.1
2024,5,"2024-05-01","TRZ","Tiruchirappalli International Airport","Tiruchirappalli","Tamil Nadu",10.7654,78.7097,203250,1431,1545,37.8,18.5,48,15.5,38.1
2024,5,"2024-05-01","IXM","Madurai Airport","Madurai","Tamil Nadu",9.8345,78.0934,158083,1113,1202,38.2,18.5,48,15.5,38.4
2024,5,"2024-05-01","SXV","Salem Airport","Salem","Tamil Nadu",11.7783,78.0647,11292,80,86,37.3,18.5,48,15.5,37.8
2024,5,"2024-05-01","TCR","Tuticorin Airport","Thoothukudi","Tamil Nadu",8.7242,78.0267,22583,159,172,38.7,18.5,48,15.5,38.8
2024,5,"2024-05-01","ATQ","Sri Guru Ram Dass Jee International Airport","Amritsar","Punjab",31.7096,74.7973,316167,2227,2405,28.3,18.5,48,15.5,31.9
2024,5,"2024-05-01","IXC","Chandigarh International Airport","Chandigarh","Chandigarh",30.6735,76.7885,406500,2863,3092,28.8,18.5,48,15.5,32.2
2024,5,"2024-05-01","GAU","Lokpriya Gopinath Bordoloi International Airport","Guwahati","Assam",26.1061,91.5859,654917,4612,4981,30.9,18.5,48,15.5,33.5
2024,5,"2024-05-01","JAI","Jaipur International Airport","Jaipur","Rajasthan",26.8242,75.8122,609750,4294,4638,30.5,18.5,48,15.5,33.3
2024,5,"2024-05-01","LKO","Chaudhary Charan Singh International Airport","Lucknow","Uttar Pradesh",26.7606,80.8893,587167,4135,4466,30.6,18.5,48,15.5,33.3
2024,5,"2024-05-01","TRV","Thiruvananthapuram International Airport","Thiruvananthapuram","Kerala",8.4821,76.92,496833,3499,3779,38.8,18.5,48,15.5,38.8
2024,5,"2024-05-01","CCJ","Calicut International Airport","Kozhikode","Kerala",11.1368,75.9553,361333,2545,2749,37.6,18.5,48,15.5,38
2024,5,"2024-05-01","IXE","Mangaluru International Airport","Mangaluru","Karnataka",12.9613,74.89,214542,1511,1632,36.8,18.5,48,15.5,37.5
2024,5,"2024-05-01","PAT","Jay Prakash Narayan Airport","Patna","Bihar",25.5913,85.088,474250,3340,3607,31.1,18.5,48,15.5,33.7
2024,5,"2024-05-01","BBI","Biju Patnaik International Airport","Bhubaneswar","Odisha",20.2444,85.8178,508125,3578,3864,33.5,18.5,48,15.5,35.3
2024,5,"2024-05-01","IDR","Devi Ahilya Bai Holkar Airport","Indore","Madhya Pradesh",22.7217,75.8011,350042,2465,2662,32.4,18.5,48,15.5,34.6
2024,5,"2024-05-01","NAG","Dr. Babasaheb Ambedkar International Airport","Nagpur","Maharashtra",21.0922,79.0472,316167,2227,2405,33.1,18.5,48,15.5,35
2024,5,"2024-05-01","IXB","Bagdogra Airport","Siliguri","West Bengal",26.6812,88.3286,350042,2465,2662,30.6,18.5,48,15.5,33.4
2024,5,"2024-05-01","SXR","Sheikh ul-Alam International Airport","Srinagar","Jammu and Kashmir",33.9872,74.7742,496833,3499,3779,27.3,18.5,48,15.5,31.2
2024,5,"2024-05-01","IXJ","Jammu Airport","Jammu","Jammu and Kashmir",32.6892,74.8372,203250,1431,1545,27.9,18.5,48,15.5,31.6
2024,5,"2024-05-01","IXL","Kushok Bakula Rimpochee Airport","Leh","Ladakh",34.1358,77.5464,135500,954,1030,27.2,18.5,48,15.5,31.1
2024,5,"2024-05-01","IXA","Maharaja Bir Bikram Airport","Agartala","Tripura",23.887,91.2405,169375,1193,1288,31.9,18.5,48,15.5,34.2
2024,5,"2024-05-01","IMF","Imphal Airport","Imphal","Manipur",24.76,93.8967,135500,954,1030,31.5,18.5,48,15.5,33.9
2024,5,"2024-05-01","RJA","Rajahmundry Airport","Rajahmundry","Andhra Pradesh",17.1106,81.8181,45167,318,343,34.9,18.5,48,15.5,36.2
2024,5,"2024-05-01","VTZ","Visakhapatnam Airport","Visakhapatnam","Andhra Pradesh",17.7211,83.2244,316167,2227,2405,34.6,18.5,48,15.5,36.1
2024,5,"2024-05-01","TIR","Tirupati Airport","Tirupati","Andhra Pradesh",13.6325,79.5433,101625,716,773,36.5,18.5,48,15.5,37.3
2024,5,"2024-05-01","VGA","Vijayawada Airport","Vijayawada","Andhra Pradesh",16.5304,80.7968,124208,875,945,35.2,18.5,48,15.5,36.4
2024,5,"2024-05-01","DHM","Gaggal Airport (Dharamshala)","Kangra","Himachal Pradesh",32.1651,76.2634,33875,239,258,28.1,18.5,48,15.5,31.7
2024,5,"2024-05-01","SLV","Shimla Airport","Shimla","Himachal Pradesh",31.0817,77.0678,11292,80,86,28.6,18.5,48,15.5,32.1
2024,5,"2024-05-01","KUU","Kullu Manali Airport (Bhuntar)","Bhuntar","Himachal Pradesh",31.8767,77.1542,11292,80,86,28.3,18.5,48,15.5,31.8
2024,5,"2024-05-01","BDQ","Vadodara Airport","Vadodara","Gujarat",22.3361,73.2264,135500,954,1030,32.5,18.5,48,15.5,34.7
2024,5,"2024-05-01","STV","Surat Airport","Surat","Gujarat",21.1142,72.7419,146792,1034,1117,33.1,18.5,48,15.5,35
2024,5,"2024-05-01","HSR","Hisar Airport","Hisar","Haryana",29.1794,75.7538,5646,40,43,29.5,18.5,48,15.5,32.6
2024,5,"2024-05-01","GWL","Gwalior Airport","Gwalior","Madhya Pradesh",26.2933,78.2278,45167,318,343,30.8,18.5,48,15.5,33.5
2024,5,"2024-05-01","JLR","Jabalpur Airport","Jabalpur","Madhya Pradesh",23.1778,80.0522,56458,398,430,32.2,18.5,48,15.5,34.4
2024,5,"2024-05-01","RPR","Swami Vivekananda Airport","Raipur","Chhattisgarh",21.1803,81.7389,282292,1988,2147,33.1,18.5,48,15.5,35
2024,5,"2024-05-01","DED","Jolly Grant Airport","Dehradun","Uttarakhand",30.1897,78.1803,180667,1272,1374,29,18.5,48,15.5,32.3
2024,5,"2024-05-01","PNT","Pantnagar Airport","Pantnagar","Uttarakhand",29.0333,79.4736,11292,80,86,29.5,18.5,48,15.5,32.7
2024,5,"2024-05-01","IXR","Birsa Munda Airport","Ranchi","Jharkhand",23.3142,85.3217,271000,1908,2061,32.1,18.5,48,15.5,34.4
2024,5,"2024-05-01","DHO","Deoghar Airport","Deoghar","Jharkhand",24.4439,86.7028,33875,239,258,31.6,18.5,48,15.5,34
2024,5,"2024-05-01","JRG","Veer Surendra Sai Airport","Jharsuguda","Odisha",21.9136,84.0503,33875,239,258,32.7,18.5,48,15.5,34.8
2024,5,"2024-05-01","DMU","Dimapur Airport","Dimapur","Nagaland",25.8839,93.7711,45167,318,343,31,18.5,48,15.5,33.6
2024,5,"2024-05-01","SHL","Shillong Airport (Umroi)","Shillong","Meghalaya",25.7036,91.9786,11292,80,86,31,18.5,48,15.5,33.7
2024,5,"2024-05-01","AJL","Lengpui Airport","Aizawl","Mizoram",23.8406,92.6192,22583,159,172,31.9,18.5,48,15.5,34.2
2024,5,"2024-05-01","IXS","Silchar Airport","Silchar","Assam",24.9128,92.9789,45167,318,343,31.4,18.5,48,15.5,33.9
2024,5,"2024-05-01","DBR","Dibrugarh Airport","Dibrugarh","Assam",27.4839,95.0169,124208,875,945,30.2,18.5,48,15.5,33.1
2024,5,"2024-05-01","JRH","Jorhat Airport","Jorhat","Assam",26.7314,94.1758,33875,239,258,30.6,18.5,48,15.5,33.4
2024,5,"2024-05-01","TEZ","Tezpur Airport","Tezpur","Assam",26.7092,92.7872,11292,80,86,30.6,18.5,48,15.5,33.4
2024,5,"2024-05-01","IXT","Pakyong Airport","Pakyong","Sikkim",27.2344,88.5886,5646,40,43,30.3,18.5,48,15.5,33.2
2024,5,"2024-05-01","IXZ","Veer Savarkar International Airport","Port Blair","Andaman and Nicobar Islands",11.6411,92.7297,191958,1352,1460,37.4,18.5,48,15.5,37.9
2024,5,"2024-05-01","PYB","Jeypore Airport","Jeypore","Odisha",18.88,82.553,5646,40,43,34.1,18.5,48,15.5,35.7
2024,5,"2024-05-01","HYT","Donyi Polo Airport (Itanagar)","Hollongi","Arunachal Pradesh",26.96,93.64,22583,159,172,30.5,18.5,48,15.5,33.3
2024,5,"2024-05-01","RMD","Ramagundam Airport","Ramagundam","Telangana",18.78,79.44,2258,16,17,34.1,18.5,48,15.5,35.7
2024,6,"2024-06-01","DEL","Indira Gandhi International Airport","New Delhi","Delhi",28.5562,77.1,8157333,57446,62042,24.7,160,84,12.5,47.7
2024,6,"2024-06-01","BOM","Chhatrapati Shivaji Maharaj International Airport","Mumbai","Maharashtra",19.0896,72.8656,5719000,40275,43497,29,160,84,12.5,50.5
2024,6,"2024-06-01","BLR","Kempegowda International Airport","Bengaluru","Karnataka",13.1986,77.7066,4156250,29269,31611,31.7,160,84,12.5,52.3
2024,6,"2024-06-01","MAA","Chennai International Airport","Chennai","Tamil Nadu",12.9941,80.1709,2338583,16469,17787,31.8,160,84,12.5,52.4
2024,6,"2024-06-01","HYD","Rajiv Gandhi International Airport","Hyderabad","Telangana",17.2403,78.4294,2770833,19513,21074,29.8,160,84,12.5,51.1
2024,6,"2024-06-01","CCU","Netaji Subhash Chandra Bose International Airport","Kolkata","West Bengal",22.6547,88.4467,2194500,15454,16690,27.4,320,84,12.5,72.3
2024,6,"2024-06-01","AMD","Sardar Vallabhbhai Patel International Airport","Ahmedabad","Gujarat",23.0772,72.6347,1241333,8742,9441,27.2,160,84,12.5,49.3
2024,6,"2024-06-01","PNQ","Pune Airport","Pune","Maharashtra",18.5822,73.9197,886667,6244,6744,29.2,160,84,12.5,50.7
2024,6,"2024-06-01","COK","Cochin International Airport","Kochi","Kerala",10.152,76.4019,1141583,8039,8682,33,280,84,12.5,70.4
2024,6,"2024-06-01","GOI","Dabolim Airport","Goa","Goa",15.3808,73.8314,931000,6556,7080,30.7,280,84,12.5,68.8
2024,6,"2024-06-01","GOX","Manohar International Airport (MOPA)","Goa","Goa",15.7481,73.8647,465500,3278,3540,30.5,280,84,12.5,68.7
2024,6,"2024-06-01","CJB","Coimbatore International Airport","Coimbatore","Tamil Nadu",11.03,77.0434,321417,2264,2445,32.6,160,84,12.5,52.9
2024,6,"2024-06-01","TRZ","Tiruchirappalli International Airport","Tiruchirappalli","Tamil Nadu",10.7654,78.7097,199500,1405,1517,32.8,160,84,12.5,53
2024,6,"2024-06-01","IXM","Madurai Airport","Madurai","Tamil Nadu",9.8345,78.0934,155167,1093,1180,33.2,160,84,12.5,53.3
2024,6,"2024-06-01","SXV","Salem Airport","Salem","Tamil Nadu",11.7783,78.0647,11083,78,84,32.3,160,84,12.5,52.7
2024,6,"2024-06-01","TCR","Tuticorin Airport","Thoothukudi","Tamil Nadu",8.7242,78.0267,22167,156,168,33.7,160,84,12.5,53.6
2024,6,"2024-06-01","ATQ","Sri Guru Ram Dass Jee International Airport","Amritsar","Punjab",31.7096,74.7973,310333,2185,2360,23.3,160,84,12.5,46.7
2024,6,"2024-06-01","IXC","Chandigarh International Airport","Chandigarh","Chandigarh",30.6735,76.7885,399000,2810,3035,23.8,160,84,12.5,47.1
2024,6,"2024-06-01","GAU","Lokpriya Gopinath Bordoloi International Airport","Guwahati","Assam",26.1061,91.5859,642833,4527,4889,25.9,320,84,12.5,71.3
2024,6,"2024-06-01","JAI","Jaipur International Airport","Jaipur","Rajasthan",26.8242,75.8122,598500,4215,4552,25.5,160,84,12.5,48.2
2024,6,"2024-06-01","LKO","Chaudhary Charan Singh International Airport","Lucknow","Uttar Pradesh",26.7606,80.8893,576333,4059,4384,25.6,160,84,12.5,48.2
2024,6,"2024-06-01","TRV","Thiruvananthapuram International Airport","Thiruvananthapuram","Kerala",8.4821,76.92,487667,3434,3709,33.8,280,84,12.5,70.9
2024,6,"2024-06-01","CCJ","Calicut International Airport","Kozhikode","Kerala",11.1368,75.9553,354667,2498,2698,32.6,280,84,12.5,70.1
2024,6,"2024-06-01","IXE","Mangaluru International Airport","Mangaluru","Karnataka",12.9613,74.89,210583,1483,1602,31.8,280,84,12.5,69.5
2024,6,"2024-06-01","PAT","Jay Prakash Narayan Airport","Patna","Bihar",25.5913,85.088,465500,3278,3540,26.1,320,84,12.5,71.4
2024,6,"2024-06-01","BBI","Biju Patnaik International Airport","Bhubaneswar","Odisha",20.2444,85.8178,498750,3512,3793,28.5,320,84,12.5,73
2024,6,"2024-06-01","IDR","Devi Ahilya Bai Holkar Airport","Indore","Madhya Pradesh",22.7217,75.8011,343583,2420,2614,27.4,160,84,12.5,49.4
2024,6,"2024-06-01","NAG","Dr. Babasaheb Ambedkar International Airport","Nagpur","Maharashtra",21.0922,79.0472,310333,2185,2360,28.1,160,84,12.5,49.9
2024,6,"2024-06-01","IXB","Bagdogra Airport","Siliguri","West Bengal",26.6812,88.3286,343583,2420,2614,25.6,320,84,12.5,71.1
2024,6,"2024-06-01","SXR","Sheikh ul-Alam International Airport","Srinagar","Jammu and Kashmir",33.9872,74.7742,487667,3434,3709,22.3,160,84,12.5,46.1
2024,6,"2024-06-01","IXJ","Jammu Airport","Jammu","Jammu and Kashmir",32.6892,74.8372,199500,1405,1517,22.9,160,84,12.5,46.5
2024,6,"2024-06-01","IXL","Kushok Bakula Rimpochee Airport","Leh","Ladakh",34.1358,77.5464,133000,937,1012,22.2,160,84,12.5,46
2024,6,"2024-06-01","IXA","Maharaja Bir Bikram Airport","Agartala","Tripura",23.887,91.2405,166250,1171,1265,26.9,320,84,12.5,71.9
2024,6,"2024-06-01","IMF","Imphal Airport","Imphal","Manipur",24.76,93.8967,133000,937,1012,26.5,320,84,12.5,71.7
2024,6,"2024-06-01","RJA","Rajahmundry Airport","Rajahmundry","Andhra Pradesh",17.1106,81.8181,44333,312,337,29.9,160,84,12.5,51.1
2024,6,"2024-06-01","VTZ","Visakhapatnam Airport","Visakhapatnam","Andhra Pradesh",17.7211,83.2244,310333,2185,2360,29.6,160,84,12.5,50.9
2024,6,"2024-06-01","TIR","Tirupati Airport","Tirupati","Andhra Pradesh",13.6325,79.5433,99750,702,758,31.5,160,84,12.5,52.2
2024,6,"2024-06-01","VGA","Vijayawada Airport","Vijayawada","Andhra Pradesh",16.5304,80.7968,121917,859,928,30.2,160,84,12.5,51.3
2024,6,"2024-06-01","DHM","Gaggal Airport (Dharamshala)","Kangra","Himachal Pradesh",32.1651,76.2634,33250,234,253,23.1,160,84,12.5,46.6
2024,6,"2024-06-01","SLV","Shimla Airport","Shimla","Himachal Pradesh",31.0817,77.0678,11083,78,84,23.6,160,84,12.5,46.9
2024,6,"2024-06-01","KUU","Kullu Manali Airport (Bhuntar)","Bhuntar","Himachal Pradesh",31.8767,77.1542,11083,78,84,23.3,160,84,12.5,46.7
2024,6,"2024-06-01","BDQ","Vadodara Airport","Vadodara","Gujarat",22.3361,73.2264,133000,937,1012,27.5,160,84,12.5,49.6
2024,6,"2024-06-01","STV","Surat Airport","Surat","Gujarat",21.1142,72.7419,144083,1015,1096,28.1,160,84,12.5,49.9
2024,6,"2024-06-01","HSR","Hisar Airport","Hisar","Haryana",29.1794,75.7538,5542,39,42,24.5,160,84,12.5,47.5
2024,6,"2024-06-01","GWL","Gwalior Airport","Gwalior","Madhya Pradesh",26.2933,78.2278,44333,312,337,25.8,160,84,12.5,48.4
2024,6,"2024-06-01","JLR","Jabalpur Airport","Jabalpur","Madhya Pradesh",23.1778,80.0522,55417,390,421,27.2,160,84,12.5,49.3
2024,6,"2024-06-01","RPR","Swami Vivekananda Airport","Raipur","Chhattisgarh",21.1803,81.7389,277083,1951,2107,28.1,160,84,12.5,49.9
2024,6,"2024-06-01","DED","Jolly Grant Airport","Dehradun","Uttarakhand",30.1897,78.1803,177333,1249,1349,24,160,84,12.5,47.2
2024,6,"2024-06-01","PNT","Pantnagar Airport","Pantnagar","Uttarakhand",29.0333,79.4736,11083,78,84,24.5,160,84,12.5,47.5
2024,6,"2024-06-01","IXR","Birsa Munda Airport","Ranchi","Jharkhand",23.3142,85.3217,266000,1873,2023,27.1,320,84,12.5,72.1
2024,6,"2024-06-01","DHO","Deoghar Airport","Deoghar","Jharkhand",24.4439,86.7028,33250,234,253,26.6,320,84,12.5,71.8
2024,6,"2024-06-01","JRG","Veer Surendra Sai Airport","Jharsuguda","Odisha",21.9136,84.0503,33250,234,253,27.7,160,84,12.5,49.7
2024,6,"2024-06-01","DMU","Dimapur Airport","Dimapur","Nagaland",25.8839,93.7711,44333,312,337,26,320,84,12.5,71.3
2024,6,"2024-06-01","SHL","Shillong Airport (Umroi)","Shillong","Meghalaya",25.7036,91.9786,11083,78,84,26,320,84,12.5,71.4
2024,6,"2024-06-01","AJL","Lengpui Airport","Aizawl","Mizoram",23.8406,92.6192,22167,156,168,26.9,320,84,12.5,72
2024,6,"2024-06-01","IXS","Silchar Airport","Silchar","Assam",24.9128,92.9789,44333,312,337,26.4,320,84,12.5,71.6
2024,6,"2024-06-01","DBR","Dibrugarh Airport","Dibrugarh","Assam",27.4839,95.0169,121917,859,928,25.2,320,84,12.5,70.9
2024,6,"2024-06-01","JRH","Jorhat Airport","Jorhat","Assam",26.7314,94.1758,33250,234,253,25.6,320,84,12.5,71.1
2024,6,"2024-06-01","TEZ","Tezpur Airport","Tezpur","Assam",26.7092,92.7872,11083,78,84,25.6,320,84,12.5,71.1
2024,6,"2024-06-01","IXT","Pakyong Airport","Pakyong","Sikkim",27.2344,88.5886,5542,39,42,25.3,320,84,12.5,70.9
2024,6,"2024-06-01","IXZ","Veer Savarkar International Airport","Port Blair","Andaman and Nicobar Islands",11.6411,92.7297,188417,1327,1433,32.4,160,84,12.5,52.8
2024,6,"2024-06-01","PYB","Jeypore Airport","Jeypore","Odisha",18.88,82.553,5542,39,42,29.1,160,84,12.5,50.6
2024,6,"2024-06-01","HYT","Donyi Polo Airport (Itanagar)","Hollongi","Arunachal Pradesh",26.96,93.64,22167,156,168,25.5,320,84,12.5,71
2024,6,"2024-06-01","RMD","Ramagundam Airport","Ramagundam","Telangana",18.78,79.44,2217,16,17,29.1,160,84,12.5,50.6
2024,7,"2024-07-01","DEL","Indira Gandhi International Airport","New Delhi","Delhi",28.5562,77.1,8004000,56366,60875,24.7,160,84,9.5,45.7
2024,7,"2024-07-01","BOM","Chhatrapati Shivaji Maharaj International Airport","Mumbai","Maharashtra",19.0896,72.8656,5611500,39518,42679,29,160,84,9.5,48.5
2024,7,"2024-07-01","BLR","Kempegowda International Airport","Bengaluru","Karnataka",13.1986,77.7066,4078125,28719,31017,31.7,160,84,9.5,50.3
2024,7,"2024-07-01","MAA","Chennai International Airport","Chennai","Tamil Nadu",12.9941,80.1709,2294625,16159,17452,31.8,160,84,9.5,50.4
2024,7,"2024-07-01","HYD","Rajiv Gandhi International Airport","Hyderabad","Telangana",17.2403,78.4294,2718750,19146,20678,29.8,160,84,9.5,49.1
2024,7,"2024-07-01","CCU","Netaji Subhash Chandra Bose International Airport","Kolkata","West Bengal",22.6547,88.4467,2153250,15164,16377,27.4,320,84,9.5,70.3
2024,7,"2024-07-01","AMD","Sardar Vallabhbhai Patel International Airport","Ahmedabad","Gujarat",23.0772,72.6347,1218000,8577,9263,27.2,160,84,9.5,47.3
2024,7,"2024-07-01","PNQ","Pune Airport","Pune","Maharashtra",18.5822,73.9197,870000,6127,6617,29.2,160,84,9.5,48.7
2024,7,"2024-07-01","COK","Cochin International Airport","Kochi","Kerala",10.152,76.4019,1120125,7888,8519,33,280,84,9.5,68.4
2024,7,"2024-07-01","GOI","Dabolim Airport","Goa","Goa",15.3808,73.8314,913500,6433,6948,30.7,280,84,9.5,66.8
2024,7,"2024-07-01","GOX","Manohar International Airport (MOPA)","Goa","Goa",15.7481,73.8647,456750,3217,3474,30.5,280,84,9.5,66.7
2024,7,"2024-07-01","CJB","Coimbatore International Airport","Coimbatore","Tamil Nadu",11.03,77.0434,315375,2221,2399,32.6,160,84,9.5,50.9
2024,7,"2024-07-01","TRZ","Tiruchirappalli International Airport","Tiruchirappalli","Tamil Nadu",10.7654,78.7097,195750,1379,1489,32.8,160,84,9.5,51
2024,7,"2024-07-01","IXM","Madurai Airport","Madurai","Tamil Nadu",9.8345,78.0934,152250,1072,1158,33.2,160,84,9.5,51.3
2024,7,"2024-07-01","SXV","Salem Airport","Salem","Tamil Nadu",11.7783,78.0647,10875,77,83,32.3,160,84,9.5,50.7
2024,7,"2024-07-01","TCR","Tuticorin Airport","Thoothukudi","Tamil Nadu",8.7242,78.0267,21750,153,165,33.7,160,84,9.5,51.6
2024,7,"2024-07-01","ATQ","Sri Guru Ram Dass Jee International Airport","Amritsar","Punjab",31.7096,74.7973,304500,2144,2316,23.3,160,84,9.5,44.7
2024,7,"2024-07-01","IXC","Chandigarh International Airport","Chandigarh","Chandigarh",30.6735,76.7885,391500,2757,2978,23.8,160,84,9.5,45.1
2024,7,"2024-07-01","GAU","Lokpriya Gopinath Bordoloi International Airport","Guwahati","Assam",26.1061,91.5859,630750,4442,4797,25.9,320,84,9.5,69.3
2024,7,"2024-07-01","JAI","Jaipur International Airport","Jaipur","Rajasthan",26.8242,75.8122,587250,4136,4467,25.5,160,84,9.5,46.2
2024,7,"2024-07-01","LKO","Chaudhary Charan Singh International Airport","Lucknow","Uttar Pradesh",26.7606,80.8893,565500,3982,4301,25.6,160,84,9.5,46.2
2024,7,"2024-07-01","TRV","Thiruvananthapuram International Airport","Thiruvananthapuram","Kerala",8.4821,76.92,478500,3370,3640,33.8,280,84,9.5,68.9
2024,7,"2024-07-01","CCJ","Calicut International Airport","Kozhikode","Kerala",11.1368,75.9553,348000,2451,2647,32.6,280,84,9.5,68.1
2024,7,"2024-07-01","IXE","Mangaluru International Airport","Mangaluru","Karnataka",12.9613,74.89,206625,1455,1571,31.8,280,84,9.5,67.5
2024,7,"2024-07-01","PAT","Jay Prakash Narayan Airport","Patna","Bihar",25.5913,85.088,456750,3217,3474,26.1,320,84,9.5,69.4
2024,7,"2024-07-01","BBI","Biju Patnaik International Airport","Bhubaneswar","Odisha",20.2444,85.8178,489375,3446,3722,28.5,320,84,9.5,71
2024,7,"2024-07-01","IDR","Devi Ahilya Bai Holkar Airport","Indore","Madhya Pradesh",22.7217,75.8011,337125,2374,2564,27.4,160,84,9.5,47.4
2024,7,"2024-07-01","NAG","Dr. Babasaheb Ambedkar International Airport","Nagpur","Maharashtra",21.0922,79.0472,304500,2144,2316,28.1,160,84,9.5,47.9
2024,7,"2024-07-01","IXB","Bagdogra Airport","Siliguri","West Bengal",26.6812,88.3286,337125,2374,2564,25.6,320,84,9.5,69.1
2024,7,"2024-07-01","SXR","Sheikh ul-Alam International Airport","Srinagar","Jammu and Kashmir",33.9872,74.7742,478500,3370,3640,22.3,160,84,9.5,44.1
2024,7,"2024-07-01","IXJ","Jammu Airport","Jammu","Jammu and Kashmir",32.6892,74.8372,195750,1379,1489,22.9,160,84,9.5,44.5
2024,7,"2024-07-01","IXL","Kushok Bakula Rimpochee Airport","Leh","Ladakh",34.1358,77.5464,130500,919,993,22.2,160,84,9.5,44
2024,7,"2024-07-01","IXA","Maharaja Bir Bikram Airport","Agartala","Tripura",23.887,91.2405,163125,1149,1241,26.9,320,84,9.5,69.9
2024,7,"2024-07-01","IMF","Imphal Airport","Imphal","Manipur",24.76,93.8967,130500,919,993,26.5,320,84,9.5,69.7
2024,7,"2024-07-01","RJA","Rajahmundry Airport","Rajahmundry","Andhra Pradesh",17.1106,81.8181,43500,306,330,29.9,160,84,9.5,49.1
2024,7,"2024-07-01","VTZ","Visakhapatnam Airport","Visakhapatnam","Andhra Pradesh",17.7211,83.2244,304500,2144,2316,29.6,160,84,9.5,48.9
2024,7,"2024-07-01","TIR","Tirupati Airport","Tirupati","Andhra Pradesh",13.6325,79.5433,97875,689,744,31.5,160,84,9.5,50.2
2024,7,"2024-07-01","VGA","Vijayawada Airport","Vijayawada","Andhra Pradesh",16.5304,80.7968,119625,842,909,30.2,160,84,9.5,49.3
2024,7,"2024-07-01","DHM","Gaggal Airport (Dharamshala)","Kangra","Himachal Pradesh",32.1651,76.2634,32625,230,248,23.1,160,84,9.5,44.6
2024,7,"2024-07-01","SLV","Shimla Airport","Shimla","Himachal Pradesh",31.0817,77.0678,10875,77,83,23.6,160,84,9.5,44.9
2024,7,"2024-07-01","KUU","Kullu Manali Airport (Bhuntar)","Bhuntar","Himachal Pradesh",31.8767,77.1542,10875,77,83,23.3,160,84,9.5,44.7
2024,7,"2024-07-01","BDQ","Vadodara Airport","Vadodara","Gujarat",22.3361,73.2264,130500,919,993,27.5,160,84,9.5,47.6
2024,7,"2024-07-01","STV","Surat Airport","Surat","Gujarat",21.1142,72.7419,141375,996,1076,28.1,160,84,9.5,47.9
2024,7,"2024-07-01","HSR","Hisar Airport","Hisar","Haryana",29.1794,75.7538,5438,38,41,24.5,160,84,9.5,45.5
2024,7,"2024-07-01","GWL","Gwalior Airport","Gwalior","Madhya Pradesh",26.2933,78.2278,43500,306,330,25.8,160,84,9.5,46.4
2024,7,"2024-07-01","JLR","Jabalpur Airport","Jabalpur","Madhya Pradesh",23.1778,80.0522,54375,383,414,27.2,160,84,9.5,47.3
2024,7,"2024-07-01","RPR","Swami Vivekananda Airport","Raipur","Chhattisgarh",21.1803,81.7389,271875,1915,2068,28.1,160,84,9.5,47.9
2024,7,"2024-07-01","DED","Jolly Grant Airport","Dehradun","Uttarakhand",30.1897,78.1803,174000,1225,1323,24,160,84,9.5,45.2
2024,7,"2024-07-01","PNT","Pantnagar Airport","Pantnagar","Uttarakhand",29.0333,79.4736,10875,77,83,24.5,160,84,9.5,45.5
2024,7,"2024-07-01","IXR","Birsa Munda Airport","Ranchi","Jharkhand",23.3142,85.3217,261000,1838,1985,27.1,320,84,9.5,70.1
2024,7,"2024-07-01","DHO","Deoghar Airport","Deoghar","Jharkhand",24.4439,86.7028,32625,230,248,26.6,320,84,9.5,69.8
2024,7,"2024-07-01","JRG","Veer Surendra Sai Airport","Jharsuguda","Odisha",21.9136,84.0503,32625,230,248,27.7,160,84,9.5,47.7
2024,7,"2024-07-01","DMU","Dimapur Airport","Dimapur","Nagaland",25.8839,93.7711,43500,306,330,26,320,84,9.5,69.3
2024,7,"2024-07-01","SHL","Shillong Airport (Umroi)","Shillong","Meghalaya",25.7036,91.9786,10875,77,83,26,320,84,9.5,69.4
2024,7,"2024-07-01","AJL","Lengpui Airport","Aizawl","Mizoram",23.8406,92.6192,21750,153,165,26.9,320,84,9.5,70
2024,7,"2024-07-01","IXS","Silchar Airport","Silchar","Assam",24.9128,92.9789,43500,306,330,26.4,320,84,9.5,69.6
2024,7,"2024-07-01","DBR","Dibrugarh Airport","Dibrugarh","Assam",27.4839,95.0169,119625,842,909,25.2,320,84,9.5,68.9
2024,7,"2024-07-01","JRH","Jorhat Airport","Jorhat","Assam",26.7314,94.1758,32625,230,248,25.6,320,84,9.5,69.1
2024,7,"2024-07-01","TEZ","Tezpur Airport","Tezpur","Assam",26.7092,92.7872,10875,77,83,25.6,320,84,9.5,69.1
2024,7,"2024-07-01","IXT","Pakyong Airport","Pakyong","Sikkim",27.2344,88.5886,5438,38,41,25.3,320,84,9.5,68.9
2024,7,"2024-07-01","IXZ","Veer Savarkar International Airport","Port Blair","Andaman and Nicobar Islands",11.6411,92.7297,184875,1302,1406,32.4,160,84,9.5,50.8
2024,7,"2024-07-01","PYB","Jeypore Airport","Jeypore","Odisha",18.88,82.553,5438,38,41,29.1,160,84,9.5,48.6
2024,7,"2024-07-01","HYT","Donyi Polo Airport (Itanagar)","Hollongi","Arunachal Pradesh",26.96,93.64,21750,153,165,25.5,320,84,9.5,69
2024,7,"2024-07-01","RMD","Ramagundam Airport","Ramagundam","Telangana",18.78,79.44,2175,15,16,29.1,160,84,9.5,48.6
2024,8,"2024-08-01","DEL","Indira Gandhi International Airport","New Delhi","Delhi",28.5562,77.1,7891752,55576,60022,24.7,160,84,7.3,44.2
2024,8,"2024-08-01","BOM","Chhatrapati Shivaji Maharaj International Airport","Mumbai","Maharashtra",19.0896,72.8656,5532805,38963,42080,29,160,84,7.3,47.1
2024,8,"2024-08-01","BLR","Kempegowda International Airport","Bengaluru","Karnataka",13.1986,77.7066,4020934,28316,30581,31.7,160,84,7.3,48.8
2024,8,"2024-08-01","MAA","Chennai International Airport","Chennai","Tamil Nadu",12.9941,80.1709,2262445,15933,17208,31.8,160,84,7.3,48.9
2024,8,"2024-08-01","HYD","Rajiv Gandhi International Airport","Hyderabad","Telangana",17.2403,78.4294,2680622,18878,20388,29.8,160,84,7.3,47.6
2024,8,"2024-08-01","CCU","Netaji Subhash Chandra Bose International Airport","Kolkata","West Bengal",22.6547,88.4467,2123053,14951,16147,27.4,320,84,7.3,68.9
2024,8,"2024-08-01","AMD","Sardar Vallabhbhai Patel International Airport","Ahmedabad","Gujarat",23.0772,72.6347,1200919,8457,9134,27.2,160,84,7.3,45.9
2024,8,"2024-08-01","PNQ","Pune Airport","Pune","Maharashtra",18.5822,73.9197,857799,6041,6524,29.2,160,84,7.3,47.2
2024,8,"2024-08-01","COK","Cochin International Airport","Kochi","Kerala",10.152,76.4019,1104416,7778,8400,33,280,84,7.3,66.9
2024,8,"2024-08-01","GOI","Dabolim Airport","Goa","Goa",15.3808,73.8314,900689,6343,6850,30.7,280,84,7.3,65.3
2024,8,"2024-08-01","GOX","Manohar International Airport (MOPA)","Goa","Goa",15.7481,73.8647,450345,3171,3425,30.5,280,84,7.3,65.2
2024,8,"2024-08-01","CJB","Coimbatore International Airport","Coimbatore","Tamil Nadu",11.03,77.0434,310952,2190,2365,32.6,160,84,7.3,49.5
2024,8,"2024-08-01","TRZ","Tiruchirappalli International Airport","Tiruchirappalli","Tamil Nadu",10.7654,78.7097,193005,1359,1468,32.8,160,84,7.3,49.6
2024,8,"2024-08-01","IXM","Madurai Airport","Madurai","Tamil Nadu",9.8345,78.0934,150115,1057,1142,33.2,160,84,7.3,49.8
2024,8,"2024-08-01","SXV","Salem Airport","Salem","Tamil Nadu",11.7783,78.0647,10722,76,82,32.3,160,84,7.3,49.3
2024,8,"2024-08-01","TCR","Tuticorin Airport","Thoothukudi","Tamil Nadu",8.7242,78.0267,21445,151,163,33.7,160,84,7.3,50.2
2024,8,"2024-08-01","ATQ","Sri Guru Ram Dass Jee International Airport","Amritsar","Punjab",31.7096,74.7973,300230,2114,2283,23.3,160,84,7.3,43.3
2024,8,"2024-08-01","IXC","Chandigarh International Airport","Chandigarh","Chandigarh",30.6735,76.7885,386010,2718,2935,23.8,160,84,7.3,43.6
2024,8,"2024-08-01","GAU","Lokpriya Gopinath Bordoloi International Airport","Guwahati","Assam",26.1061,91.5859,621904,4380,4730,25.9,320,84,7.3,67.8
2024,8,"2024-08-01","JAI","Jaipur International Airport","Jaipur","Rajasthan",26.8242,75.8122,579014,4078,4404,25.5,160,84,7.3,44.7
2024,8,"2024-08-01","LKO","Chaudhary Charan Singh International Airport","Lucknow","Uttar Pradesh",26.7606,80.8893,557569,3927,4241,25.6,160,84,7.3,44.8
2024,8,"2024-08-01","TRV","Thiruvananthapuram International Airport","Thiruvananthapuram","Kerala",8.4821,76.92,471790,3322,3588,33.8,280,84,7.3,67.4
2024,8,"2024-08-01","CCJ","Calicut International Airport","Kozhikode","Kerala",11.1368,75.9553,343120,2416,2609,32.6,280,84,7.3,66.6
2024,8,"2024-08-01","IXE","Mangaluru International Airport","Mangaluru","Karnataka",12.9613,74.89,203727,1435,1550,31.8,280,84,7.3,66
2024,8,"2024-08-01","PAT","Jay Prakash Narayan Airport","Patna","Bihar",25.5913,85.088,450345,3171,3425,26.1,320,84,7.3,68
2024,8,"2024-08-01","BBI","Biju Patnaik International Airport","Bhubaneswar","Odisha",20.2444,85.8178,482512,3398,3670,28.5,320,84,7.3,69.6
2024,8,"2024-08-01","IDR","Devi Ahilya Bai Holkar Airport","Indore","Madhya Pradesh",22.7217,75.8011,332397,2341,2528,27.4,160,84,7.3,46
2024,8,"2024-08-01","NAG","Dr. Babasaheb Ambedkar International Airport","Nagpur","Maharashtra",21.0922,79.0472,300230,2114,2283,28.1,160,84,7.3,46.5
2024,8,"2024-08-01","IXB","Bagdogra Airport","Siliguri","West Bengal",26.6812,88.3286,332397,2341,2528,25.6,320,84,7.3,67.6
2024,8,"2024-08-01","SXR","Sheikh ul-Alam International Airport","Srinagar","Jammu and Kashmir",33.9872,74.7742,471790,3322,3588,22.3,160,84,7.3,42.6
2024,8,"2024-08-01","IXJ","Jammu Airport","Jammu","Jammu and Kashmir",32.6892,74.8372,193005,1359,1468,22.9,160,84,7.3,43
2024,8,"2024-08-01","IXL","Kushok Bakula Rimpochee Airport","Leh","Ladakh",34.1358,77.5464,128670,906,978,22.2,160,84,7.3,42.5
2024,8,"2024-08-01","IXA","Maharaja Bir Bikram Airport","Agartala","Tripura",23.887,91.2405,160837,1133,1224,26.9,320,84,7.3,68.5
2024,8,"2024-08-01","IMF","Imphal Airport","Imphal","Manipur",24.76,93.8967,128670,906,978,26.5,320,84,7.3,68.2
2024,8,"2024-08-01","RJA","Rajahmundry Airport","Rajahmundry","Andhra Pradesh",17.1106,81.8181,42890,302,326,29.9,160,84,7.3,47.7
2024,8,"2024-08-01","VTZ","Visakhapatnam Airport","Visakhapatnam","Andhra Pradesh",17.7211,83.2244,300230,2114,2283,29.6,160,84,7.3,47.5
2024,8,"2024-08-01","TIR","Tirupati Airport","Tirupati","Andhra Pradesh",13.6325,79.5433,96502,680,734,31.5,160,84,7.3,48.7
2024,8,"2024-08-01","VGA","Vijayawada Airport","Vijayawada","Andhra Pradesh",16.5304,80.7968,117947,831,897,30.2,160,84,7.3,47.8
2024,8,"2024-08-01","DHM","Gaggal Airport (Dharamshala)","Kangra","Himachal Pradesh",32.1651,76.2634,32167,227,245,23.1,160,84,7.3,43.1
2024,8,"2024-08-01","SLV","Shimla Airport","Shimla","Himachal Pradesh",31.0817,77.0678,10722,76,82,23.6,160,84,7.3,43.5
2024,8,"2024-08-01","KUU","Kullu Manali Airport (Bhuntar)","Bhuntar","Himachal Pradesh",31.8767,77.1542,10722,76,82,23.3,160,84,7.3,43.2
2024,8,"2024-08-01","BDQ","Vadodara Airport","Vadodara","Gujarat",22.3361,73.2264,128670,906,978,27.5,160,84,7.3,46.1
2024,8,"2024-08-01","STV","Surat Airport","Surat","Gujarat",21.1142,72.7419,139392,982,1061,28.1,160,84,7.3,46.5
2024,8,"2024-08-01","HSR","Hisar Airport","Hisar","Haryana",29.1794,75.7538,5361,38,41,24.5,160,84,7.3,44
2024,8,"2024-08-01","GWL","Gwalior Airport","Gwalior","Madhya Pradesh",26.2933,78.2278,42890,302,326,25.8,160,84,7.3,44.9
2024,8,"2024-08-01","JLR","Jabalpur Airport","Jabalpur","Madhya Pradesh",23.1778,80.0522,53612,378,408,27.2,160,84,7.3,45.8
2024,8,"2024-08-01","RPR","Swami Vivekananda Airport","Raipur","Chhattisgarh",21.1803,81.7389,268062,1888,2039,28.1,160,84,7.3,46.4
2024,8,"2024-08-01","DED","Jolly Grant Airport","Dehradun","Uttarakhand",30.1897,78.1803,171560,1208,1305,24,160,84,7.3,43.7
2024,8,"2024-08-01","PNT","Pantnagar Airport","Pantnagar","Uttarakhand",29.0333,79.4736,10722,76,82,24.5,160,84,7.3,44.1
2024,8,"2024-08-01","IXR","Birsa Munda Airport","Ranchi","Jharkhand",23.3142,85.3217,257340,1812,1957,27.1,320,84,7.3,68.7
2024,8,"2024-08-01","DHO","Deoghar Airport","Deoghar","Jharkhand",24.4439,86.7028,32167,227,245,26.6,320,84,7.3,68.3
2024,8,"2024-08-01","JRG","Veer Surendra Sai Airport","Jharsuguda","Odisha",21.9136,84.0503,32167,227,245,27.7,160,84,7.3,46.2
2024,8,"2024-08-01","DMU","Dimapur Airport","Dimapur","Nagaland",25.8839,93.7711,42890,302,326,26,320,84,7.3,67.9
2024,8,"2024-08-01","SHL","Shillong Airport (Umroi)","Shillong","Meghalaya",25.7036,91.9786,10722,76,82,26,320,84,7.3,67.9
2024,8,"2024-08-01","AJL","Lengpui Airport","Aizawl","Mizoram",23.8406,92.6192,21445,151,163,26.9,320,84,7.3,68.5
2024,8,"2024-08-01","IXS","Silchar Airport","Silchar","Assam",24.9128,92.9789,42890,302,326,26.4,320,84,7.3,68.2
2024,8,"2024-08-01","DBR","Dibrugarh Airport","Dibrugarh","Assam",27.4839,95.0169,117947,831,897,25.2,320,84,7.3,67.4
2024,8,"2024-08-01","JRH","Jorhat Airport","Jorhat","Assam",26.7314,94.1758,32167,227,245,25.6,320,84,7.3,67.6
2024,8,"2024-08-01","TEZ","Tezpur Airport","Tezpur","Assam",26.7092,92.7872,10722,76,82,25.6,320,84,7.3,67.6
2024,8,"2024-08-01","IXT","Pakyong Airport","Pakyong","Sikkim",27.2344,88.5886,5361,38,41,25.3,320,84,7.3,67.5
2024,8,"2024-08-01","IXZ","Veer Savarkar International Airport","Port Blair","Andaman and Nicobar Islands",11.6411,92.7297,182282,1284,1387,32.4,160,84,7.3,49.3
2024,8,"2024-08-01","PYB","Jeypore Airport","Jeypore","Odisha",18.88,82.553,5361,38,41,29.1,160,84,7.3,47.1
2024,8,"2024-08-01","HYT","Donyi Polo Airport (Itanagar)","Hollongi","Arunachal Pradesh",26.96,93.64,21445,151,163,25.5,320,84,7.3,67.6
2024,8,"2024-08-01","RMD","Ramagundam Airport","Ramagundam","Telangana",18.78,79.44,2144,15,16,29.1,160,84,7.3,47.2
2024,9,"2024-09-01","DEL","Indira Gandhi International Airport","New Delhi","Delhi",28.5562,77.1,7850667,55286,59709,24.7,160,84,6.5,43.7
2024,9,"2024-09-01","BOM","Chhatrapati Shivaji Maharaj International Airport","Mumbai","Maharashtra",19.0896,72.8656,5504000,38761,41862,29,160,84,6.5,46.5
2024,9,"2024-09-01","BLR","Kempegowda International Airport","Bengaluru","Karnataka",13.1986,77.7066,4e+06,28169,30423,31.7,160,84,6.5,48.3
2024,9,"2024-09-01","MAA","Chennai International Airport","Chennai","Tamil Nadu",12.9941,80.1709,2250667,15850,17118,31.8,160,84,6.5,48.4
2024,9,"2024-09-01","HYD","Rajiv Gandhi International Airport","Hyderabad","Telangana",17.2403,78.4294,2666667,18779,20281,29.8,160,84,6.5,47.1
2024,9,"2024-09-01","CCU","Netaji Subhash Chandra Bose International Airport","Kolkata","West Bengal",22.6547,88.4467,2112000,14873,16063,27.4,320,84,6.5,68.3
2024,9,"2024-09-01","AMD","Sardar Vallabhbhai Patel International Airport","Ahmedabad","Gujarat",23.0772,72.6347,1194667,8413,9086,27.2,160,84,6.5,45.3
2024,9,"2024-09-01","PNQ","Pune Airport","Pune","Maharashtra",18.5822,73.9197,853333,6009,6490,29.2,160,84,6.5,46.7
2024,9,"2024-09-01","COK","Cochin International Airport","Kochi","Kerala",10.152,76.4019,1098667,7737,8356,33,280,84,6.5,66.4
2024,9,"2024-09-01","GOI","Dabolim Airport","Goa","Goa",15.3808,73.8314,896000,6310,6815,30.7,280,84,6.5,64.8
2024,9,"2024-09-01","GOX","Manohar International Airport (MOPA)","Goa","Goa",15.7481,73.8647,448000,3155,3407,30.5,280,84,6.5,64.7
2024,9,"2024-09-01","CJB","Coimbatore International Airport","Coimbatore","Tamil Nadu",11.03,77.0434,309333,2178,2352,32.6,160,84,6.5,48.9
2024,9,"2024-09-01","TRZ","Tiruchirappalli International Airport","Tiruchirappalli","Tamil Nadu",10.7654,78.7097,192000,1352,1460,32.8,160,84,6.5,49
2024,9,"2024-09-01","IXM","Madurai Airport","Madurai","Tamil Nadu",9.8345,78.0934,149333,1052,1136,33.2,160,84,6.5,49.3
2024,9,"2024-09-01","SXV","Salem Airport","Salem","Tamil Nadu",11.7783,78.0647,10667,75,81,32.3,160,84,6.5,48.7
2024,9,"2024-09-01","TCR","Tuticorin Airport","Thoothukudi","Tamil Nadu",8.7242,78.0267,21333,150,162,33.7,160,84,6.5,49.6
2024,9,"2024-09-01","ATQ","Sri Guru Ram Dass Jee International Airport","Amritsar","Punjab",31.7096,74.7973,298667,2103,2271,23.3,160,84,6.5,42.7
2024,9,"2024-09-01","IXC","Chandigarh International Airport","Chandigarh","Chandigarh",30.6735,76.7885,384000,2704,2920,23.8,160,84,6.5,43.1
2024,9,"2024-09-01","GAU","Lokpriya Gopinath Bordoloi International Airport","Guwahati","Assam",26.1061,91.5859,618667,4357,4706,25.9,320,84,6.5,67.3
2024,9,"2024-09-01","JAI","Jaipur International Airport","Jaipur","Rajasthan",26.8242,75.8122,576000,4056,4380,25.5,160,84,6.5,44.2
2024,9,"2024-09-01","LKO","Chaudhary Charan Singh International Airport","Lucknow","Uttar Pradesh",26.7606,80.8893,554667,3906,4218,25.6,160,84,6.5,44.2
2024,9,"2024-09-01","TRV","Thiruvananthapuram International Airport","Thiruvananthapuram","Kerala",8.4821,76.92,469333,3305,3569,33.8,280,84,6.5,66.9
2024,9,"2024-09-01","CCJ","Calicut International Airport","Kozhikode","Kerala",11.1368,75.9553,341333,2404,2596,32.6,280,84,6.5,66.1
2024,9,"2024-09-01","IXE","Mangaluru International Airport","Mangaluru","Karnataka",12.9613,74.89,202667,1427,1541,31.8,280,84,6.5,65.5
2024,9,"2024-09-01","PAT","Jay Prakash Narayan Airport","Patna","Bihar",25.5913,85.088,448000,3155,3407,26.1,320,84,6.5,67.4
2024,9,"2024-09-01","BBI","Biju Patnaik International Airport","Bhubaneswar","Odisha",20.2444,85.8178,480000,3380,3650,28.5,320,84,6.5,69
2024,9,"2024-09-01","IDR","Devi Ahilya Bai Holkar Airport","Indore","Madhya Pradesh",22.7217,75.8011,330667,2329,2515,27.4,160,84,6.5,45.4
2024,9,"2024-09-01","NAG","Dr. Babasaheb Ambedkar International Airport","Nagpur","Maharashtra",21.0922,79.0472,298667,2103,2271,28.1,160,84,6.5,45.9
2024,9,"2024-09-01","IXB","Bagdogra Airport","Siliguri","West Bengal",26.6812,88.3286,330667,2329,2515,25.6,320,84,6.5,67.1
2024,9,"2024-09-01","SXR","Sheikh ul-Alam International Airport","Srinagar","Jammu and Kashmir",33.9872,74.7742,469333,3305,3569,22.3,160,84,6.5,42.1
2024,9,"2024-09-01","IXJ","Jammu Airport","Jammu","Jammu and Kashmir",32.6892,74.8372,192000,1352,1460,22.9,160,84,6.5,42.5
2024,9,"2024-09-01","IXL","Kushok Bakula Rimpochee Airport","Leh","Ladakh",34.1358,77.5464,128000,901,973,22.2,160,84,6.5,42
2024,9,"2024-09-01","IXA","Maharaja Bir Bikram Airport","Agartala","Tripura",23.887,91.2405,160000,1127,1217,26.9,320,84,6.5,67.9
2024,9,"2024-09-01","IMF","Imphal Airport","Imphal","Manipur",24.76,93.8967,128000,901,973,26.5,320,84,6.5,67.7
2024,9,"2024-09-01","RJA","Rajahmundry Airport","Rajahmundry","Andhra Pradesh",17.1106,81.8181,42667,300,324,29.9,160,84,6.5,47.1
2024,9,"2024-09-01","VTZ","Visakhapatnam Airport","Visakhapatnam","Andhra Pradesh",17.7211,83.2244,298667,2103,2271,29.6,160,84,6.5,46.9
2024,9,"2024-09-01","TIR","Tirupati Airport","Tirupati","Andhra Pradesh",13.6325,79.5433,96000,676,730,31.5,160,84,6.5,48.2
2024,9,"2024-09-01","VGA","Vijayawada Airport","Vijayawada","Andhra Pradesh",16.5304,80.7968,117333,826,892,30.2,160,84,6.5,47.3
2024,9,"2024-09-01","DHM","Gaggal Airport (Dharamshala)","Kangra","Himachal Pradesh",32.1651,76.2634,32000,225,243,23.1,160,84,6.5,42.6
2024,9,"2024-09-01","SLV","Shimla Airport","Shimla","Himachal Pradesh",31.0817,77.0678,10667,75,81,23.6,160,84,6.5,42.9
2024,9,"2024-09-01","KUU","Kullu Manali Airport (Bhuntar)","Bhuntar","Himachal Pradesh",31.8767,77.1542,10667,75,81,23.3,160,84,6.5,42.7
2024,9,"2024-09-01","BDQ","Vadodara Airport","Vadodara","Gujarat",22.3361,73.2264,128000,901,973,27.5,160,84,6.5,45.6
2024,9,"2024-09-01","STV","Surat Airport","Surat","Gujarat",21.1142,72.7419,138667,977,1055,28.1,160,84,6.5,45.9
2024,9,"2024-09-01","HSR","Hisar Airport","Hisar","Haryana",29.1794,75.7538,5333,38,41,24.5,160,84,6.5,43.5
2024,9,"2024-09-01","GWL","Gwalior Airport","Gwalior","Madhya Pradesh",26.2933,78.2278,42667,300,324,25.8,160,84,6.5,44.4
2024,9,"2024-09-01","JLR","Jabalpur Airport","Jabalpur","Madhya Pradesh",23.1778,80.0522,53333,376,406,27.2,160,84,6.5,45.3
2024,9,"2024-09-01","RPR","Swami Vivekananda Airport","Raipur","Chhattisgarh",21.1803,81.7389,266667,1878,2028,28.1,160,84,6.5,45.9
2024,9,"2024-09-01","DED","Jolly Grant Airport","Dehradun","Uttarakhand",30.1897,78.1803,170667,1202,1298,24,160,84,6.5,43.2
2024,9,"2024-09-01","PNT","Pantnagar Airport","Pantnagar","Uttarakhand",29.0333,79.4736,10667,75,81,24.5,160,84,6.5,43.5
2024,9,"2024-09-01","IXR","Birsa Munda Airport","Ranchi","Jharkhand",23.3142,85.3217,256000,1803,1947,27.1,320,84,6.5,68.1
2024,9,"2024-09-01","DHO","Deoghar Airport","Deoghar","Jharkhand",24.4439,86.7028,32000,225,243,26.6,320,84,6.5,67.8
2024,9,"2024-09-01","JRG","Veer Surendra Sai Airport","Jharsuguda","Odisha",21.9136,84.0503,32000,225,243,27.7,160,84,6.5,45.7
2024,9,"2024-09-01","DMU","Dimapur Airport","Dimapur","Nagaland",25.8839,93.7711,42667,300,324,26,320,84,6.5,67.3
2024,9,"2024-09-01","SHL","Shillong Airport (Umroi)","Shillong","Meghalaya",25.7036,91.9786,10667,75,81,26,320,84,6.5,67.4
2024,9,"2024-09-01","AJL","Lengpui Airport","Aizawl","Mizoram",23.8406,92.6192,21333,150,162,26.9,320,84,6.5,68
2024,9,"2024-09-01","IXS","Silchar Airport","Silchar","Assam",24.9128,92.9789,42667,300,324,26.4,320,84,6.5,67.6
2024,9,"2024-09-01","DBR","Dibrugarh Airport","Dibrugarh","Assam",27.4839,95.0169,117333,826,892,25.2,320,84,6.5,66.9
2024,9,"2024-09-01","JRH","Jorhat Airport","Jorhat","Assam",26.7314,94.1758,32000,225,243,25.6,320,84,6.5,67.1
2024,9,"2024-09-01","TEZ","Tezpur Airport","Tezpur","Assam",26.7092,92.7872,10667,75,81,25.6,320,84,6.5,67.1
2024,9,"2024-09-01","IXT","Pakyong Airport","Pakyong","Sikkim",27.2344,88.5886,5333,38,41,25.3,320,84,6.5,66.9
2024,9,"2024-09-01","IXZ","Veer Savarkar International Airport","Port Blair","Andaman and Nicobar Islands",11.6411,92.7297,181333,1277,1379,32.4,160,84,6.5,48.8
2024,9,"2024-09-01","PYB","Jeypore Airport","Jeypore","Odisha",18.88,82.553,5333,38,41,29.1,160,84,6.5,46.6
2024,9,"2024-09-01","HYT","Donyi Polo Airport (Itanagar)","Hollongi","Arunachal Pradesh",26.96,93.64,21333,150,162,25.5,320,84,6.5,67
2024,9,"2024-09-01","RMD","Ramagundam Airport","Ramagundam","Telangana",18.78,79.44,2133,15,16,29.1,160,84,6.5,46.6
2024,10,"2024-10-01","DEL","Indira Gandhi International Airport","New Delhi","Delhi",28.5562,77.1,7891752,55576,60022,24.7,18.5,65,7.3,24
2024,10,"2024-10-01","BOM","Chhatrapati Shivaji Maharaj International Airport","Mumbai","Maharashtra",19.0896,72.8656,5532805,38963,42080,29,18.5,65,7.3,26.8
2024,10,"2024-10-01","BLR","Kempegowda International Airport","Bengaluru","Karnataka",13.1986,77.7066,4020934,28316,30581,31.7,210,65,7.3,56
2024,10,"2024-10-01","MAA","Chennai International Airport","Chennai","Tamil Nadu",12.9941,80.1709,2262445,15933,17208,31.8,210,65,7.3,56
2024,10,"2024-10-01","HYD","Rajiv Gandhi International Airport","Hyderabad","Telangana",17.2403,78.4294,2680622,18878,20388,29.8,18.5,65,7.3,27.4
2024,10,"2024-10-01","CCU","Netaji Subhash Chandra Bose International Airport","Kolkata","West Bengal",22.6547,88.4467,2123053,14951,16147,27.4,18.5,65,7.3,25.8
2024,10,"2024-10-01","AMD","Sardar Vallabhbhai Patel International Airport","Ahmedabad","Gujarat",23.0772,72.6347,1200919,8457,9134,27.2,18.5,65,7.3,25.7
2024,10,"2024-10-01","PNQ","Pune Airport","Pune","Maharashtra",18.5822,73.9197,857799,6041,6524,29.2,18.5,65,7.3,27
2024,10,"2024-10-01","COK","Cochin International Airport","Kochi","Kerala",10.152,76.4019,1104416,7778,8400,33,210,65,7.3,56.9
2024,10,"2024-10-01","GOI","Dabolim Airport","Goa","Goa",15.3808,73.8314,900689,6343,6850,30.7,18.5,65,7.3,28
2024,10,"2024-10-01","GOX","Manohar International Airport (MOPA)","Goa","Goa",15.7481,73.8647,450345,3171,3425,30.5,18.5,65,7.3,27.9
2024,10,"2024-10-01","CJB","Coimbatore International Airport","Coimbatore","Tamil Nadu",11.03,77.0434,310952,2190,2365,32.6,210,65,7.3,56.6
2024,10,"2024-10-01","TRZ","Tiruchirappalli International Airport","Tiruchirappalli","Tamil Nadu",10.7654,78.7097,193005,1359,1468,32.8,210,65,7.3,56.7
2024,10,"2024-10-01","IXM","Madurai Airport","Madurai","Tamil Nadu",9.8345,78.0934,150115,1057,1142,33.2,210,65,7.3,57
2024,10,"2024-10-01","SXV","Salem Airport","Salem","Tamil Nadu",11.7783,78.0647,10722,76,82,32.3,210,65,7.3,56.4
2024,10,"2024-10-01","TCR","Tuticorin Airport","Thoothukudi","Tamil Nadu",8.7242,78.0267,21445,151,163,33.7,210,65,7.3,57.3
2024,10,"2024-10-01","ATQ","Sri Guru Ram Dass Jee International Airport","Amritsar","Punjab",31.7096,74.7973,300230,2114,2283,23.3,18.5,65,7.3,23.1
2024,10,"2024-10-01","IXC","Chandigarh International Airport","Chandigarh","Chandigarh",30.6735,76.7885,386010,2718,2935,23.8,18.5,65,7.3,23.4
2024,10,"2024-10-01","GAU","Lokpriya Gopinath Bordoloi International Airport","Guwahati","Assam",26.1061,91.5859,621904,4380,4730,25.9,18.5,65,7.3,24.7
2024,10,"2024-10-01","JAI","Jaipur International Airport","Jaipur","Rajasthan",26.8242,75.8122,579014,4078,4404,25.5,18.5,65,7.3,24.5
2024,10,"2024-10-01","LKO","Chaudhary Charan Singh International Airport","Lucknow","Uttar Pradesh",26.7606,80.8893,557569,3927,4241,25.6,18.5,65,7.3,24.5
2024,10,"2024-10-01","TRV","Thiruvananthapuram International Airport","Thiruvananthapuram","Kerala",8.4821,76.92,471790,3322,3588,33.8,210,65,7.3,57.4
2024,10,"2024-10-01","CCJ","Calicut International Airport","Kozhikode","Kerala",11.1368,75.9553,343120,2416,2609,32.6,210,65,7.3,56.6
2024,10,"2024-10-01","IXE","Mangaluru International Airport","Mangaluru","Karnataka",12.9613,74.89,203727,1435,1550,31.8,210,65,7.3,56
2024,10,"2024-10-01","PAT","Jay Prakash Narayan Airport","Patna","Bihar",25.5913,85.088,450345,3171,3425,26.1,18.5,65,7.3,24.9
2024,10,"2024-10-01","BBI","Biju Patnaik International Airport","Bhubaneswar","Odisha",20.2444,85.8178,482512,3398,3670,28.5,18.5,65,7.3,26.5
2024,10,"2024-10-01","IDR","Devi Ahilya Bai Holkar Airport","Indore","Madhya Pradesh",22.7217,75.8011,332397,2341,2528,27.4,18.5,65,7.3,25.8
2024,10,"2024-10-01","NAG","Dr. Babasaheb Ambedkar International Airport","Nagpur","Maharashtra",21.0922,79.0472,300230,2114,2283,28.1,18.5,65,7.3,26.2
2024,10,"2024-10-01","IXB","Bagdogra Airport","Siliguri","West Bengal",26.6812,88.3286,332397,2341,2528,25.6,18.5,65,7.3,24.6
2024,10,"2024-10-01","SXR","Sheikh ul-Alam International Airport","Srinagar","Jammu and Kashmir",33.9872,74.7742,471790,3322,3588,22.3,18.5,65,7.3,22.4
2024,10,"2024-10-01","IXJ","Jammu Airport","Jammu","Jammu and Kashmir",32.6892,74.8372,193005,1359,1468,22.9,18.5,65,7.3,22.8
2024,10,"2024-10-01","IXL","Kushok Bakula Rimpochee Airport","Leh","Ladakh",34.1358,77.5464,128670,906,978,22.2,18.5,65,7.3,22.3
2024,10,"2024-10-01","IXA","Maharaja Bir Bikram Airport","Agartala","Tripura",23.887,91.2405,160837,1133,1224,26.9,18.5,65,7.3,25.4
2024,10,"2024-10-01","IMF","Imphal Airport","Imphal","Manipur",24.76,93.8967,128670,906,978,26.5,18.5,65,7.3,25.1
2024,10,"2024-10-01","RJA","Rajahmundry Airport","Rajahmundry","Andhra Pradesh",17.1106,81.8181,42890,302,326,29.9,18.5,65,7.3,27.4
2024,10,"2024-10-01","VTZ","Visakhapatnam Airport","Visakhapatnam","Andhra Pradesh",17.7211,83.2244,300230,2114,2283,29.6,18.5,65,7.3,27.3
2024,10,"2024-10-01","TIR","Tirupati Airport","Tirupati","Andhra Pradesh",13.6325,79.5433,96502,680,734,31.5,210,65,7.3,55.8
2024,10,"2024-10-01","VGA","Vijayawada Airport","Vijayawada","Andhra Pradesh",16.5304,80.7968,117947,831,897,30.2,18.5,65,7.3,27.6
2024,10,"2024-10-01","DHM","Gaggal Airport (Dharamshala)","Kangra","Himachal Pradesh",32.1651,76.2634,32167,227,245,23.1,18.5,65,7.3,22.9
2024,10,"2024-10-01","SLV","Shimla Airport","Shimla","Himachal Pradesh",31.0817,77.0678,10722,76,82,23.6,18.5,65,7.3,23.3
2024,10,"2024-10-01","KUU","Kullu Manali Airport (Bhuntar)","Bhuntar","Himachal Pradesh",31.8767,77.1542,10722,76,82,23.3,18.5,65,7.3,23
2024,10,"2024-10-01","BDQ","Vadodara Airport","Vadodara","Gujarat",22.3361,73.2264,128670,906,978,27.5,18.5,65,7.3,25.9
2024,10,"2024-10-01","STV","Surat Airport","Surat","Gujarat",21.1142,72.7419,139392,982,1061,28.1,18.5,65,7.3,26.2
2024,10,"2024-10-01","HSR","Hisar Airport","Hisar","Haryana",29.1794,75.7538,5361,38,41,24.5,18.5,65,7.3,23.8
2024,10,"2024-10-01","GWL","Gwalior Airport","Gwalior","Madhya Pradesh",26.2933,78.2278,42890,302,326,25.8,18.5,65,7.3,24.7
2024,10,"2024-10-01","JLR","Jabalpur Airport","Jabalpur","Madhya Pradesh",23.1778,80.0522,53612,378,408,27.2,18.5,65,7.3,25.6
2024,10,"2024-10-01","RPR","Swami Vivekananda Airport","Raipur","Chhattisgarh",21.1803,81.7389,268062,1888,2039,28.1,18.5,65,7.3,26.2
2024,10,"2024-10-01","DED","Jolly Grant Airport","Dehradun","Uttarakhand",30.1897,78.1803,171560,1208,1305,24,18.5,65,7.3,23.5
2024,10,"2024-10-01","PNT","Pantnagar Airport","Pantnagar","Uttarakhand",29.0333,79.4736,10722,76,82,24.5,18.5,65,7.3,23.9
2024,10,"2024-10-01","IXR","Birsa Munda Airport","Ranchi","Jharkhand",23.3142,85.3217,257340,1812,1957,27.1,18.5,65,7.3,25.6
2024,10,"2024-10-01","DHO","Deoghar Airport","Deoghar","Jharkhand",24.4439,86.7028,32167,227,245,26.6,18.5,65,7.3,25.2
2024,10,"2024-10-01","JRG","Veer Surendra Sai Airport","Jharsuguda","Odisha",21.9136,84.0503,32167,227,245,27.7,18.5,65,7.3,26
2024,10,"2024-10-01","DMU","Dimapur Airport","Dimapur","Nagaland",25.8839,93.7711,42890,302,326,26,18.5,65,7.3,24.8
2024,10,"2024-10-01","SHL","Shillong Airport (Umroi)","Shillong","Meghalaya",25.7036,91.9786,10722,76,82,26,18.5,65,7.3,24.9
2024,10,"2024-10-01","AJL","Lengpui Airport","Aizawl","Mizoram",23.8406,92.6192,21445,151,163,26.9,18.5,65,7.3,25.4
2024,10,"2024-10-01","IXS","Silchar Airport","Silchar","Assam",24.9128,92.9789,42890,302,326,26.4,18.5,65,7.3,25.1
2024,10,"2024-10-01","DBR","Dibrugarh Airport","Dibrugarh","Assam",27.4839,95.0169,117947,831,897,25.2,18.5,65,7.3,24.3
2024,10,"2024-10-01","JRH","Jorhat Airport","Jorhat","Assam",26.7314,94.1758,32167,227,245,25.6,18.5,65,7.3,24.6
2024,10,"2024-10-01","TEZ","Tezpur Airport","Tezpur","Assam",26.7092,92.7872,10722,76,82,25.6,18.5,65,7.3,24.6
2024,10,"2024-10-01","IXT","Pakyong Airport","Pakyong","Sikkim",27.2344,88.5886,5361,38,41,25.3,18.5,65,7.3,24.4
2024,10,"2024-10-01","IXZ","Veer Savarkar International Airport","Port Blair","Andaman and Nicobar Islands",11.6411,92.7297,182282,1284,1387,32.4,210,65,7.3,56.4
2024,10,"2024-10-01","PYB","Jeypore Airport","Jeypore","Odisha",18.88,82.553,5361,38,41,29.1,18.5,65,7.3,26.9
2024,10,"2024-10-01","HYT","Donyi Polo Airport (Itanagar)","Hollongi","Arunachal Pradesh",26.96,93.64,21445,151,163,25.5,18.5,65,7.3,24.5
2024,10,"2024-10-01","RMD","Ramagundam Airport","Ramagundam","Telangana",18.78,79.44,2144,15,16,29.1,18.5,65,7.3,26.9
2024,11,"2024-11-01","DEL","Indira Gandhi International Airport","New Delhi","Delhi",28.5562,77.1,8004000,56366,60875,24.7,18.5,65,9.5,25.5
2024,11,"2024-11-01","BOM","Chhatrapati Shivaji Maharaj International Airport","Mumbai","Maharashtra",19.0896,72.8656,5611500,39518,42679,29,18.5,65,9.5,28.3
2024,11,"2024-11-01","BLR","Kempegowda International Airport","Bengaluru","Karnataka",13.1986,77.7066,4078125,28719,31017,31.7,210,65,9.5,57.4
2024,11,"2024-11-01","MAA","Chennai International Airport","Chennai","Tamil Nadu",12.9941,80.1709,2294625,16159,17452,31.8,210,65,9.5,57.5
2024,11,"2024-11-01","HYD","Rajiv Gandhi International Airport","Hyderabad","Telangana",17.2403,78.4294,2718750,19146,20678,29.8,18.5,65,9.5,28.9
2024,11,"2024-11-01","CCU","Netaji Subhash Chandra Bose International Airport","Kolkata","West Bengal",22.6547,88.4467,2153250,15164,16377,27.4,18.5,65,9.5,27.2
2024,11,"2024-11-01","AMD","Sardar Vallabhbhai Patel International Airport","Ahmedabad","Gujarat",23.0772,72.6347,1218000,8577,9263,27.2,18.5,65,9.5,27.1
2024,11,"2024-11-01","PNQ","Pune Airport","Pune","Maharashtra",18.5822,73.9197,870000,6127,6617,29.2,18.5,65,9.5,28.5
2024,11,"2024-11-01","COK","Cochin International Airport","Kochi","Kerala",10.152,76.4019,1120125,7888,8519,33,210,65,9.5,58.4
2024,11,"2024-11-01","GOI","Dabolim Airport","Goa","Goa",15.3808,73.8314,913500,6433,6948,30.7,18.5,65,9.5,29.4
2024,11,"2024-11-01","GOX","Manohar International Airport (MOPA)","Goa","Goa",15.7481,73.8647,456750,3217,3474,30.5,18.5,65,9.5,29.3
2024,11,"2024-11-01","CJB","Coimbatore International Airport","Coimbatore","Tamil Nadu",11.03,77.0434,315375,2221,2399,32.6,210,65,9.5,58.1
2024,11,"2024-11-01","TRZ","Tiruchirappalli International Airport","Tiruchirappalli","Tamil Nadu",10.7654,78.7097,195750,1379,1489,32.8,210,65,9.5,58.2
2024,11,"2024-11-01","IXM","Madurai Airport","Madurai","Tamil Nadu",9.8345,78.0934,152250,1072,1158,33.2,210,65,9.5,58.4
2024,11,"2024-11-01","SXV","Salem Airport","Salem","Tamil Nadu",11.7783,78.0647,10875,77,83,32.3,210,65,9.5,57.9
2024,11,"2024-11-01","TCR","Tuticorin Airport","Thoothukudi","Tamil Nadu",8.7242,78.0267,21750,153,165,33.7,210,65,9.5,58.8
2024,11,"2024-11-01","ATQ","Sri Guru Ram Dass Jee International Airport","Amritsar","Punjab",31.7096,74.7973,304500,2144,2316,23.3,18.5,65,9.5,24.5
2024,11,"2024-11-01","IXC","Chandigarh International Airport","Chandigarh","Chandigarh",30.6735,76.7885,391500,2757,2978,23.8,18.5,65,9.5,24.8
2024,11,"2024-11-01","GAU","Lokpriya Gopinath Bordoloi International Airport","Guwahati","Assam",26.1061,91.5859,630750,4442,4797,25.9,18.5,65,9.5,26.2
2024,11,"2024-11-01","JAI","Jaipur International Airport","Jaipur","Rajasthan",26.8242,75.8122,587250,4136,4467,25.5,18.5,65,9.5,26
2024,11,"2024-11-01","LKO","Chaudhary Charan Singh International Airport","Lucknow","Uttar Pradesh",26.7606,80.8893,565500,3982,4301,25.6,18.5,65,9.5,26
2024,11,"2024-11-01","TRV","Thiruvananthapuram International Airport","Thiruvananthapuram","Kerala",8.4821,76.92,478500,3370,3640,33.8,210,65,9.5,58.9
2024,11,"2024-11-01","CCJ","Calicut International Airport","Kozhikode","Kerala",11.1368,75.9553,348000,2451,2647,32.6,210,65,9.5,58.1
2024,11,"2024-11-01","IXE","Mangaluru International Airport","Mangaluru","Karnataka",12.9613,74.89,206625,1455,1571,31.8,210,65,9.5,57.5
2024,11,"2024-11-01","PAT","Jay Prakash Narayan Airport","Patna","Bihar",25.5913,85.088,456750,3217,3474,26.1,18.5,65,9.5,26.4
2024,11,"2024-11-01","BBI","Biju Patnaik International Airport","Bhubaneswar","Odisha",20.2444,85.8178,489375,3446,3722,28.5,18.5,65,9.5,28
2024,11,"2024-11-01","IDR","Devi Ahilya Bai Holkar Airport","Indore","Madhya Pradesh",22.7217,75.8011,337125,2374,2564,27.4,18.5,65,9.5,27.2
2024,11,"2024-11-01","NAG","Dr. Babasaheb Ambedkar International Airport","Nagpur","Maharashtra",21.0922,79.0472,304500,2144,2316,28.1,18.5,65,9.5,27.7
2024,11,"2024-11-01","IXB","Bagdogra Airport","Siliguri","West Bengal",26.6812,88.3286,337125,2374,2564,25.6,18.5,65,9.5,26
2024,11,"2024-11-01","SXR","Sheikh ul-Alam International Airport","Srinagar","Jammu and Kashmir",33.9872,74.7742,478500,3370,3640,22.3,18.5,65,9.5,23.8
2024,11,"2024-11-01","IXJ","Jammu Airport","Jammu","Jammu and Kashmir",32.6892,74.8372,195750,1379,1489,22.9,18.5,65,9.5,24.2
2024,11,"2024-11-01","IXL","Kushok Bakula Rimpochee Airport","Leh","Ladakh",34.1358,77.5464,130500,919,993,22.2,18.5,65,9.5,23.8
2024,11,"2024-11-01","IXA","Maharaja Bir Bikram Airport","Agartala","Tripura",23.887,91.2405,163125,1149,1241,26.9,18.5,65,9.5,26.9
2024,11,"2024-11-01","IMF","Imphal Airport","Imphal","Manipur",24.76,93.8967,130500,919,993,26.5,18.5,65,9.5,26.6
2024,11,"2024-11-01","RJA","Rajahmundry Airport","Rajahmundry","Andhra Pradesh",17.1106,81.8181,43500,306,330,29.9,18.5,65,9.5,28.9
2024,11,"2024-11-01","VTZ","Visakhapatnam Airport","Visakhapatnam","Andhra Pradesh",17.7211,83.2244,304500,2144,2316,29.6,18.5,65,9.5,28.7
2024,11,"2024-11-01","TIR","Tirupati Airport","Tirupati","Andhra Pradesh",13.6325,79.5433,97875,689,744,31.5,210,65,9.5,57.3
2024,11,"2024-11-01","VGA","Vijayawada Airport","Vijayawada","Andhra Pradesh",16.5304,80.7968,119625,842,909,30.2,18.5,65,9.5,29.1
2024,11,"2024-11-01","DHM","Gaggal Airport (Dharamshala)","Kangra","Himachal Pradesh",32.1651,76.2634,32625,230,248,23.1,18.5,65,9.5,24.4
2024,11,"2024-11-01","SLV","Shimla Airport","Shimla","Himachal Pradesh",31.0817,77.0678,10875,77,83,23.6,18.5,65,9.5,24.7
2024,11,"2024-11-01","KUU","Kullu Manali Airport (Bhuntar)","Bhuntar","Himachal Pradesh",31.8767,77.1542,10875,77,83,23.3,18.5,65,9.5,24.5
2024,11,"2024-11-01","BDQ","Vadodara Airport","Vadodara","Gujarat",22.3361,73.2264,130500,919,993,27.5,18.5,65,9.5,27.3
2024,11,"2024-11-01","STV","Surat Airport","Surat","Gujarat",21.1142,72.7419,141375,996,1076,28.1,18.5,65,9.5,27.7
2024,11,"2024-11-01","HSR","Hisar Airport","Hisar","Haryana",29.1794,75.7538,5438,38,41,24.5,18.5,65,9.5,25.3
2024,11,"2024-11-01","GWL","Gwalior Airport","Gwalior","Madhya Pradesh",26.2933,78.2278,43500,306,330,25.8,18.5,65,9.5,26.2
2024,11,"2024-11-01","JLR","Jabalpur Airport","Jabalpur","Madhya Pradesh",23.1778,80.0522,54375,383,414,27.2,18.5,65,9.5,27.1
2024,11,"2024-11-01","RPR","Swami Vivekananda Airport","Raipur","Chhattisgarh",21.1803,81.7389,271875,1915,2068,28.1,18.5,65,9.5,27.7
2024,11,"2024-11-01","DED","Jolly Grant Airport","Dehradun","Uttarakhand",30.1897,78.1803,174000,1225,1323,24,18.5,65,9.5,25
2024,11,"2024-11-01","PNT","Pantnagar Airport","Pantnagar","Uttarakhand",29.0333,79.4736,10875,77,83,24.5,18.5,65,9.5,25.3
2024,11,"2024-11-01","IXR","Birsa Munda Airport","Ranchi","Jharkhand",23.3142,85.3217,261000,1838,1985,27.1,18.5,65,9.5,27
2024,11,"2024-11-01","DHO","Deoghar Airport","Deoghar","Jharkhand",24.4439,86.7028,32625,230,248,26.6,18.5,65,9.5,26.7
2024,11,"2024-11-01","JRG","Veer Surendra Sai Airport","Jharsuguda","Odisha",21.9136,84.0503,32625,230,248,27.7,18.5,65,9.5,27.5
2024,11,"2024-11-01","DMU","Dimapur Airport","Dimapur","Nagaland",25.8839,93.7711,43500,306,330,26,18.5,65,9.5,26.3
2024,11,"2024-11-01","SHL","Shillong Airport (Umroi)","Shillong","Meghalaya",25.7036,91.9786,10875,77,83,26,18.5,65,9.5,26.3
2024,11,"2024-11-01","AJL","Lengpui Airport","Aizawl","Mizoram",23.8406,92.6192,21750,153,165,26.9,18.5,65,9.5,26.9
2024,11,"2024-11-01","IXS","Silchar Airport","Silchar","Assam",24.9128,92.9789,43500,306,330,26.4,18.5,65,9.5,26.6
2024,11,"2024-11-01","DBR","Dibrugarh Airport","Dibrugarh","Assam",27.4839,95.0169,119625,842,909,25.2,18.5,65,9.5,25.8
2024,11,"2024-11-01","JRH","Jorhat Airport","Jorhat","Assam",26.7314,94.1758,32625,230,248,25.6,18.5,65,9.5,26
2024,11,"2024-11-01","TEZ","Tezpur Airport","Tezpur","Assam",26.7092,92.7872,10875,77,83,25.6,18.5,65,9.5,26
2024,11,"2024-11-01","IXT","Pakyong Airport","Pakyong","Sikkim",27.2344,88.5886,5438,38,41,25.3,18.5,65,9.5,25.9
2024,11,"2024-11-01","IXZ","Veer Savarkar International Airport","Port Blair","Andaman and Nicobar Islands",11.6411,92.7297,184875,1302,1406,32.4,210,65,9.5,57.9
2024,11,"2024-11-01","PYB","Jeypore Airport","Jeypore","Odisha",18.88,82.553,5438,38,41,29.1,18.5,65,9.5,28.4
2024,11,"2024-11-01","HYT","Donyi Polo Airport (Itanagar)","Hollongi","Arunachal Pradesh",26.96,93.64,21750,153,165,25.5,18.5,65,9.5,26
2024,11,"2024-11-01","RMD","Ramagundam Airport","Ramagundam","Telangana",18.78,79.44,2175,15,16,29.1,18.5,65,9.5,28.4
2024,12,"2024-12-01","DEL","Indira Gandhi International Airport","New Delhi","Delhi",28.5562,77.1,8157333,57446,62042,16.7,18.5,65,12.5,22.1
2024,12,"2024-12-01","BOM","Chhatrapati Shivaji Maharaj International Airport","Mumbai","Maharashtra",19.0896,72.8656,5719000,40275,43497,21,18.5,65,12.5,25
2024,12,"2024-12-01","BLR","Kempegowda International Airport","Bengaluru","Karnataka",13.1986,77.7066,4156250,29269,31611,23.7,18.5,65,12.5,26.7
2024,12,"2024-12-01","MAA","Chennai International Airport","Chennai","Tamil Nadu",12.9941,80.1709,2338583,16469,17787,23.8,18.5,65,12.5,26.8
2024,12,"2024-12-01","HYD","Rajiv Gandhi International Airport","Hyderabad","Telangana",17.2403,78.4294,2770833,19513,21074,21.8,18.5,65,12.5,25.5
2024,12,"2024-12-01","CCU","Netaji Subhash Chandra Bose International Airport","Kolkata","West Bengal",22.6547,88.4467,2194500,15454,16690,19.4,18.5,65,12.5,23.9
2024,12,"2024-12-01","AMD","Sardar Vallabhbhai Patel International Airport","Ahmedabad","Gujarat",23.0772,72.6347,1241333,8742,9441,19.2,18.5,65,12.5,23.8
2024,12,"2024-12-01","PNQ","Pune Airport","Pune","Maharashtra",18.5822,73.9197,886667,6244,6744,21.2,18.5,65,12.5,25.1
2024,12,"2024-12-01","COK","Cochin International Airport","Kochi","Kerala",10.152,76.4019,1141583,8039,8682,25,18.5,65,12.5,27.7
2024,12,"2024-12-01","GOI","Dabolim Airport","Goa","Goa",15.3808,73.8314,931000,6556,7080,22.7,18.5,65,12.5,26.1
2024,12,"2024-12-01","GOX","Manohar International Airport (MOPA)","Goa","Goa",15.7481,73.8647,465500,3278,3540,22.5,18.5,65,12.5,26
2024,12,"2024-12-01","CJB","Coimbatore International Airport","Coimbatore","Tamil Nadu",11.03,77.0434,321417,2264,2445,24.6,18.5,65,12.5,27.4
2024,12,"2024-12-01","TRZ","Tiruchirappalli International Airport","Tiruchirappalli","Tamil Nadu",10.7654,78.7097,199500,1405,1517,24.8,18.5,65,12.5,27.5
2024,12,"2024-12-01","IXM","Madurai Airport","Madurai","Tamil Nadu",9.8345,78.0934,155167,1093,1180,25.2,18.5,65,12.5,27.8
2024,12,"2024-12-01","SXV","Salem Airport","Salem","Tamil Nadu",11.7783,78.0647,11083,78,84,24.3,18.5,65,12.5,27.2
2024,12,"2024-12-01","TCR","Tuticorin Airport","Thoothukudi","Tamil Nadu",8.7242,78.0267,22167,156,168,25.7,18.5,65,12.5,28.1
2024,12,"2024-12-01","ATQ","Sri Guru Ram Dass Jee International Airport","Amritsar","Punjab",31.7096,74.7973,310333,2185,2360,15.3,18.5,65,12.5,21.2
2024,12,"2024-12-01","IXC","Chandigarh International Airport","Chandigarh","Chandigarh",30.6735,76.7885,399000,2810,3035,15.8,18.5,65,12.5,21.5
2024,12,"2024-12-01","GAU","Lokpriya Gopinath Bordoloi International Airport","Guwahati","Assam",26.1061,91.5859,642833,4527,4889,17.9,18.5,65,12.5,22.9
2024,12,"2024-12-01","JAI","Jaipur International Airport","Jaipur","Rajasthan",26.8242,75.8122,598500,4215,4552,17.5,18.5,65,12.5,22.7
2024,12,"2024-12-01","LKO","Chaudhary Charan Singh International Airport","Lucknow","Uttar Pradesh",26.7606,80.8893,576333,4059,4384,17.6,18.5,65,12.5,22.7
2024,12,"2024-12-01","TRV","Thiruvananthapuram International Airport","Thiruvananthapuram","Kerala",8.4821,76.92,487667,3434,3709,25.8,18.5,65,12.5,28.2
2024,12,"2024-12-01","CCJ","Calicut International Airport","Kozhikode","Kerala",11.1368,75.9553,354667,2498,2698,24.6,18.5,65,12.5,27.4
2024,12,"2024-12-01","IXE","Mangaluru International Airport","Mangaluru","Karnataka",12.9613,74.89,210583,1483,1602,23.8,18.5,65,12.5,26.8
2024,12,"2024-12-01","PAT","Jay Prakash Narayan Airport","Patna","Bihar",25.5913,85.088,465500,3278,3540,18.1,18.5,65,12.5,23
2024,12,"2024-12-01","BBI","Biju Patnaik International Airport","Bhubaneswar","Odisha",20.2444,85.8178,498750,3512,3793,20.5,18.5,65,12.5,24.6
2024,12,"2024-12-01","IDR","Devi Ahilya Bai Holkar Airport","Indore","Madhya Pradesh",22.7217,75.8011,343583,2420,2614,19.4,18.5,65,12.5,23.9
2024,12,"2024-12-01","NAG","Dr. Babasaheb Ambedkar International Airport","Nagpur","Maharashtra",21.0922,79.0472,310333,2185,2360,20.1,18.5,65,12.5,24.4
2024,12,"2024-12-01","IXB","Bagdogra Airport","Siliguri","West Bengal",26.6812,88.3286,343583,2420,2614,17.6,18.5,65,12.5,22.7
2024,12,"2024-12-01","SXR","Sheikh ul-Alam International Airport","Srinagar","Jammu and Kashmir",33.9872,74.7742,487667,3434,3709,14.3,18.5,65,12.5,20.5
2024,12,"2024-12-01","IXJ","Jammu Airport","Jammu","Jammu and Kashmir",32.6892,74.8372,199500,1405,1517,14.9,18.5,65,12.5,20.9
2024,12,"2024-12-01","IXL","Kushok Bakula Rimpochee Airport","Leh","Ladakh",34.1358,77.5464,133000,937,1012,14.2,18.5,65,12.5,20.5
2024,12,"2024-12-01","IXA","Maharaja Bir Bikram Airport","Agartala","Tripura",23.887,91.2405,166250,1171,1265,18.9,18.5,65,12.5,23.5
2024,12,"2024-12-01","IMF","Imphal Airport","Imphal","Manipur",24.76,93.8967,133000,937,1012,18.5,18.5,65,12.5,23.3
2024,12,"2024-12-01","RJA","Rajahmundry Airport","Rajahmundry","Andhra Pradesh",17.1106,81.8181,44333,312,337,21.9,18.5,65,12.5,25.6
2024,12,"2024-12-01","VTZ","Visakhapatnam Airport","Visakhapatnam","Andhra Pradesh",17.7211,83.2244,310333,2185,2360,21.6,18.5,65,12.5,25.4
2024,12,"2024-12-01","TIR","Tirupati Airport","Tirupati","Andhra Pradesh",13.6325,79.5433,99750,702,758,23.5,18.5,65,12.5,26.6
2024,12,"2024-12-01","VGA","Vijayawada Airport","Vijayawada","Andhra Pradesh",16.5304,80.7968,121917,859,928,22.2,18.5,65,12.5,25.8
2024,12,"2024-12-01","DHM","Gaggal Airport (Dharamshala)","Kangra","Himachal Pradesh",32.1651,76.2634,33250,234,253,15.1,18.5,65,12.5,21.1
2024,12,"2024-12-01","SLV","Shimla Airport","Shimla","Himachal Pradesh",31.0817,77.0678,11083,78,84,15.6,18.5,65,12.5,21.4
2024,12,"2024-12-01","KUU","Kullu Manali Airport (Bhuntar)","Bhuntar","Himachal Pradesh",31.8767,77.1542,11083,78,84,15.3,18.5,65,12.5,21.1
2024,12,"2024-12-01","BDQ","Vadodara Airport","Vadodara","Gujarat",22.3361,73.2264,133000,937,1012,19.5,18.5,65,12.5,24
2024,12,"2024-12-01","STV","Surat Airport","Surat","Gujarat",21.1142,72.7419,144083,1015,1096,20.1,18.5,65,12.5,24.4
2024,12,"2024-12-01","HSR","Hisar Airport","Hisar","Haryana",29.1794,75.7538,5542,39,42,16.5,18.5,65,12.5,22
2024,12,"2024-12-01","GWL","Gwalior Airport","Gwalior","Madhya Pradesh",26.2933,78.2278,44333,312,337,17.8,18.5,65,12.5,22.8
2024,12,"2024-12-01","JLR","Jabalpur Airport","Jabalpur","Madhya Pradesh",23.1778,80.0522,55417,390,421,19.2,18.5,65,12.5,23.8
2024,12,"2024-12-01","RPR","Swami Vivekananda Airport","Raipur","Chhattisgarh",21.1803,81.7389,277083,1951,2107,20.1,18.5,65,12.5,24.4
2024,12,"2024-12-01","DED","Jolly Grant Airport","Dehradun","Uttarakhand",30.1897,78.1803,177333,1249,1349,16,18.5,65,12.5,21.7
2024,12,"2024-12-01","PNT","Pantnagar Airport","Pantnagar","Uttarakhand",29.0333,79.4736,11083,78,84,16.5,18.5,65,12.5,22
2024,12,"2024-12-01","IXR","Birsa Munda Airport","Ranchi","Jharkhand",23.3142,85.3217,266000,1873,2023,19.1,18.5,65,12.5,23.7
2024,12,"2024-12-01","DHO","Deoghar Airport","Deoghar","Jharkhand",24.4439,86.7028,33250,234,253,18.6,18.5,65,12.5,23.4
2024,12,"2024-12-01","JRG","Veer Surendra Sai Airport","Jharsuguda","Odisha",21.9136,84.0503,33250,234,253,19.7,18.5,65,12.5,24.1
2024,12,"2024-12-01","DMU","Dimapur Airport","Dimapur","Nagaland",25.8839,93.7711,44333,312,337,18,18.5,65,12.5,22.9
2024,12,"2024-12-01","SHL","Shillong Airport (Umroi)","Shillong","Meghalaya",25.7036,91.9786,11083,78,84,18,18.5,65,12.5,23
2024,12,"2024-12-01","AJL","Lengpui Airport","Aizawl","Mizoram",23.8406,92.6192,22167,156,168,18.9,18.5,65,12.5,23.6
2024,12,"2024-12-01","IXS","Silchar Airport","Silchar","Assam",24.9128,92.9789,44333,312,337,18.4,18.5,65,12.5,23.2
2024,12,"2024-12-01","DBR","Dibrugarh Airport","Dibrugarh","Assam",27.4839,95.0169,121917,859,928,17.2,18.5,65,12.5,22.5
2024,12,"2024-12-01","JRH","Jorhat Airport","Jorhat","Assam",26.7314,94.1758,33250,234,253,17.6,18.5,65,12.5,22.7
2024,12,"2024-12-01","TEZ","Tezpur Airport","Tezpur","Assam",26.7092,92.7872,11083,78,84,17.6,18.5,65,12.5,22.7
2024,12,"2024-12-01","IXT","Pakyong Airport","Pakyong","Sikkim",27.2344,88.5886,5542,39,42,17.3,18.5,65,12.5,22.5
2024,12,"2024-12-01","IXZ","Veer Savarkar International Airport","Port Blair","Andaman and Nicobar Islands",11.6411,92.7297,188417,1327,1433,24.4,18.5,65,12.5,27.2
2024,12,"2024-12-01","PYB","Jeypore Airport","Jeypore","Odisha",18.88,82.553,5542,39,42,21.1,18.5,65,12.5,25
2024,12,"2024-12-01","HYT","Donyi Polo Airport (Itanagar)","Hollongi","Arunachal Pradesh",26.96,93.64,22167,156,168,17.5,18.5,65,12.5,22.6
2024,12,"2024-12-01","RMD","Ramagundam Airport","Ramagundam","Telangana",18.78,79.44,2217,16,17,21.1,18.5,65,12.5,25.1
2025,1,"2025-01-01","DEL","Indira Gandhi International Airport","New Delhi","Delhi",28.5562,77.1,8985333,63277,68339,16.7,18.5,65,15.5,24.1
2025,1,"2025-01-01","BOM","Chhatrapati Shivaji Maharaj International Airport","Mumbai","Maharashtra",19.0896,72.8656,6299500,44363,47912,21,18.5,65,15.5,27
2025,1,"2025-01-01","BLR","Kempegowda International Airport","Bengaluru","Karnataka",13.1986,77.7066,4578125,32240,34819,23.7,18.5,65,15.5,28.7
2025,1,"2025-01-01","MAA","Chennai International Airport","Chennai","Tamil Nadu",12.9941,80.1709,2575958,18141,19592,23.8,18.5,65,15.5,28.8
2025,1,"2025-01-01","HYD","Rajiv Gandhi International Airport","Hyderabad","Telangana",17.2403,78.4294,3052083,21494,23214,21.8,18.5,65,15.5,27.5
2025,1,"2025-01-01","CCU","Netaji Subhash Chandra Bose International Airport","Kolkata","West Bengal",22.6547,88.4467,2417250,17023,18385,19.4,18.5,65,15.5,25.9
2025,1,"2025-01-01","AMD","Sardar Vallabhbhai Patel International Airport","Ahmedabad","Gujarat",23.0772,72.6347,1367333,9629,10399,19.2,18.5,65,15.5,25.8
2025,1,"2025-01-01","PNQ","Pune Airport","Pune","Maharashtra",18.5822,73.9197,976667,6878,7428,21.2,18.5,65,15.5,27.1
2025,1,"2025-01-01","COK","Cochin International Airport","Kochi","Kerala",10.152,76.4019,1257458,8855,9563,25,18.5,65,15.5,29.7
2025,1,"2025-01-01","GOI","Dabolim Airport","Goa","Goa",15.3808,73.8314,1025500,7222,7800,22.7,18.5,65,15.5,28.1
2025,1,"2025-01-01","GOX","Manohar International Airport (MOPA)","Goa","Goa",15.7481,73.8647,512750,3611,3900,22.5,18.5,65,15.5,28
2025,1,"2025-01-01","CJB","Coimbatore International Airport","Coimbatore","Tamil Nadu",11.03,77.0434,354042,2493,2692,24.6,18.5,65,15.5,29.4
2025,1,"2025-01-01","TRZ","Tiruchirappalli International Airport","Tiruchirappalli","Tamil Nadu",10.7654,78.7097,219750,1548,1672,24.8,18.5,65,15.5,29.5
2025,1,"2025-01-01","IXM","Madurai Airport","Madurai","Tamil Nadu",9.8345,78.0934,170917,1204,1300,25.2,18.5,65,15.5,29.8
2025,1,"2025-01-01","SXV","Salem Airport","Salem","Tamil Nadu",11.7783,78.0647,12208,86,93,24.3,18.5,65,15.5,29.2
2025,1,"2025-01-01","TCR","Tuticorin Airport","Thoothukudi","Tamil Nadu",8.7242,78.0267,24417,172,186,25.7,18.5,65,15.5,30.1
2025,1,"2025-01-01","ATQ","Sri Guru Ram Dass Jee International Airport","Amritsar","Punjab",31.7096,74.7973,341833,2407,2600,15.3,18.5,65,15.5,23.2
2025,1,"2025-01-01","IXC","Chandigarh International Airport","Chandigarh","Chandigarh",30.6735,76.7885,439500,3095,3343,15.8,18.5,65,15.5,23.5
2025,1,"2025-01-01","GAU","Lokpriya Gopinath Bordoloi International Airport","Guwahati","Assam",26.1061,91.5859,708083,4986,5385,17.9,18.5,65,15.5,24.9
2025,1,"2025-01-01","JAI","Jaipur International Airport","Jaipur","Rajasthan",26.8242,75.8122,659250,4643,5014,17.5,18.5,65,15.5,24.7
2025,1,"2025-01-01","LKO","Chaudhary Charan Singh International Airport","Lucknow","Uttar Pradesh",26.7606,80.8893,634833,4471,4829,17.6,18.5,65,15.5,24.7
2025,1,"2025-01-01","TRV","Thiruvananthapuram International Airport","Thiruvananthapuram","Kerala",8.4821,76.92,537167,3783,4086,25.8,18.5,65,15.5,30.2
2025,1,"2025-01-01","CCJ","Calicut International Airport","Kozhikode","Kerala",11.1368,75.9553,390667,2751,2971,24.6,18.5,65,15.5,29.4
2025,1,"2025-01-01","IXE","Mangaluru International Airport","Mangaluru","Karnataka",12.9613,74.89,231958,1634,1765,23.8,18.5,65,15.5,28.8
2025,1,"2025-01-01","PAT","Jay Prakash Narayan Airport","Patna","Bihar",25.5913,85.088,512750,3611,3900,18.1,18.5,65,15.5,25
2025,1,"2025-01-01","BBI","Biju Patnaik International Airport","Bhubaneswar","Odisha",20.2444,85.8178,549375,3869,4179,20.5,18.5,65,15.5,26.6
2025,1,"2025-01-01","IDR","Devi Ahilya Bai Holkar Airport","Indore","Madhya Pradesh",22.7217,75.8011,378458,2665,2878,19.4,18.5,65,15.5,25.9
2025,1,"2025-01-01","NAG","Dr. Babasaheb Ambedkar International Airport","Nagpur","Maharashtra",21.0922,79.0472,341833,2407,2600,20.1,18.5,65,15.5,26.4
2025,1,"2025-01-01","IXB","Bagdogra Airport","Siliguri","West Bengal",26.6812,88.3286,378458,2665,2878,17.6,18.5,65,15.5,24.7
2025,1,"2025-01-01","SXR","Sheikh ul-Alam International Airport","Srinagar","Jammu and Kashmir",33.9872,74.7742,537167,3783,4086,14.3,18.5,65,15.5,22.5
2025,1,"2025-01-01","IXJ","Jammu Airport","Jammu","Jammu and Kashmir",32.6892,74.8372,219750,1548,1672,14.9,18.5,65,15.5,22.9
2025,1,"2025-01-01","IXL","Kushok Bakula Rimpochee Airport","Leh","Ladakh",34.1358,77.5464,146500,1032,1115,14.2,18.5,65,15.5,22.5
2025,1,"2025-01-01","IXA","Maharaja Bir Bikram Airport","Agartala","Tripura",23.887,91.2405,183125,1290,1393,18.9,18.5,65,15.5,25.5
2025,1,"2025-01-01","IMF","Imphal Airport","Imphal","Manipur",24.76,93.8967,146500,1032,1115,18.5,18.5,65,15.5,25.3
2025,1,"2025-01-01","RJA","Rajahmundry Airport","Rajahmundry","Andhra Pradesh",17.1106,81.8181,48833,344,372,21.9,18.5,65,15.5,27.6
2025,1,"2025-01-01","VTZ","Visakhapatnam Airport","Visakhapatnam","Andhra Pradesh",17.7211,83.2244,341833,2407,2600,21.6,18.5,65,15.5,27.4
2025,1,"2025-01-01","TIR","Tirupati Airport","Tirupati","Andhra Pradesh",13.6325,79.5433,109875,774,836,23.5,18.5,65,15.5,28.6
2025,1,"2025-01-01","VGA","Vijayawada Airport","Vijayawada","Andhra Pradesh",16.5304,80.7968,134292,946,1022,22.2,18.5,65,15.5,27.8
2025,1,"2025-01-01","DHM","Gaggal Airport (Dharamshala)","Kangra","Himachal Pradesh",32.1651,76.2634,36625,258,279,15.1,18.5,65,15.5,23.1
2025,1,"2025-01-01","SLV","Shimla Airport","Shimla","Himachal Pradesh",31.0817,77.0678,12208,86,93,15.6,18.5,65,15.5,23.4
2025,1,"2025-01-01","KUU","Kullu Manali Airport (Bhuntar)","Bhuntar","Himachal Pradesh",31.8767,77.1542,12208,86,93,15.3,18.5,65,15.5,23.1
2025,1,"2025-01-01","BDQ","Vadodara Airport","Vadodara","Gujarat",22.3361,73.2264,146500,1032,1115,19.5,18.5,65,15.5,26
2025,1,"2025-01-01","STV","Surat Airport","Surat","Gujarat",21.1142,72.7419,158708,1118,1207,20.1,18.5,65,15.5,26.4
2025,1,"2025-01-01","HSR","Hisar Airport","Hisar","Haryana",29.1794,75.7538,6104,43,46,16.5,18.5,65,15.5,24
2025,1,"2025-01-01","GWL","Gwalior Airport","Gwalior","Madhya Pradesh",26.2933,78.2278,48833,344,372,17.8,18.5,65,15.5,24.8
2025,1,"2025-01-01","JLR","Jabalpur Airport","Jabalpur","Madhya Pradesh",23.1778,80.0522,61042,430,464,19.2,18.5,65,15.5,25.8
2025,1,"2025-01-01","RPR","Swami Vivekananda Airport","Raipur","Chhattisgarh",21.1803,81.7389,305208,2149,2321,20.1,18.5,65,15.5,26.4
2025,1,"2025-01-01","DED","Jolly Grant Airport","Dehradun","Uttarakhand",30.1897,78.1803,195333,1376,1486,16,18.5,65,15.5,23.7
2025,1,"2025-01-01","PNT","Pantnagar Airport","Pantnagar","Uttarakhand",29.0333,79.4736,12208,86,93,16.5,18.5,65,15.5,24
2025,1,"2025-01-01","IXR","Birsa Munda Airport","Ranchi","Jharkhand",23.3142,85.3217,293000,2063,2228,19.1,18.5,65,15.5,25.7
2025,1,"2025-01-01","DHO","Deoghar Airport","Deoghar","Jharkhand",24.4439,86.7028,36625,258,279,18.6,18.5,65,15.5,25.4
2025,1,"2025-01-01","JRG","Veer Surendra Sai Airport","Jharsuguda","Odisha",21.9136,84.0503,36625,258,279,19.7,18.5,65,15.5,26.1
2025,1,"2025-01-01","DMU","Dimapur Airport","Dimapur","Nagaland",25.8839,93.7711,48833,344,372,18,18.5,65,15.5,24.9
2025,1,"2025-01-01","SHL","Shillong Airport (Umroi)","Shillong","Meghalaya",25.7036,91.9786,12208,86,93,18,18.5,65,15.5,25
2025,1,"2025-01-01","AJL","Lengpui Airport","Aizawl","Mizoram",23.8406,92.6192,24417,172,186,18.9,18.5,65,15.5,25.6
2025,1,"2025-01-01","IXS","Silchar Airport","Silchar","Assam",24.9128,92.9789,48833,344,372,18.4,18.5,65,15.5,25.2
2025,1,"2025-01-01","DBR","Dibrugarh Airport","Dibrugarh","Assam",27.4839,95.0169,134292,946,1022,17.2,18.5,65,15.5,24.5
2025,1,"2025-01-01","JRH","Jorhat Airport","Jorhat","Assam",26.7314,94.1758,36625,258,279,17.6,18.5,65,15.5,24.7
2025,1,"2025-01-01","TEZ","Tezpur Airport","Tezpur","Assam",26.7092,92.7872,12208,86,93,17.6,18.5,65,15.5,24.7
2025,1,"2025-01-01","IXT","Pakyong Airport","Pakyong","Sikkim",27.2344,88.5886,6104,43,46,17.3,18.5,65,15.5,24.5
2025,1,"2025-01-01","IXZ","Veer Savarkar International Airport","Port Blair","Andaman and Nicobar Islands",11.6411,92.7297,207542,1462,1579,24.4,18.5,65,15.5,29.2
2025,1,"2025-01-01","PYB","Jeypore Airport","Jeypore","Odisha",18.88,82.553,6104,43,46,21.1,18.5,65,15.5,27
2025,1,"2025-01-01","HYT","Donyi Polo Airport (Itanagar)","Hollongi","Arunachal Pradesh",26.96,93.64,24417,172,186,17.5,18.5,65,15.5,24.6
2025,1,"2025-01-01","RMD","Ramagundam Airport","Ramagundam","Telangana",18.78,79.44,2442,17,18,21.1,18.5,65,15.5,27.1
2025,2,"2025-02-01","DEL","Indira Gandhi International Airport","New Delhi","Delhi",28.5562,77.1,9097581,64067,69192,16.7,18.5,65,17.7,25.6
2025,2,"2025-02-01","BOM","Chhatrapati Shivaji Maharaj International Airport","Mumbai","Maharashtra",19.0896,72.8656,6378195,44917,48510,21,18.5,65,17.7,28.4
2025,2,"2025-02-01","BLR","Kempegowda International Airport","Bengaluru","Karnataka",13.1986,77.7066,4635316,32643,35254,23.7,18.5,65,17.7,30.2
2025,2,"2025-02-01","MAA","Chennai International Airport","Chennai","Tamil Nadu",12.9941,80.1709,2608138,18367,19836,23.8,18.5,65,17.7,30.3
2025,2,"2025-02-01","HYD","Rajiv Gandhi International Airport","Hyderabad","Telangana",17.2403,78.4294,3090211,21762,23503,21.8,18.5,65,17.7,29
2025,2,"2025-02-01","CCU","Netaji Subhash Chandra Bose International Airport","Kolkata","West Bengal",22.6547,88.4467,2447447,17236,18615,19.4,18.5,65,17.7,27.4
2025,2,"2025-02-01","AMD","Sardar Vallabhbhai Patel International Airport","Ahmedabad","Gujarat",23.0772,72.6347,1384415,9749,10529,19.2,18.5,65,17.7,27.3
2025,2,"2025-02-01","PNQ","Pune Airport","Pune","Maharashtra",18.5822,73.9197,988868,6964,7521,21.2,18.5,65,17.7,28.6
2025,2,"2025-02-01","COK","Cochin International Airport","Kochi","Kerala",10.152,76.4019,1273167,8966,9683,25,18.5,65,17.7,31.1
2025,2,"2025-02-01","GOI","Dabolim Airport","Goa","Goa",15.3808,73.8314,1038311,7312,7897,22.7,18.5,65,17.7,29.6
2025,2,"2025-02-01","GOX","Manohar International Airport (MOPA)","Goa","Goa",15.7481,73.8647,519155,3656,3948,22.5,18.5,65,17.7,29.5
2025,2,"2025-02-01","CJB","Coimbatore International Airport","Coimbatore","Tamil Nadu",11.03,77.0434,358464,2524,2726,24.6,18.5,65,17.7,30.9
2025,2,"2025-02-01","TRZ","Tiruchirappalli International Airport","Tiruchirappalli","Tamil Nadu",10.7654,78.7097,222495,1567,1692,24.8,18.5,65,17.7,30.9
2025,2,"2025-02-01","IXM","Madurai Airport","Madurai","Tamil Nadu",9.8345,78.0934,173052,1219,1317,25.2,18.5,65,17.7,31.2
2025,2,"2025-02-01","SXV","Salem Airport","Salem","Tamil Nadu",11.7783,78.0647,12361,87,94,24.3,18.5,65,17.7,30.6
2025,2,"2025-02-01","TCR","Tuticorin Airport","Thoothukudi","Tamil Nadu",8.7242,78.0267,24722,174,188,25.7,18.5,65,17.7,31.6
2025,2,"2025-02-01","ATQ","Sri Guru Ram Dass Jee International Airport","Amritsar","Punjab",31.7096,74.7973,346104,2437,2632,15.3,18.5,65,17.7,24.7
2025,2,"2025-02-01","IXC","Chandigarh International Airport","Chandigarh","Chandigarh",30.6735,76.7885,444990,3134,3385,15.8,18.5,65,17.7,25
2025,2,"2025-02-01","GAU","Lokpriya Gopinath Bordoloi International Airport","Guwahati","Assam",26.1061,91.5859,716929,5049,5453,17.9,18.5,65,17.7,26.3
2025,2,"2025-02-01","JAI","Jaipur International Airport","Jaipur","Rajasthan",26.8242,75.8122,667486,4701,5077,17.5,18.5,65,17.7,26.1
2025,2,"2025-02-01","LKO","Chaudhary Charan Singh International Airport","Lucknow","Uttar Pradesh",26.7606,80.8893,642764,4527,4889,17.6,18.5,65,17.7,26.1
2025,2,"2025-02-01","TRV","Thiruvananthapuram International Airport","Thiruvananthapuram","Kerala",8.4821,76.92,543877,3830,4136,25.8,18.5,65,17.7,31.6
2025,2,"2025-02-01","CCJ","Calicut International Airport","Kozhikode","Kerala",11.1368,75.9553,395547,2786,3009,24.6,18.5,65,17.7,30.8
2025,2,"2025-02-01","IXE","Mangaluru International Airport","Mangaluru","Karnataka",12.9613,74.89,234856,1654,1786,23.8,18.5,65,17.7,30.3
2025,2,"2025-02-01","PAT","Jay Prakash Narayan Airport","Patna","Bihar",25.5913,85.088,519155,3656,3948,18.1,18.5,65,17.7,26.5
2025,2,"2025-02-01","BBI","Biju Patnaik International Airport","Bhubaneswar","Odisha",20.2444,85.8178,556238,3917,4230,20.5,18.5,65,17.7,28.1
2025,2,"2025-02-01","IDR","Devi Ahilya Bai Holkar Airport","Indore","Madhya Pradesh",22.7217,75.8011,383186,2698,2914,19.4,18.5,65,17.7,27.4
2025,2,"2025-02-01","NAG","Dr. Babasaheb Ambedkar International Airport","Nagpur","Maharashtra",21.0922,79.0472,346104,2437,2632,20.1,18.5,65,17.7,27.8
2025,2,"2025-02-01","IXB","Bagdogra Airport","Siliguri","West Bengal",26.6812,88.3286,383186,2698,2914,17.6,18.5,65,17.7,26.2
2025,2,"2025-02-01","SXR","Sheikh ul-Alam International Airport","Srinagar","Jammu and Kashmir",33.9872,74.7742,543877,3830,4136,14.3,18.5,65,17.7,24
2025,2,"2025-02-01","IXJ","Jammu Airport","Jammu","Jammu and Kashmir",32.6892,74.8372,222495,1567,1692,14.9,18.5,65,17.7,24.4
2025,2,"2025-02-01","IXL","Kushok Bakula Rimpochee Airport","Leh","Ladakh",34.1358,77.5464,148330,1045,1129,14.2,18.5,65,17.7,23.9
2025,2,"2025-02-01","IXA","Maharaja Bir Bikram Airport","Agartala","Tripura",23.887,91.2405,185413,1306,1410,18.9,18.5,65,17.7,27
2025,2,"2025-02-01","IMF","Imphal Airport","Imphal","Manipur",24.76,93.8967,148330,1045,1129,18.5,18.5,65,17.7,26.7
2025,2,"2025-02-01","RJA","Rajahmundry Airport","Rajahmundry","Andhra Pradesh",17.1106,81.8181,49443,348,376,21.9,18.5,65,17.7,29
2025,2,"2025-02-01","VTZ","Visakhapatnam Airport","Visakhapatnam","Andhra Pradesh",17.7211,83.2244,346104,2437,2632,21.6,18.5,65,17.7,28.9
2025,2,"2025-02-01","TIR","Tirupati Airport","Tirupati","Andhra Pradesh",13.6325,79.5433,111248,783,846,23.5,18.5,65,17.7,30.1
2025,2,"2025-02-01","VGA","Vijayawada Airport","Vijayawada","Andhra Pradesh",16.5304,80.7968,135969,958,1035,22.2,18.5,65,17.7,29.2
2025,2,"2025-02-01","DHM","Gaggal Airport (Dharamshala)","Kangra","Himachal Pradesh",32.1651,76.2634,37083,261,282,15.1,18.5,65,17.7,24.5
2025,2,"2025-02-01","SLV","Shimla Airport","Shimla","Himachal Pradesh",31.0817,77.0678,12361,87,94,15.6,18.5,65,17.7,24.9
2025,2,"2025-02-01","KUU","Kullu Manali Airport (Bhuntar)","Bhuntar","Himachal Pradesh",31.8767,77.1542,12361,87,94,15.3,18.5,65,17.7,24.6
2025,2,"2025-02-01","BDQ","Vadodara Airport","Vadodara","Gujarat",22.3361,73.2264,148330,1045,1129,19.5,18.5,65,17.7,27.5
2025,2,"2025-02-01","STV","Surat Airport","Surat","Gujarat",21.1142,72.7419,160691,1132,1223,20.1,18.5,65,17.7,27.8
2025,2,"2025-02-01","HSR","Hisar Airport","Hisar","Haryana",29.1794,75.7538,6180,44,48,16.5,18.5,65,17.7,25.4
2025,2,"2025-02-01","GWL","Gwalior Airport","Gwalior","Madhya Pradesh",26.2933,78.2278,49443,348,376,17.8,18.5,65,17.7,26.3
2025,2,"2025-02-01","JLR","Jabalpur Airport","Jabalpur","Madhya Pradesh",23.1778,80.0522,61804,435,470,19.2,18.5,65,17.7,27.2
2025,2,"2025-02-01","RPR","Swami Vivekananda Airport","Raipur","Chhattisgarh",21.1803,81.7389,309021,2176,2350,20.1,18.5,65,17.7,27.8
2025,2,"2025-02-01","DED","Jolly Grant Airport","Dehradun","Uttarakhand",30.1897,78.1803,197774,1393,1504,16,18.5,65,17.7,25.1
2025,2,"2025-02-01","PNT","Pantnagar Airport","Pantnagar","Uttarakhand",29.0333,79.4736,12361,87,94,16.5,18.5,65,17.7,25.5
2025,2,"2025-02-01","IXR","Birsa Munda Airport","Ranchi","Jharkhand",23.3142,85.3217,296660,2089,2256,19.1,18.5,65,17.7,27.2
2025,2,"2025-02-01","DHO","Deoghar Airport","Deoghar","Jharkhand",24.4439,86.7028,37083,261,282,18.6,18.5,65,17.7,26.8
2025,2,"2025-02-01","JRG","Veer Surendra Sai Airport","Jharsuguda","Odisha",21.9136,84.0503,37083,261,282,19.7,18.5,65,17.7,27.6
2025,2,"2025-02-01","DMU","Dimapur Airport","Dimapur","Nagaland",25.8839,93.7711,49443,348,376,18,18.5,65,17.7,26.4
2025,2,"2025-02-01","SHL","Shillong Airport (Umroi)","Shillong","Meghalaya",25.7036,91.9786,12361,87,94,18,18.5,65,17.7,26.5
2025,2,"2025-02-01","AJL","Lengpui Airport","Aizawl","Mizoram",23.8406,92.6192,24722,174,188,18.9,18.5,65,17.7,27
2025,2,"2025-02-01","IXS","Silchar Airport","Silchar","Assam",24.9128,92.9789,49443,348,376,18.4,18.5,65,17.7,26.7
2025,2,"2025-02-01","DBR","Dibrugarh Airport","Dibrugarh","Assam",27.4839,95.0169,135969,958,1035,17.2,18.5,65,17.7,25.9
2025,2,"2025-02-01","JRH","Jorhat Airport","Jorhat","Assam",26.7314,94.1758,37083,261,282,17.6,18.5,65,17.7,26.2
2025,2,"2025-02-01","TEZ","Tezpur Airport","Tezpur","Assam",26.7092,92.7872,12361,87,94,17.6,18.5,65,17.7,26.2
2025,2,"2025-02-01","IXT","Pakyong Airport","Pakyong","Sikkim",27.2344,88.5886,6180,44,48,17.3,18.5,65,17.7,26
2025,2,"2025-02-01","IXZ","Veer Savarkar International Airport","Port Blair","Andaman and Nicobar Islands",11.6411,92.7297,210134,1480,1598,24.4,18.5,65,17.7,30.7
2025,2,"2025-02-01","PYB","Jeypore Airport","Jeypore","Odisha",18.88,82.553,6180,44,48,21.1,18.5,65,17.7,28.5
2025,2,"2025-02-01","HYT","Donyi Polo Airport (Itanagar)","Hollongi","Arunachal Pradesh",26.96,93.64,24722,174,188,17.5,18.5,65,17.7,26.1
2025,2,"2025-02-01","RMD","Ramagundam Airport","Ramagundam","Telangana",18.78,79.44,2472,17,18,21.1,18.5,65,17.7,28.5
2025,3,"2025-03-01","DEL","Indira Gandhi International Airport","New Delhi","Delhi",28.5562,77.1,9138667,64357,69506,29.7,18.5,48,18.5,34.8
2025,3,"2025-03-01","BOM","Chhatrapati Shivaji Maharaj International Airport","Mumbai","Maharashtra",19.0896,72.8656,6407000,45120,48730,34,18.5,48,18.5,37.6
2025,3,"2025-03-01","BLR","Kempegowda International Airport","Bengaluru","Karnataka",13.1986,77.7066,4656250,32790,35413,36.7,18.5,48,18.5,39.4
2025,3,"2025-03-01","MAA","Chennai International Airport","Chennai","Tamil Nadu",12.9941,80.1709,2619917,18450,19926,36.8,18.5,48,18.5,39.5
2025,3,"2025-03-01","HYD","Rajiv Gandhi International Airport","Hyderabad","Telangana",17.2403,78.4294,3104167,21860,23609,34.8,18.5,48,18.5,38.2
2025,3,"2025-03-01","CCU","Netaji Subhash Chandra Bose International Airport","Kolkata","West Bengal",22.6547,88.4467,2458500,17313,18698,32.4,18.5,48,18.5,36.6
2025,3,"2025-03-01","AMD","Sardar Vallabhbhai Patel International Airport","Ahmedabad","Gujarat",23.0772,72.6347,1390667,9793,10576,32.2,18.5,48,18.5,36.5
2025,3,"2025-03-01","PNQ","Pune Airport","Pune","Maharashtra",18.5822,73.9197,993333,6995,7555,34.2,18.5,48,18.5,37.8
2025,3,"2025-03-01","COK","Cochin International Airport","Kochi","Kerala",10.152,76.4019,1278917,9006,9726,38,18.5,48,18.5,40.3
2025,3,"2025-03-01","GOI","Dabolim Airport","Goa","Goa",15.3808,73.8314,1043000,7345,7933,35.7,18.5,48,18.5,38.8
2025,3,"2025-03-01","GOX","Manohar International Airport (MOPA)","Goa","Goa",15.7481,73.8647,521500,3673,3967,35.5,18.5,48,18.5,38.7
2025,3,"2025-03-01","CJB","Coimbatore International Airport","Coimbatore","Tamil Nadu",11.03,77.0434,360083,2536,2739,37.6,18.5,48,18.5,40.1
2025,3,"2025-03-01","TRZ","Tiruchirappalli International Airport","Tiruchirappalli","Tamil Nadu",10.7654,78.7097,223500,1574,1700,37.8,18.5,48,18.5,40.1
2025,3,"2025-03-01","IXM","Madurai Airport","Madurai","Tamil Nadu",9.8345,78.0934,173833,1224,1322,38.2,18.5,48,18.5,40.4
2025,3,"2025-03-01","SXV","Salem Airport","Salem","Tamil Nadu",11.7783,78.0647,12417,87,94,37.3,18.5,48,18.5,39.8
2025,3,"2025-03-01","TCR","Tuticorin Airport","Thoothukudi","Tamil Nadu",8.7242,78.0267,24833,175,189,38.7,18.5,48,18.5,40.8
2025,3,"2025-03-01","ATQ","Sri Guru Ram Dass Jee International Airport","Amritsar","Punjab",31.7096,74.7973,347667,2448,2644,28.3,18.5,48,18.5,33.9
2025,3,"2025-03-01","IXC","Chandigarh International Airport","Chandigarh","Chandigarh",30.6735,76.7885,447000,3148,3400,28.8,18.5,48,18.5,34.2
2025,3,"2025-03-01","GAU","Lokpriya Gopinath Bordoloi International Airport","Guwahati","Assam",26.1061,91.5859,720167,5072,5478,30.9,18.5,48,18.5,35.5
2025,3,"2025-03-01","JAI","Jaipur International Airport","Jaipur","Rajasthan",26.8242,75.8122,670500,4722,5100,30.5,18.5,48,18.5,35.3
2025,3,"2025-03-01","LKO","Chaudhary Charan Singh International Airport","Lucknow","Uttar Pradesh",26.7606,80.8893,645667,4547,4911,30.6,18.5,48,18.5,35.3
2025,3,"2025-03-01","TRV","Thiruvananthapuram International Airport","Thiruvananthapuram","Kerala",8.4821,76.92,546333,3847,4155,38.8,18.5,48,18.5,40.8
2025,3,"2025-03-01","CCJ","Calicut International Airport","Kozhikode","Kerala",11.1368,75.9553,397333,2798,3022,37.6,18.5,48,18.5,40
2025,3,"2025-03-01","IXE","Mangaluru International Airport","Mangaluru","Karnataka",12.9613,74.89,235917,1661,1794,36.8,18.5,48,18.5,39.5
2025,3,"2025-03-01","PAT","Jay Prakash Narayan Airport","Patna","Bihar",25.5913,85.088,521500,3673,3967,31.1,18.5,48,18.5,35.7
2025,3,"2025-03-01","BBI","Biju Patnaik International Airport","Bhubaneswar","Odisha",20.2444,85.8178,558750,3935,4250,33.5,18.5,48,18.5,37.3
2025,3,"2025-03-01","IDR","Devi Ahilya Bai Holkar Airport","Indore","Madhya Pradesh",22.7217,75.8011,384917,2711,2928,32.4,18.5,48,18.5,36.6
2025,3,"2025-03-01","NAG","Dr. Babasaheb Ambedkar International Airport","Nagpur","Maharashtra",21.0922,79.0472,347667,2448,2644,33.1,18.5,48,18.5,37
2025,3,"2025-03-01","IXB","Bagdogra Airport","Siliguri","West Bengal",26.6812,88.3286,384917,2711,2928,30.6,18.5,48,18.5,35.4
2025,3,"2025-03-01","SXR","Sheikh ul-Alam International Airport","Srinagar","Jammu and Kashmir",33.9872,74.7742,546333,3847,4155,27.3,18.5,48,18.5,33.2
2025,3,"2025-03-01","IXJ","Jammu Airport","Jammu","Jammu and Kashmir",32.6892,74.8372,223500,1574,1700,27.9,18.5,48,18.5,33.6
2025,3,"2025-03-01","IXL","Kushok Bakula Rimpochee Airport","Leh","Ladakh",34.1358,77.5464,149000,1049,1133,27.2,18.5,48,18.5,33.1
2025,3,"2025-03-01","IXA","Maharaja Bir Bikram Airport","Agartala","Tripura",23.887,91.2405,186250,1312,1417,31.9,18.5,48,18.5,36.2
2025,3,"2025-03-01","IMF","Imphal Airport","Imphal","Manipur",24.76,93.8967,149000,1049,1133,31.5,18.5,48,18.5,35.9
2025,3,"2025-03-01","RJA","Rajahmundry Airport","Rajahmundry","Andhra Pradesh",17.1106,81.8181,49667,350,378,34.9,18.5,48,18.5,38.2
2025,3,"2025-03-01","VTZ","Visakhapatnam Airport","Visakhapatnam","Andhra Pradesh",17.7211,83.2244,347667,2448,2644,34.6,18.5,48,18.5,38.1
2025,3,"2025-03-01","TIR","Tirupati Airport","Tirupati","Andhra Pradesh",13.6325,79.5433,111750,787,850,36.5,18.5,48,18.5,39.3
2025,3,"2025-03-01","VGA","Vijayawada Airport","Vijayawada","Andhra Pradesh",16.5304,80.7968,136583,962,1039,35.2,18.5,48,18.5,38.4
2025,3,"2025-03-01","DHM","Gaggal Airport (Dharamshala)","Kangra","Himachal Pradesh",32.1651,76.2634,37250,262,283,28.1,18.5,48,18.5,33.7
2025,3,"2025-03-01","SLV","Shimla Airport","Shimla","Himachal Pradesh",31.0817,77.0678,12417,87,94,28.6,18.5,48,18.5,34.1
2025,3,"2025-03-01","KUU","Kullu Manali Airport (Bhuntar)","Bhuntar","Himachal Pradesh",31.8767,77.1542,12417,87,94,28.3,18.5,48,18.5,33.8
2025,3,"2025-03-01","BDQ","Vadodara Airport","Vadodara","Gujarat",22.3361,73.2264,149000,1049,1133,32.5,18.5,48,18.5,36.7
2025,3,"2025-03-01","STV","Surat Airport","Surat","Gujarat",21.1142,72.7419,161417,1137,1228,33.1,18.5,48,18.5,37
2025,3,"2025-03-01","HSR","Hisar Airport","Hisar","Haryana",29.1794,75.7538,6208,44,48,29.5,18.5,48,18.5,34.6
2025,3,"2025-03-01","GWL","Gwalior Airport","Gwalior","Madhya Pradesh",26.2933,78.2278,49667,350,378,30.8,18.5,48,18.5,35.5
2025,3,"2025-03-01","JLR","Jabalpur Airport","Jabalpur","Madhya Pradesh",23.1778,80.0522,62083,437,472,32.2,18.5,48,18.5,36.4
2025,3,"2025-03-01","RPR","Swami Vivekananda Airport","Raipur","Chhattisgarh",21.1803,81.7389,310417,2186,2361,33.1,18.5,48,18.5,37
2025,3,"2025-03-01","DED","Jolly Grant Airport","Dehradun","Uttarakhand",30.1897,78.1803,198667,1399,1511,29,18.5,48,18.5,34.3
2025,3,"2025-03-01","PNT","Pantnagar Airport","Pantnagar","Uttarakhand",29.0333,79.4736,12417,87,94,29.5,18.5,48,18.5,34.7
2025,3,"2025-03-01","IXR","Birsa Munda Airport","Ranchi","Jharkhand",23.3142,85.3217,298000,2099,2267,32.1,18.5,48,18.5,36.4
2025,3,"2025-03-01","DHO","Deoghar Airport","Deoghar","Jharkhand",24.4439,86.7028,37250,262,283,31.6,18.5,48,18.5,36
2025,3,"2025-03-01","JRG","Veer Surendra Sai Airport","Jharsuguda","Odisha",21.9136,84.0503,37250,262,283,32.7,18.5,48,18.5,36.8
2025,3,"2025-03-01","DMU","Dimapur Airport","Dimapur","Nagaland",25.8839,93.7711,49667,350,378,31,18.5,48,18.5,35.6
2025,3,"2025-03-01","SHL","Shillong Airport (Umroi)","Shillong","Meghalaya",25.7036,91.9786,12417,87,94,31,18.5,48,18.5,35.7
2025,3,"2025-03-01","AJL","Lengpui Airport","Aizawl","Mizoram",23.8406,92.6192,24833,175,189,31.9,18.5,48,18.5,36.2
2025,3,"2025-03-01","IXS","Silchar Airport","Silchar","Assam",24.9128,92.9789,49667,350,378,31.4,18.5,48,18.5,35.9
2025,3,"2025-03-01","DBR","Dibrugarh Airport","Dibrugarh","Assam",27.4839,95.0169,136583,962,1039,30.2,18.5,48,18.5,35.1
2025,3,"2025-03-01","JRH","Jorhat Airport","Jorhat","Assam",26.7314,94.1758,37250,262,283,30.6,18.5,48,18.5,35.4
2025,3,"2025-03-01","TEZ","Tezpur Airport","Tezpur","Assam",26.7092,92.7872,12417,87,94,30.6,18.5,48,18.5,35.4
2025,3,"2025-03-01","IXT","Pakyong Airport","Pakyong","Sikkim",27.2344,88.5886,6208,44,48,30.3,18.5,48,18.5,35.2
2025,3,"2025-03-01","IXZ","Veer Savarkar International Airport","Port Blair","Andaman and Nicobar Islands",11.6411,92.7297,211083,1486,1605,37.4,18.5,48,18.5,39.9
2025,3,"2025-03-01","PYB","Jeypore Airport","Jeypore","Odisha",18.88,82.553,6208,44,48,34.1,18.5,48,18.5,37.7
2025,3,"2025-03-01","HYT","Donyi Polo Airport (Itanagar)","Hollongi","Arunachal Pradesh",26.96,93.64,24833,175,189,30.5,18.5,48,18.5,35.3
2025,3,"2025-03-01","RMD","Ramagundam Airport","Ramagundam","Telangana",18.78,79.44,2483,17,18,34.1,18.5,48,18.5,37.7
2025,4,"2025-04-01","DEL","Indira Gandhi International Airport","New Delhi","Delhi",28.5562,77.1,9097581,64067,69192,29.7,18.5,48,17.7,34.3
2025,4,"2025-04-01","BOM","Chhatrapati Shivaji Maharaj International Airport","Mumbai","Maharashtra",19.0896,72.8656,6378195,44917,48510,34,18.5,48,17.7,37.1
2025,4,"2025-04-01","BLR","Kempegowda International Airport","Bengaluru","Karnataka",13.1986,77.7066,4635316,32643,35254,36.7,18.5,48,17.7,38.9
2025,4,"2025-04-01","MAA","Chennai International Airport","Chennai","Tamil Nadu",12.9941,80.1709,2608138,18367,19836,36.8,18.5,48,17.7,38.9
2025,4,"2025-04-01","HYD","Rajiv Gandhi International Airport","Hyderabad","Telangana",17.2403,78.4294,3090211,21762,23503,34.8,18.5,48,17.7,37.7
2025,4,"2025-04-01","CCU","Netaji Subhash Chandra Bose International Airport","Kolkata","West Bengal",22.6547,88.4467,2447447,17236,18615,32.4,18.5,48,17.7,36
2025,4,"2025-04-01","AMD","Sardar Vallabhbhai Patel International Airport","Ahmedabad","Gujarat",23.0772,72.6347,1384415,9749,10529,32.2,18.5,48,17.7,35.9
2025,4,"2025-04-01","PNQ","Pune Airport","Pune","Maharashtra",18.5822,73.9197,988868,6964,7521,34.2,18.5,48,17.7,37.3
2025,4,"2025-04-01","COK","Cochin International Airport","Kochi","Kerala",10.152,76.4019,1273167,8966,9683,38,18.5,48,17.7,39.8
2025,4,"2025-04-01","GOI","Dabolim Airport","Goa","Goa",15.3808,73.8314,1038311,7312,7897,35.7,18.5,48,17.7,38.2
2025,4,"2025-04-01","GOX","Manohar International Airport (MOPA)","Goa","Goa",15.7481,73.8647,519155,3656,3948,35.5,18.5,48,17.7,38.1
2025,4,"2025-04-01","CJB","Coimbatore International Airport","Coimbatore","Tamil Nadu",11.03,77.0434,358464,2524,2726,37.6,18.5,48,17.7,39.5
2025,4,"2025-04-01","TRZ","Tiruchirappalli International Airport","Tiruchirappalli","Tamil Nadu",10.7654,78.7097,222495,1567,1692,37.8,18.5,48,17.7,39.6
2025,4,"2025-04-01","IXM","Madurai Airport","Madurai","Tamil Nadu",9.8345,78.0934,173052,1219,1317,38.2,18.5,48,17.7,39.9
2025,4,"2025-04-01","SXV","Salem Airport","Salem","Tamil Nadu",11.7783,78.0647,12361,87,94,37.3,18.5,48,17.7,39.3
2025,4,"2025-04-01","TCR","Tuticorin Airport","Thoothukudi","Tamil Nadu",8.7242,78.0267,24722,174,188,38.7,18.5,48,17.7,40.2
2025,4,"2025-04-01","ATQ","Sri Guru Ram Dass Jee International Airport","Amritsar","Punjab",31.7096,74.7973,346104,2437,2632,28.3,18.5,48,17.7,33.3
2025,4,"2025-04-01","IXC","Chandigarh International Airport","Chandigarh","Chandigarh",30.6735,76.7885,444990,3134,3385,28.8,18.5,48,17.7,33.6
2025,4,"2025-04-01","GAU","Lokpriya Gopinath Bordoloi International Airport","Guwahati","Assam",26.1061,91.5859,716929,5049,5453,30.9,18.5,48,17.7,35
2025,4,"2025-04-01","JAI","Jaipur International Airport","Jaipur","Rajasthan",26.8242,75.8122,667486,4701,5077,30.5,18.5,48,17.7,34.8
2025,4,"2025-04-01","LKO","Chaudhary Charan Singh International Airport","Lucknow","Uttar Pradesh",26.7606,80.8893,642764,4527,4889,30.6,18.5,48,17.7,34.8
2025,4,"2025-04-01","TRV","Thiruvananthapuram International Airport","Thiruvananthapuram","Kerala",8.4821,76.92,543877,3830,4136,38.8,18.5,48,17.7,40.3
2025,4,"2025-04-01","CCJ","Calicut International Airport","Kozhikode","Kerala",11.1368,75.9553,395547,2786,3009,37.6,18.5,48,17.7,39.5
2025,4,"2025-04-01","IXE","Mangaluru International Airport","Mangaluru","Karnataka",12.9613,74.89,234856,1654,1786,36.8,18.5,48,17.7,39
2025,4,"2025-04-01","PAT","Jay Prakash Narayan Airport","Patna","Bihar",25.5913,85.088,519155,3656,3948,31.1,18.5,48,17.7,35.2
2025,4,"2025-04-01","BBI","Biju Patnaik International Airport","Bhubaneswar","Odisha",20.2444,85.8178,556238,3917,4230,33.5,18.5,48,17.7,36.8
2025,4,"2025-04-01","IDR","Devi Ahilya Bai Holkar Airport","Indore","Madhya Pradesh",22.7217,75.8011,383186,2698,2914,32.4,18.5,48,17.7,36
2025,4,"2025-04-01","NAG","Dr. Babasaheb Ambedkar International Airport","Nagpur","Maharashtra",21.0922,79.0472,346104,2437,2632,33.1,18.5,48,17.7,36.5
2025,4,"2025-04-01","IXB","Bagdogra Airport","Siliguri","West Bengal",26.6812,88.3286,383186,2698,2914,30.6,18.5,48,17.7,34.8
2025,4,"2025-04-01","SXR","Sheikh ul-Alam International Airport","Srinagar","Jammu and Kashmir",33.9872,74.7742,543877,3830,4136,27.3,18.5,48,17.7,32.6
2025,4,"2025-04-01","IXJ","Jammu Airport","Jammu","Jammu and Kashmir",32.6892,74.8372,222495,1567,1692,27.9,18.5,48,17.7,33
2025,4,"2025-04-01","IXL","Kushok Bakula Rimpochee Airport","Leh","Ladakh",34.1358,77.5464,148330,1045,1129,27.2,18.5,48,17.7,32.6
2025,4,"2025-04-01","IXA","Maharaja Bir Bikram Airport","Agartala","Tripura",23.887,91.2405,185413,1306,1410,31.9,18.5,48,17.7,35.7
2025,4,"2025-04-01","IMF","Imphal Airport","Imphal","Manipur",24.76,93.8967,148330,1045,1129,31.5,18.5,48,17.7,35.4
2025,4,"2025-04-01","RJA","Rajahmundry Airport","Rajahmundry","Andhra Pradesh",17.1106,81.8181,49443,348,376,34.9,18.5,48,17.7,37.7
2025,4,"2025-04-01","VTZ","Visakhapatnam Airport","Visakhapatnam","Andhra Pradesh",17.7211,83.2244,346104,2437,2632,34.6,18.5,48,17.7,37.5
2025,4,"2025-04-01","TIR","Tirupati Airport","Tirupati","Andhra Pradesh",13.6325,79.5433,111248,783,846,36.5,18.5,48,17.7,38.8
2025,4,"2025-04-01","VGA","Vijayawada Airport","Vijayawada","Andhra Pradesh",16.5304,80.7968,135969,958,1035,35.2,18.5,48,17.7,37.9
2025,4,"2025-04-01","DHM","Gaggal Airport (Dharamshala)","Kangra","Himachal Pradesh",32.1651,76.2634,37083,261,282,28.1,18.5,48,17.7,33.2
2025,4,"2025-04-01","SLV","Shimla Airport","Shimla","Himachal Pradesh",31.0817,77.0678,12361,87,94,28.6,18.5,48,17.7,33.5
2025,4,"2025-04-01","KUU","Kullu Manali Airport (Bhuntar)","Bhuntar","Himachal Pradesh",31.8767,77.1542,12361,87,94,28.3,18.5,48,17.7,33.3
2025,4,"2025-04-01","BDQ","Vadodara Airport","Vadodara","Gujarat",22.3361,73.2264,148330,1045,1129,32.5,18.5,48,17.7,36.1
2025,4,"2025-04-01","STV","Surat Airport","Surat","Gujarat",21.1142,72.7419,160691,1132,1223,33.1,18.5,48,17.7,36.5
2025,4,"2025-04-01","HSR","Hisar Airport","Hisar","Haryana",29.1794,75.7538,6180,44,48,29.5,18.5,48,17.7,34.1
2025,4,"2025-04-01","GWL","Gwalior Airport","Gwalior","Madhya Pradesh",26.2933,78.2278,49443,348,376,30.8,18.5,48,17.7,35
2025,4,"2025-04-01","JLR","Jabalpur Airport","Jabalpur","Madhya Pradesh",23.1778,80.0522,61804,435,470,32.2,18.5,48,17.7,35.9
2025,4,"2025-04-01","RPR","Swami Vivekananda Airport","Raipur","Chhattisgarh",21.1803,81.7389,309021,2176,2350,33.1,18.5,48,17.7,36.5
2025,4,"2025-04-01","DED","Jolly Grant Airport","Dehradun","Uttarakhand",30.1897,78.1803,197774,1393,1504,29,18.5,48,17.7,33.8
2025,4,"2025-04-01","PNT","Pantnagar Airport","Pantnagar","Uttarakhand",29.0333,79.4736,12361,87,94,29.5,18.5,48,17.7,34.1
2025,4,"2025-04-01","IXR","Birsa Munda Airport","Ranchi","Jharkhand",23.3142,85.3217,296660,2089,2256,32.1,18.5,48,17.7,35.8
2025,4,"2025-04-01","DHO","Deoghar Airport","Deoghar","Jharkhand",24.4439,86.7028,37083,261,282,31.6,18.5,48,17.7,35.5
2025,4,"2025-04-01","JRG","Veer Surendra Sai Airport","Jharsuguda","Odisha",21.9136,84.0503,37083,261,282,32.7,18.5,48,17.7,36.3
2025,4,"2025-04-01","DMU","Dimapur Airport","Dimapur","Nagaland",25.8839,93.7711,49443,348,376,31,18.5,48,17.7,35.1
2025,4,"2025-04-01","SHL","Shillong Airport (Umroi)","Shillong","Meghalaya",25.7036,91.9786,12361,87,94,31,18.5,48,17.7,35.1
2025,4,"2025-04-01","AJL","Lengpui Airport","Aizawl","Mizoram",23.8406,92.6192,24722,174,188,31.9,18.5,48,17.7,35.7
2025,4,"2025-04-01","IXS","Silchar Airport","Silchar","Assam",24.9128,92.9789,49443,348,376,31.4,18.5,48,17.7,35.4
2025,4,"2025-04-01","DBR","Dibrugarh Airport","Dibrugarh","Assam",27.4839,95.0169,135969,958,1035,30.2,18.5,48,17.7,34.6
2025,4,"2025-04-01","JRH","Jorhat Airport","Jorhat","Assam",26.7314,94.1758,37083,261,282,30.6,18.5,48,17.7,34.8
2025,4,"2025-04-01","TEZ","Tezpur Airport","Tezpur","Assam",26.7092,92.7872,12361,87,94,30.6,18.5,48,17.7,34.8
2025,4,"2025-04-01","IXT","Pakyong Airport","Pakyong","Sikkim",27.2344,88.5886,6180,44,48,30.3,18.5,48,17.7,34.7
2025,4,"2025-04-01","IXZ","Veer Savarkar International Airport","Port Blair","Andaman and Nicobar Islands",11.6411,92.7297,210134,1480,1598,37.4,18.5,48,17.7,39.4
2025,4,"2025-04-01","PYB","Jeypore Airport","Jeypore","Odisha",18.88,82.553,6180,44,48,34.1,18.5,48,17.7,37.2
2025,4,"2025-04-01","HYT","Donyi Polo Airport (Itanagar)","Hollongi","Arunachal Pradesh",26.96,93.64,24722,174,188,30.5,18.5,48,17.7,34.8
2025,4,"2025-04-01","RMD","Ramagundam Airport","Ramagundam","Telangana",18.78,79.44,2472,17,18,34.1,18.5,48,17.7,37.2
2025,5,"2025-05-01","DEL","Indira Gandhi International Airport","New Delhi","Delhi",28.5562,77.1,8985333,63277,68339,29.7,18.5,48,15.5,32.8
2025,5,"2025-05-01","BOM","Chhatrapati Shivaji Maharaj International Airport","Mumbai","Maharashtra",19.0896,72.8656,6299500,44363,47912,34,18.5,48,15.5,35.6
2025,5,"2025-05-01","BLR","Kempegowda International Airport","Bengaluru","Karnataka",13.1986,77.7066,4578125,32240,34819,36.7,18.5,48,15.5,37.4
2025,5,"2025-05-01","MAA","Chennai International Airport","Chennai","Tamil Nadu",12.9941,80.1709,2575958,18141,19592,36.8,18.5,48,15.5,37.5
2025,5,"2025-05-01","HYD","Rajiv Gandhi International Airport","Hyderabad","Telangana",17.2403,78.4294,3052083,21494,23214,34.8,18.5,48,15.5,36.2
2025,5,"2025-05-01","CCU","Netaji Subhash Chandra Bose International Airport","Kolkata","West Bengal",22.6547,88.4467,2417250,17023,18385,32.4,18.5,48,15.5,34.6
2025,5,"2025-05-01","AMD","Sardar Vallabhbhai Patel International Airport","Ahmedabad","Gujarat",23.0772,72.6347,1367333,9629,10399,32.2,18.5,48,15.5,34.5
2025,5,"2025-05-01","PNQ","Pune Airport","Pune","Maharashtra",18.5822,73.9197,976667,6878,7428,34.2,18.5,48,15.5,35.8
2025,5,"2025-05-01","COK","Cochin International Airport","Kochi","Kerala",10.152,76.4019,1257458,8855,9563,38,18.5,48,15.5,38.3
2025,5,"2025-05-01","GOI","Dabolim Airport","Goa","Goa",15.3808,73.8314,1025500,7222,7800,35.7,18.5,48,15.5,36.8
2025,5,"2025-05-01","GOX","Manohar International Airport (MOPA)","Goa","Goa",15.7481,73.8647,512750,3611,3900,35.5,18.5,48,15.5,36.7
2025,5,"2025-05-01","CJB","Coimbatore International Airport","Coimbatore","Tamil Nadu",11.03,77.0434,354042,2493,2692,37.6,18.5,48,15.5,38.1
2025,5,"2025-05-01","TRZ","Tiruchirappalli International Airport","Tiruchirappalli","Tamil Nadu",10.7654,78.7097,219750,1548,1672,37.8,18.5,48,15.5,38.1
2025,5,"2025-05-01","IXM","Madurai Airport","Madurai","Tamil Nadu",9.8345,78.0934,170917,1204,1300,38.2,18.5,48,15.5,38.4
2025,5,"2025-05-01","SXV","Salem Airport","Salem","Tamil Nadu",11.7783,78.0647,12208,86,93,37.3,18.5,48,15.5,37.8
2025,5,"2025-05-01","TCR","Tuticorin Airport","Thoothukudi","Tamil Nadu",8.7242,78.0267,24417,172,186,38.7,18.5,48,15.5,38.8
2025,5,"2025-05-01","ATQ","Sri Guru Ram Dass Jee International Airport","Amritsar","Punjab",31.7096,74.7973,341833,2407,2600,28.3,18.5,48,15.5,31.9
2025,5,"2025-05-01","IXC","Chandigarh International Airport","Chandigarh","Chandigarh",30.6735,76.7885,439500,3095,3343,28.8,18.5,48,15.5,32.2
2025,5,"2025-05-01","GAU","Lokpriya Gopinath Bordoloi International Airport","Guwahati","Assam",26.1061,91.5859,708083,4986,5385,30.9,18.5,48,15.5,33.5
2025,5,"2025-05-01","JAI","Jaipur International Airport","Jaipur","Rajasthan",26.8242,75.8122,659250,4643,5014,30.5,18.5,48,15.5,33.3
2025,5,"2025-05-01","LKO","Chaudhary Charan Singh International Airport","Lucknow","Uttar Pradesh",26.7606,80.8893,634833,4471,4829,30.6,18.5,48,15.5,33.3
2025,5,"2025-05-01","TRV","Thiruvananthapuram International Airport","Thiruvananthapuram","Kerala",8.4821,76.92,537167,3783,4086,38.8,18.5,48,15.5,38.8
2025,5,"2025-05-01","CCJ","Calicut International Airport","Kozhikode","Kerala",11.1368,75.9553,390667,2751,2971,37.6,18.5,48,15.5,38
2025,5,"2025-05-01","IXE","Mangaluru International Airport","Mangaluru","Karnataka",12.9613,74.89,231958,1634,1765,36.8,18.5,48,15.5,37.5
2025,5,"2025-05-01","PAT","Jay Prakash Narayan Airport","Patna","Bihar",25.5913,85.088,512750,3611,3900,31.1,18.5,48,15.5,33.7
2025,5,"2025-05-01","BBI","Biju Patnaik International Airport","Bhubaneswar","Odisha",20.2444,85.8178,549375,3869,4179,33.5,18.5,48,15.5,35.3
2025,5,"2025-05-01","IDR","Devi Ahilya Bai Holkar Airport","Indore","Madhya Pradesh",22.7217,75.8011,378458,2665,2878,32.4,18.5,48,15.5,34.6
2025,5,"2025-05-01","NAG","Dr. Babasaheb Ambedkar International Airport","Nagpur","Maharashtra",21.0922,79.0472,341833,2407,2600,33.1,18.5,48,15.5,35
2025,5,"2025-05-01","IXB","Bagdogra Airport","Siliguri","West Bengal",26.6812,88.3286,378458,2665,2878,30.6,18.5,48,15.5,33.4
2025,5,"2025-05-01","SXR","Sheikh ul-Alam International Airport","Srinagar","Jammu and Kashmir",33.9872,74.7742,537167,3783,4086,27.3,18.5,48,15.5,31.2
2025,5,"2025-05-01","IXJ","Jammu Airport","Jammu","Jammu and Kashmir",32.6892,74.8372,219750,1548,1672,27.9,18.5,48,15.5,31.6
2025,5,"2025-05-01","IXL","Kushok Bakula Rimpochee Airport","Leh","Ladakh",34.1358,77.5464,146500,1032,1115,27.2,18.5,48,15.5,31.1
2025,5,"2025-05-01","IXA","Maharaja Bir Bikram Airport","Agartala","Tripura",23.887,91.2405,183125,1290,1393,31.9,18.5,48,15.5,34.2
2025,5,"2025-05-01","IMF","Imphal Airport","Imphal","Manipur",24.76,93.8967,146500,1032,1115,31.5,18.5,48,15.5,33.9
2025,5,"2025-05-01","RJA","Rajahmundry Airport","Rajahmundry","Andhra Pradesh",17.1106,81.8181,48833,344,372,34.9,18.5,48,15.5,36.2
2025,5,"2025-05-01","VTZ","Visakhapatnam Airport","Visakhapatnam","Andhra Pradesh",17.7211,83.2244,341833,2407,2600,34.6,18.5,48,15.5,36.1
2025,5,"2025-05-01","TIR","Tirupati Airport","Tirupati","Andhra Pradesh",13.6325,79.5433,109875,774,836,36.5,18.5,48,15.5,37.3
2025,5,"2025-05-01","VGA","Vijayawada Airport","Vijayawada","Andhra Pradesh",16.5304,80.7968,134292,946,1022,35.2,18.5,48,15.5,36.4
2025,5,"2025-05-01","DHM","Gaggal Airport (Dharamshala)","Kangra","Himachal Pradesh",32.1651,76.2634,36625,258,279,28.1,18.5,48,15.5,31.7
2025,5,"2025-05-01","SLV","Shimla Airport","Shimla","Himachal Pradesh",31.0817,77.0678,12208,86,93,28.6,18.5,48,15.5,32.1
2025,5,"2025-05-01","KUU","Kullu Manali Airport (Bhuntar)","Bhuntar","Himachal Pradesh",31.8767,77.1542,12208,86,93,28.3,18.5,48,15.5,31.8
2025,5,"2025-05-01","BDQ","Vadodara Airport","Vadodara","Gujarat",22.3361,73.2264,146500,1032,1115,32.5,18.5,48,15.5,34.7
2025,5,"2025-05-01","STV","Surat Airport","Surat","Gujarat",21.1142,72.7419,158708,1118,1207,33.1,18.5,48,15.5,35
2025,5,"2025-05-01","HSR","Hisar Airport","Hisar","Haryana",29.1794,75.7538,6104,43,46,29.5,18.5,48,15.5,32.6
2025,5,"2025-05-01","GWL","Gwalior Airport","Gwalior","Madhya Pradesh",26.2933,78.2278,48833,344,372,30.8,18.5,48,15.5,33.5
2025,5,"2025-05-01","JLR","Jabalpur Airport","Jabalpur","Madhya Pradesh",23.1778,80.0522,61042,430,464,32.2,18.5,48,15.5,34.4
2025,5,"2025-05-01","RPR","Swami Vivekananda Airport","Raipur","Chhattisgarh",21.1803,81.7389,305208,2149,2321,33.1,18.5,48,15.5,35
2025,5,"2025-05-01","DED","Jolly Grant Airport","Dehradun","Uttarakhand",30.1897,78.1803,195333,1376,1486,29,18.5,48,15.5,32.3
2025,5,"2025-05-01","PNT","Pantnagar Airport","Pantnagar","Uttarakhand",29.0333,79.4736,12208,86,93,29.5,18.5,48,15.5,32.7
2025,5,"2025-05-01","IXR","Birsa Munda Airport","Ranchi","Jharkhand",23.3142,85.3217,293000,2063,2228,32.1,18.5,48,15.5,34.4
2025,5,"2025-05-01","DHO","Deoghar Airport","Deoghar","Jharkhand",24.4439,86.7028,36625,258,279,31.6,18.5,48,15.5,34
2025,5,"2025-05-01","JRG","Veer Surendra Sai Airport","Jharsuguda","Odisha",21.9136,84.0503,36625,258,279,32.7,18.5,48,15.5,34.8
2025,5,"2025-05-01","DMU","Dimapur Airport","Dimapur","Nagaland",25.8839,93.7711,48833,344,372,31,18.5,48,15.5,33.6
2025,5,"2025-05-01","SHL","Shillong Airport (Umroi)","Shillong","Meghalaya",25.7036,91.9786,12208,86,93,31,18.5,48,15.5,33.7
2025,5,"2025-05-01","AJL","Lengpui Airport","Aizawl","Mizoram",23.8406,92.6192,24417,172,186,31.9,18.5,48,15.5,34.2
2025,5,"2025-05-01","IXS","Silchar Airport","Silchar","Assam",24.9128,92.9789,48833,344,372,31.4,18.5,48,15.5,33.9
2025,5,"2025-05-01","DBR","Dibrugarh Airport","Dibrugarh","Assam",27.4839,95.0169,134292,946,1022,30.2,18.5,48,15.5,33.1
2025,5,"2025-05-01","JRH","Jorhat Airport","Jorhat","Assam",26.7314,94.1758,36625,258,279,30.6,18.5,48,15.5,33.4
2025,5,"2025-05-01","TEZ","Tezpur Airport","Tezpur","Assam",26.7092,92.7872,12208,86,93,30.6,18.5,48,15.5,33.4
2025,5,"2025-05-01","IXT","Pakyong Airport","Pakyong","Sikkim",27.2344,88.5886,6104,43,46,30.3,18.5,48,15.5,33.2
2025,5,"2025-05-01","IXZ","Veer Savarkar International Airport","Port Blair","Andaman and Nicobar Islands",11.6411,92.7297,207542,1462,1579,37.4,18.5,48,15.5,37.9
2025,5,"2025-05-01","PYB","Jeypore Airport","Jeypore","Odisha",18.88,82.553,6104,43,46,34.1,18.5,48,15.5,35.7
2025,5,"2025-05-01","HYT","Donyi Polo Airport (Itanagar)","Hollongi","Arunachal Pradesh",26.96,93.64,24417,172,186,30.5,18.5,48,15.5,33.3
2025,5,"2025-05-01","RMD","Ramagundam Airport","Ramagundam","Telangana",18.78,79.44,2442,17,18,34.1,18.5,48,15.5,35.7
2025,6,"2025-06-01","DEL","Indira Gandhi International Airport","New Delhi","Delhi",28.5562,77.1,8832000,62197,67173,24.7,160,84,12.5,47.7
2025,6,"2025-06-01","BOM","Chhatrapati Shivaji Maharaj International Airport","Mumbai","Maharashtra",19.0896,72.8656,6192000,43606,47094,29,160,84,12.5,50.5
2025,6,"2025-06-01","BLR","Kempegowda International Airport","Bengaluru","Karnataka",13.1986,77.7066,4500000,31690,34225,31.7,160,84,12.5,52.3
2025,6,"2025-06-01","MAA","Chennai International Airport","Chennai","Tamil Nadu",12.9941,80.1709,2532000,17831,19257,31.8,160,84,12.5,52.4
2025,6,"2025-06-01","HYD","Rajiv Gandhi International Airport","Hyderabad","Telangana",17.2403,78.4294,3e+06,21127,22817,29.8,160,84,12.5,51.1
2025,6,"2025-06-01","CCU","Netaji Subhash Chandra Bose International Airport","Kolkata","West Bengal",22.6547,88.4467,2376000,16732,18071,27.4,320,84,12.5,72.3
2025,6,"2025-06-01","AMD","Sardar Vallabhbhai Patel International Airport","Ahmedabad","Gujarat",23.0772,72.6347,1344000,9465,10222,27.2,160,84,12.5,49.3
2025,6,"2025-06-01","PNQ","Pune Airport","Pune","Maharashtra",18.5822,73.9197,960000,6761,7302,29.2,160,84,12.5,50.7
2025,6,"2025-06-01","COK","Cochin International Airport","Kochi","Kerala",10.152,76.4019,1236000,8704,9400,33,280,84,12.5,70.4
2025,6,"2025-06-01","GOI","Dabolim Airport","Goa","Goa",15.3808,73.8314,1008000,7099,7667,30.7,280,84,12.5,68.8
2025,6,"2025-06-01","GOX","Manohar International Airport (MOPA)","Goa","Goa",15.7481,73.8647,504000,3549,3833,30.5,280,84,12.5,68.7
2025,6,"2025-06-01","CJB","Coimbatore International Airport","Coimbatore","Tamil Nadu",11.03,77.0434,348000,2451,2647,32.6,160,84,12.5,52.9
2025,6,"2025-06-01","TRZ","Tiruchirappalli International Airport","Tiruchirappalli","Tamil Nadu",10.7654,78.7097,216000,1521,1643,32.8,160,84,12.5,53
2025,6,"2025-06-01","IXM","Madurai Airport","Madurai","Tamil Nadu",9.8345,78.0934,168000,1183,1278,33.2,160,84,12.5,53.3
2025,6,"2025-06-01","SXV","Salem Airport","Salem","Tamil Nadu",11.7783,78.0647,12000,85,92,32.3,160,84,12.5,52.7
2025,6,"2025-06-01","TCR","Tuticorin Airport","Thoothukudi","Tamil Nadu",8.7242,78.0267,24000,169,183,33.7,160,84,12.5,53.6
2025,6,"2025-06-01","ATQ","Sri Guru Ram Dass Jee International Airport","Amritsar","Punjab",31.7096,74.7973,336000,2366,2555,23.3,160,84,12.5,46.7
2025,6,"2025-06-01","IXC","Chandigarh International Airport","Chandigarh","Chandigarh",30.6735,76.7885,432000,3042,3285,23.8,160,84,12.5,47.1
2025,6,"2025-06-01","GAU","Lokpriya Gopinath Bordoloi International Airport","Guwahati","Assam",26.1061,91.5859,696000,4901,5293,25.9,320,84,12.5,71.3
2025,6,"2025-06-01","JAI","Jaipur International Airport","Jaipur","Rajasthan",26.8242,75.8122,648000,4563,4928,25.5,160,84,12.5,48.2
2025,6,"2025-06-01","LKO","Chaudhary Charan Singh International Airport","Lucknow","Uttar Pradesh",26.7606,80.8893,624000,4394,4746,25.6,160,84,12.5,48.2
2025,6,"2025-06-01","TRV","Thiruvananthapuram International Airport","Thiruvananthapuram","Kerala",8.4821,76.92,528000,3718,4015,33.8,280,84,12.5,70.9
2025,6,"2025-06-01","CCJ","Calicut International Airport","Kozhikode","Kerala",11.1368,75.9553,384000,2704,2920,32.6,280,84,12.5,70.1
2025,6,"2025-06-01","IXE","Mangaluru International Airport","Mangaluru","Karnataka",12.9613,74.89,228000,1606,1734,31.8,280,84,12.5,69.5
2025,6,"2025-06-01","PAT","Jay Prakash Narayan Airport","Patna","Bihar",25.5913,85.088,504000,3549,3833,26.1,320,84,12.5,71.4
2025,6,"2025-06-01","BBI","Biju Patnaik International Airport","Bhubaneswar","Odisha",20.2444,85.8178,540000,3803,4107,28.5,320,84,12.5,73
2025,6,"2025-06-01","IDR","Devi Ahilya Bai Holkar Airport","Indore","Madhya Pradesh",22.7217,75.8011,372000,2620,2830,27.4,160,84,12.5,49.4
2025,6,"2025-06-01","NAG","Dr. Babasaheb Ambedkar International Airport","Nagpur","Maharashtra",21.0922,79.0472,336000,2366,2555,28.1,160,84,12.5,49.9
2025,6,"2025-06-01","IXB","Bagdogra Airport","Siliguri","West Bengal",26.6812,88.3286,372000,2620,2830,25.6,320,84,12.5,71.1
2025,6,"2025-06-01","SXR","Sheikh ul-Alam International Airport","Srinagar","Jammu and Kashmir",33.9872,74.7742,528000,3718,4015,22.3,160,84,12.5,46.1
2025,6,"2025-06-01","IXJ","Jammu Airport","Jammu","Jammu and Kashmir",32.6892,74.8372,216000,1521,1643,22.9,160,84,12.5,46.5
2025,6,"2025-06-01","IXL","Kushok Bakula Rimpochee Airport","Leh","Ladakh",34.1358,77.5464,144000,1014,1095,22.2,160,84,12.5,46
2025,6,"2025-06-01","IXA","Maharaja Bir Bikram Airport","Agartala","Tripura",23.887,91.2405,180000,1268,1369,26.9,320,84,12.5,71.9
2025,6,"2025-06-01","IMF","Imphal Airport","Imphal","Manipur",24.76,93.8967,144000,1014,1095,26.5,320,84,12.5,71.7
2025,6,"2025-06-01","RJA","Rajahmundry Airport","Rajahmundry","Andhra Pradesh",17.1106,81.8181,48000,338,365,29.9,160,84,12.5,51.1
2025,6,"2025-06-01","VTZ","Visakhapatnam Airport","Visakhapatnam","Andhra Pradesh",17.7211,83.2244,336000,2366,2555,29.6,160,84,12.5,50.9
2025,6,"2025-06-01","TIR","Tirupati Airport","Tirupati","Andhra Pradesh",13.6325,79.5433,108000,761,822,31.5,160,84,12.5,52.2
2025,6,"2025-06-01","VGA","Vijayawada Airport","Vijayawada","Andhra Pradesh",16.5304,80.7968,132000,930,1004,30.2,160,84,12.5,51.3
2025,6,"2025-06-01","DHM","Gaggal Airport (Dharamshala)","Kangra","Himachal Pradesh",32.1651,76.2634,36000,254,274,23.1,160,84,12.5,46.6
2025,6,"2025-06-01","SLV","Shimla Airport","Shimla","Himachal Pradesh",31.0817,77.0678,12000,85,92,23.6,160,84,12.5,46.9
2025,6,"2025-06-01","KUU","Kullu Manali Airport (Bhuntar)","Bhuntar","Himachal Pradesh",31.8767,77.1542,12000,85,92,23.3,160,84,12.5,46.7
2025,6,"2025-06-01","BDQ","Vadodara Airport","Vadodara","Gujarat",22.3361,73.2264,144000,1014,1095,27.5,160,84,12.5,49.6
2025,6,"2025-06-01","STV","Surat Airport","Surat","Gujarat",21.1142,72.7419,156000,1099,1187,28.1,160,84,12.5,49.9
2025,6,"2025-06-01","HSR","Hisar Airport","Hisar","Haryana",29.1794,75.7538,6000,42,45,24.5,160,84,12.5,47.5
2025,6,"2025-06-01","GWL","Gwalior Airport","Gwalior","Madhya Pradesh",26.2933,78.2278,48000,338,365,25.8,160,84,12.5,48.4
2025,6,"2025-06-01","JLR","Jabalpur Airport","Jabalpur","Madhya Pradesh",23.1778,80.0522,60000,423,457,27.2,160,84,12.5,49.3
2025,6,"2025-06-01","RPR","Swami Vivekananda Airport","Raipur","Chhattisgarh",21.1803,81.7389,3e+05,2113,2282,28.1,160,84,12.5,49.9
2025,6,"2025-06-01","DED","Jolly Grant Airport","Dehradun","Uttarakhand",30.1897,78.1803,192000,1352,1460,24,160,84,12.5,47.2
2025,6,"2025-06-01","PNT","Pantnagar Airport","Pantnagar","Uttarakhand",29.0333,79.4736,12000,85,92,24.5,160,84,12.5,47.5
2025,6,"2025-06-01","IXR","Birsa Munda Airport","Ranchi","Jharkhand",23.3142,85.3217,288000,2028,2190,27.1,320,84,12.5,72.1
2025,6,"2025-06-01","DHO","Deoghar Airport","Deoghar","Jharkhand",24.4439,86.7028,36000,254,274,26.6,320,84,12.5,71.8
2025,6,"2025-06-01","JRG","Veer Surendra Sai Airport","Jharsuguda","Odisha",21.9136,84.0503,36000,254,274,27.7,160,84,12.5,49.7
2025,6,"2025-06-01","DMU","Dimapur Airport","Dimapur","Nagaland",25.8839,93.7711,48000,338,365,26,320,84,12.5,71.3
2025,6,"2025-06-01","SHL","Shillong Airport (Umroi)","Shillong","Meghalaya",25.7036,91.9786,12000,85,92,26,320,84,12.5,71.4
2025,6,"2025-06-01","AJL","Lengpui Airport","Aizawl","Mizoram",23.8406,92.6192,24000,169,183,26.9,320,84,12.5,72
2025,6,"2025-06-01","IXS","Silchar Airport","Silchar","Assam",24.9128,92.9789,48000,338,365,26.4,320,84,12.5,71.6
2025,6,"2025-06-01","DBR","Dibrugarh Airport","Dibrugarh","Assam",27.4839,95.0169,132000,930,1004,25.2,320,84,12.5,70.9
2025,6,"2025-06-01","JRH","Jorhat Airport","Jorhat","Assam",26.7314,94.1758,36000,254,274,25.6,320,84,12.5,71.1
2025,6,"2025-06-01","TEZ","Tezpur Airport","Tezpur","Assam",26.7092,92.7872,12000,85,92,25.6,320,84,12.5,71.1
2025,6,"2025-06-01","IXT","Pakyong Airport","Pakyong","Sikkim",27.2344,88.5886,6000,42,45,25.3,320,84,12.5,70.9
2025,6,"2025-06-01","IXZ","Veer Savarkar International Airport","Port Blair","Andaman and Nicobar Islands",11.6411,92.7297,204000,1437,1552,32.4,160,84,12.5,52.8
2025,6,"2025-06-01","PYB","Jeypore Airport","Jeypore","Odisha",18.88,82.553,6000,42,45,29.1,160,84,12.5,50.6
2025,6,"2025-06-01","HYT","Donyi Polo Airport (Itanagar)","Hollongi","Arunachal Pradesh",26.96,93.64,24000,169,183,25.5,320,84,12.5,71
2025,6,"2025-06-01","RMD","Ramagundam Airport","Ramagundam","Telangana",18.78,79.44,2400,17,18,29.1,160,84,12.5,50.6
2025,7,"2025-07-01","DEL","Indira Gandhi International Airport","New Delhi","Delhi",28.5562,77.1,8678667,61117,66006,24.7,160,84,9.5,45.7
2025,7,"2025-07-01","BOM","Chhatrapati Shivaji Maharaj International Airport","Mumbai","Maharashtra",19.0896,72.8656,6084500,42849,46277,29,160,84,9.5,48.5
2025,7,"2025-07-01","BLR","Kempegowda International Airport","Bengaluru","Karnataka",13.1986,77.7066,4421875,31140,33631,31.7,160,84,9.5,50.3
2025,7,"2025-07-01","MAA","Chennai International Airport","Chennai","Tamil Nadu",12.9941,80.1709,2488042,17521,18923,31.8,160,84,9.5,50.4
2025,7,"2025-07-01","HYD","Rajiv Gandhi International Airport","Hyderabad","Telangana",17.2403,78.4294,2947917,20760,22421,29.8,160,84,9.5,49.1
2025,7,"2025-07-01","CCU","Netaji Subhash Chandra Bose International Airport","Kolkata","West Bengal",22.6547,88.4467,2334750,16442,17757,27.4,320,84,9.5,70.3
2025,7,"2025-07-01","AMD","Sardar Vallabhbhai Patel International Airport","Ahmedabad","Gujarat",23.0772,72.6347,1320667,9300,10044,27.2,160,84,9.5,47.3
2025,7,"2025-07-01","PNQ","Pune Airport","Pune","Maharashtra",18.5822,73.9197,943333,6643,7174,29.2,160,84,9.5,48.7
2025,7,"2025-07-01","COK","Cochin International Airport","Kochi","Kerala",10.152,76.4019,1214542,8553,9237,33,280,84,9.5,68.4
2025,7,"2025-07-01","GOI","Dabolim Airport","Goa","Goa",15.3808,73.8314,990500,6975,7533,30.7,280,84,9.5,66.8
2025,7,"2025-07-01","GOX","Manohar International Airport (MOPA)","Goa","Goa",15.7481,73.8647,495250,3488,3767,30.5,280,84,9.5,66.7
2025,7,"2025-07-01","CJB","Coimbatore International Airport","Coimbatore","Tamil Nadu",11.03,77.0434,341958,2408,2601,32.6,160,84,9.5,50.9
2025,7,"2025-07-01","TRZ","Tiruchirappalli International Airport","Tiruchirappalli","Tamil Nadu",10.7654,78.7097,212250,1495,1615,32.8,160,84,9.5,51
2025,7,"2025-07-01","IXM","Madurai Airport","Madurai","Tamil Nadu",9.8345,78.0934,165083,1163,1256,33.2,160,84,9.5,51.3
2025,7,"2025-07-01","SXV","Salem Airport","Salem","Tamil Nadu",11.7783,78.0647,11792,83,90,32.3,160,84,9.5,50.7
2025,7,"2025-07-01","TCR","Tuticorin Airport","Thoothukudi","Tamil Nadu",8.7242,78.0267,23583,166,179,33.7,160,84,9.5,51.6
2025,7,"2025-07-01","ATQ","Sri Guru Ram Dass Jee International Airport","Amritsar","Punjab",31.7096,74.7973,330167,2325,2511,23.3,160,84,9.5,44.7
2025,7,"2025-07-01","IXC","Chandigarh International Airport","Chandigarh","Chandigarh",30.6735,76.7885,424500,2989,3228,23.8,160,84,9.5,45.1
2025,7,"2025-07-01","GAU","Lokpriya Gopinath Bordoloi International Airport","Guwahati","Assam",26.1061,91.5859,683917,4816,5201,25.9,320,84,9.5,69.3
2025,7,"2025-07-01","JAI","Jaipur International Airport","Jaipur","Rajasthan",26.8242,75.8122,636750,4484,4843,25.5,160,84,9.5,46.2
2025,7,"2025-07-01","LKO","Chaudhary Charan Singh International Airport","Lucknow","Uttar Pradesh",26.7606,80.8893,613167,4318,4663,25.6,160,84,9.5,46.2
2025,7,"2025-07-01","TRV","Thiruvananthapuram International Airport","Thiruvananthapuram","Kerala",8.4821,76.92,518833,3654,3946,33.8,280,84,9.5,68.9
2025,7,"2025-07-01","CCJ","Calicut International Airport","Kozhikode","Kerala",11.1368,75.9553,377333,2657,2870,32.6,280,84,9.5,68.1
2025,7,"2025-07-01","IXE","Mangaluru International Airport","Mangaluru","Karnataka",12.9613,74.89,224042,1578,1704,31.8,280,84,9.5,67.5
2025,7,"2025-07-01","PAT","Jay Prakash Narayan Airport","Patna","Bihar",25.5913,85.088,495250,3488,3767,26.1,320,84,9.5,69.4
2025,7,"2025-07-01","BBI","Biju Patnaik International Airport","Bhubaneswar","Odisha",20.2444,85.8178,530625,3737,4036,28.5,320,84,9.5,71
2025,7,"2025-07-01","IDR","Devi Ahilya Bai Holkar Airport","Indore","Madhya Pradesh",22.7217,75.8011,365542,2574,2780,27.4,160,84,9.5,47.4
2025,7,"2025-07-01","NAG","Dr. Babasaheb Ambedkar International Airport","Nagpur","Maharashtra",21.0922,79.0472,330167,2325,2511,28.1,160,84,9.5,47.9
2025,7,"2025-07-01","IXB","Bagdogra Airport","Siliguri","West Bengal",26.6812,88.3286,365542,2574,2780,25.6,320,84,9.5,69.1
2025,7,"2025-07-01","SXR","Sheikh ul-Alam International Airport","Srinagar","Jammu and Kashmir",33.9872,74.7742,518833,3654,3946,22.3,160,84,9.5,44.1
2025,7,"2025-07-01","IXJ","Jammu Airport","Jammu","Jammu and Kashmir",32.6892,74.8372,212250,1495,1615,22.9,160,84,9.5,44.5
2025,7,"2025-07-01","IXL","Kushok Bakula Rimpochee Airport","Leh","Ladakh",34.1358,77.5464,141500,996,1076,22.2,160,84,9.5,44
2025,7,"2025-07-01","IXA","Maharaja Bir Bikram Airport","Agartala","Tripura",23.887,91.2405,176875,1246,1346,26.9,320,84,9.5,69.9
2025,7,"2025-07-01","IMF","Imphal Airport","Imphal","Manipur",24.76,93.8967,141500,996,1076,26.5,320,84,9.5,69.7
2025,7,"2025-07-01","RJA","Rajahmundry Airport","Rajahmundry","Andhra Pradesh",17.1106,81.8181,47167,332,359,29.9,160,84,9.5,49.1
2025,7,"2025-07-01","VTZ","Visakhapatnam Airport","Visakhapatnam","Andhra Pradesh",17.7211,83.2244,330167,2325,2511,29.6,160,84,9.5,48.9
2025,7,"2025-07-01","TIR","Tirupati Airport","Tirupati","Andhra Pradesh",13.6325,79.5433,106125,747,807,31.5,160,84,9.5,50.2
2025,7,"2025-07-01","VGA","Vijayawada Airport","Vijayawada","Andhra Pradesh",16.5304,80.7968,129708,913,986,30.2,160,84,9.5,49.3
2025,7,"2025-07-01","DHM","Gaggal Airport (Dharamshala)","Kangra","Himachal Pradesh",32.1651,76.2634,35375,249,269,23.1,160,84,9.5,44.6
2025,7,"2025-07-01","SLV","Shimla Airport","Shimla","Himachal Pradesh",31.0817,77.0678,11792,83,90,23.6,160,84,9.5,44.9
2025,7,"2025-07-01","KUU","Kullu Manali Airport (Bhuntar)","Bhuntar","Himachal Pradesh",31.8767,77.1542,11792,83,90,23.3,160,84,9.5,44.7
2025,7,"2025-07-01","BDQ","Vadodara Airport","Vadodara","Gujarat",22.3361,73.2264,141500,996,1076,27.5,160,84,9.5,47.6
2025,7,"2025-07-01","STV","Surat Airport","Surat","Gujarat",21.1142,72.7419,153292,1080,1166,28.1,160,84,9.5,47.9
2025,7,"2025-07-01","HSR","Hisar Airport","Hisar","Haryana",29.1794,75.7538,5896,42,45,24.5,160,84,9.5,45.5
2025,7,"2025-07-01","GWL","Gwalior Airport","Gwalior","Madhya Pradesh",26.2933,78.2278,47167,332,359,25.8,160,84,9.5,46.4
2025,7,"2025-07-01","JLR","Jabalpur Airport","Jabalpur","Madhya Pradesh",23.1778,80.0522,58958,415,448,27.2,160,84,9.5,47.3
2025,7,"2025-07-01","RPR","Swami Vivekananda Airport","Raipur","Chhattisgarh",21.1803,81.7389,294792,2076,2242,28.1,160,84,9.5,47.9
2025,7,"2025-07-01","DED","Jolly Grant Airport","Dehradun","Uttarakhand",30.1897,78.1803,188667,1329,1435,24,160,84,9.5,45.2
2025,7,"2025-07-01","PNT","Pantnagar Airport","Pantnagar","Uttarakhand",29.0333,79.4736,11792,83,90,24.5,160,84,9.5,45.5
2025,7,"2025-07-01","IXR","Birsa Munda Airport","Ranchi","Jharkhand",23.3142,85.3217,283000,1993,2152,27.1,320,84,9.5,70.1
2025,7,"2025-07-01","DHO","Deoghar Airport","Deoghar","Jharkhand",24.4439,86.7028,35375,249,269,26.6,320,84,9.5,69.8
2025,7,"2025-07-01","JRG","Veer Surendra Sai Airport","Jharsuguda","Odisha",21.9136,84.0503,35375,249,269,27.7,160,84,9.5,47.7
2025,7,"2025-07-01","DMU","Dimapur Airport","Dimapur","Nagaland",25.8839,93.7711,47167,332,359,26,320,84,9.5,69.3
2025,7,"2025-07-01","SHL","Shillong Airport (Umroi)","Shillong","Meghalaya",25.7036,91.9786,11792,83,90,26,320,84,9.5,69.4
2025,7,"2025-07-01","AJL","Lengpui Airport","Aizawl","Mizoram",23.8406,92.6192,23583,166,179,26.9,320,84,9.5,70
2025,7,"2025-07-01","IXS","Silchar Airport","Silchar","Assam",24.9128,92.9789,47167,332,359,26.4,320,84,9.5,69.6
2025,7,"2025-07-01","DBR","Dibrugarh Airport","Dibrugarh","Assam",27.4839,95.0169,129708,913,986,25.2,320,84,9.5,68.9
2025,7,"2025-07-01","JRH","Jorhat Airport","Jorhat","Assam",26.7314,94.1758,35375,249,269,25.6,320,84,9.5,69.1
2025,7,"2025-07-01","TEZ","Tezpur Airport","Tezpur","Assam",26.7092,92.7872,11792,83,90,25.6,320,84,9.5,69.1
2025,7,"2025-07-01","IXT","Pakyong Airport","Pakyong","Sikkim",27.2344,88.5886,5896,42,45,25.3,320,84,9.5,68.9
2025,7,"2025-07-01","IXZ","Veer Savarkar International Airport","Port Blair","Andaman and Nicobar Islands",11.6411,92.7297,200458,1412,1525,32.4,160,84,9.5,50.8
2025,7,"2025-07-01","PYB","Jeypore Airport","Jeypore","Odisha",18.88,82.553,5896,42,45,29.1,160,84,9.5,48.6
2025,7,"2025-07-01","HYT","Donyi Polo Airport (Itanagar)","Hollongi","Arunachal Pradesh",26.96,93.64,23583,166,179,25.5,320,84,9.5,69
2025,7,"2025-07-01","RMD","Ramagundam Airport","Ramagundam","Telangana",18.78,79.44,2358,17,18,29.1,160,84,9.5,48.6
2025,8,"2025-08-01","DEL","Indira Gandhi International Airport","New Delhi","Delhi",28.5562,77.1,8566419,60327,65153,24.7,160,84,7.3,44.2
2025,8,"2025-08-01","BOM","Chhatrapati Shivaji Maharaj International Airport","Mumbai","Maharashtra",19.0896,72.8656,6005805,42294,45678,29,160,84,7.3,47.1
2025,8,"2025-08-01","BLR","Kempegowda International Airport","Bengaluru","Karnataka",13.1986,77.7066,4364684,30737,33196,31.7,160,84,7.3,48.8
2025,8,"2025-08-01","MAA","Chennai International Airport","Chennai","Tamil Nadu",12.9941,80.1709,2455862,17295,18679,31.8,160,84,7.3,48.9
2025,8,"2025-08-01","HYD","Rajiv Gandhi International Airport","Hyderabad","Telangana",17.2403,78.4294,2909789,20491,22130,29.8,160,84,7.3,47.6
2025,8,"2025-08-01","CCU","Netaji Subhash Chandra Bose International Airport","Kolkata","West Bengal",22.6547,88.4467,2304553,16229,17527,27.4,320,84,7.3,68.9
2025,8,"2025-08-01","AMD","Sardar Vallabhbhai Patel International Airport","Ahmedabad","Gujarat",23.0772,72.6347,1303585,9180,9914,27.2,160,84,7.3,45.9
2025,8,"2025-08-01","PNQ","Pune Airport","Pune","Maharashtra",18.5822,73.9197,931132,6557,7082,29.2,160,84,7.3,47.2
2025,8,"2025-08-01","COK","Cochin International Airport","Kochi","Kerala",10.152,76.4019,1198833,8442,9117,33,280,84,7.3,66.9
2025,8,"2025-08-01","GOI","Dabolim Airport","Goa","Goa",15.3808,73.8314,977689,6885,7436,30.7,280,84,7.3,65.3
2025,8,"2025-08-01","GOX","Manohar International Airport (MOPA)","Goa","Goa",15.7481,73.8647,488845,3443,3718,30.5,280,84,7.3,65.2
2025,8,"2025-08-01","CJB","Coimbatore International Airport","Coimbatore","Tamil Nadu",11.03,77.0434,337536,2377,2567,32.6,160,84,7.3,49.5
2025,8,"2025-08-01","TRZ","Tiruchirappalli International Airport","Tiruchirappalli","Tamil Nadu",10.7654,78.7097,209505,1475,1593,32.8,160,84,7.3,49.6
2025,8,"2025-08-01","IXM","Madurai Airport","Madurai","Tamil Nadu",9.8345,78.0934,162948,1148,1240,33.2,160,84,7.3,49.8
2025,8,"2025-08-01","SXV","Salem Airport","Salem","Tamil Nadu",11.7783,78.0647,11639,82,89,32.3,160,84,7.3,49.3
2025,8,"2025-08-01","TCR","Tuticorin Airport","Thoothukudi","Tamil Nadu",8.7242,78.0267,23278,164,177,33.7,160,84,7.3,50.2
2025,8,"2025-08-01","ATQ","Sri Guru Ram Dass Jee International Airport","Amritsar","Punjab",31.7096,74.7973,325896,2295,2479,23.3,160,84,7.3,43.3
2025,8,"2025-08-01","IXC","Chandigarh International Airport","Chandigarh","Chandigarh",30.6735,76.7885,419010,2951,3187,23.8,160,84,7.3,43.6
2025,8,"2025-08-01","GAU","Lokpriya Gopinath Bordoloi International Airport","Guwahati","Assam",26.1061,91.5859,675071,4754,5134,25.9,320,84,7.3,67.8
2025,8,"2025-08-01","JAI","Jaipur International Airport","Jaipur","Rajasthan",26.8242,75.8122,628514,4426,4780,25.5,160,84,7.3,44.7
2025,8,"2025-08-01","LKO","Chaudhary Charan Singh International Airport","Lucknow","Uttar Pradesh",26.7606,80.8893,605236,4262,4603,25.6,160,84,7.3,44.8
2025,8,"2025-08-01","TRV","Thiruvananthapuram International Airport","Thiruvananthapuram","Kerala",8.4821,76.92,512123,3606,3894,33.8,280,84,7.3,67.4
2025,8,"2025-08-01","CCJ","Calicut International Airport","Kozhikode","Kerala",11.1368,75.9553,372453,2623,2833,32.6,280,84,7.3,66.6
2025,8,"2025-08-01","IXE","Mangaluru International Airport","Mangaluru","Karnataka",12.9613,74.89,221144,1557,1682,31.8,280,84,7.3,66
2025,8,"2025-08-01","PAT","Jay Prakash Narayan Airport","Patna","Bihar",25.5913,85.088,488845,3443,3718,26.1,320,84,7.3,68
2025,8,"2025-08-01","BBI","Biju Patnaik International Airport","Bhubaneswar","Odisha",20.2444,85.8178,523762,3688,3983,28.5,320,84,7.3,69.6
2025,8,"2025-08-01","IDR","Devi Ahilya Bai Holkar Airport","Indore","Madhya Pradesh",22.7217,75.8011,360814,2541,2744,27.4,160,84,7.3,46
2025,8,"2025-08-01","NAG","Dr. Babasaheb Ambedkar International Airport","Nagpur","Maharashtra",21.0922,79.0472,325896,2295,2479,28.1,160,84,7.3,46.5
2025,8,"2025-08-01","IXB","Bagdogra Airport","Siliguri","West Bengal",26.6812,88.3286,360814,2541,2744,25.6,320,84,7.3,67.6
2025,8,"2025-08-01","SXR","Sheikh ul-Alam International Airport","Srinagar","Jammu and Kashmir",33.9872,74.7742,512123,3606,3894,22.3,160,84,7.3,42.6
2025,8,"2025-08-01","IXJ","Jammu Airport","Jammu","Jammu and Kashmir",32.6892,74.8372,209505,1475,1593,22.9,160,84,7.3,43
2025,8,"2025-08-01","IXL","Kushok Bakula Rimpochee Airport","Leh","Ladakh",34.1358,77.5464,139670,984,1063,22.2,160,84,7.3,42.5
2025,8,"2025-08-01","IXA","Maharaja Bir Bikram Airport","Agartala","Tripura",23.887,91.2405,174587,1229,1327,26.9,320,84,7.3,68.5
2025,8,"2025-08-01","IMF","Imphal Airport","Imphal","Manipur",24.76,93.8967,139670,984,1063,26.5,320,84,7.3,68.2
2025,8,"2025-08-01","RJA","Rajahmundry Airport","Rajahmundry","Andhra Pradesh",17.1106,81.8181,46557,328,354,29.9,160,84,7.3,47.7
2025,8,"2025-08-01","VTZ","Visakhapatnam Airport","Visakhapatnam","Andhra Pradesh",17.7211,83.2244,325896,2295,2479,29.6,160,84,7.3,47.5
2025,8,"2025-08-01","TIR","Tirupati Airport","Tirupati","Andhra Pradesh",13.6325,79.5433,104752,738,797,31.5,160,84,7.3,48.7
2025,8,"2025-08-01","VGA","Vijayawada Airport","Vijayawada","Andhra Pradesh",16.5304,80.7968,128031,902,974,30.2,160,84,7.3,47.8
2025,8,"2025-08-01","DHM","Gaggal Airport (Dharamshala)","Kangra","Himachal Pradesh",32.1651,76.2634,34917,246,266,23.1,160,84,7.3,43.1
2025,8,"2025-08-01","SLV","Shimla Airport","Shimla","Himachal Pradesh",31.0817,77.0678,11639,82,89,23.6,160,84,7.3,43.5
2025,8,"2025-08-01","KUU","Kullu Manali Airport (Bhuntar)","Bhuntar","Himachal Pradesh",31.8767,77.1542,11639,82,89,23.3,160,84,7.3,43.2
2025,8,"2025-08-01","BDQ","Vadodara Airport","Vadodara","Gujarat",22.3361,73.2264,139670,984,1063,27.5,160,84,7.3,46.1
2025,8,"2025-08-01","STV","Surat Airport","Surat","Gujarat",21.1142,72.7419,151309,1066,1151,28.1,160,84,7.3,46.5
2025,8,"2025-08-01","HSR","Hisar Airport","Hisar","Haryana",29.1794,75.7538,5820,41,44,24.5,160,84,7.3,44
2025,8,"2025-08-01","GWL","Gwalior Airport","Gwalior","Madhya Pradesh",26.2933,78.2278,46557,328,354,25.8,160,84,7.3,44.9
2025,8,"2025-08-01","JLR","Jabalpur Airport","Jabalpur","Madhya Pradesh",23.1778,80.0522,58196,410,443,27.2,160,84,7.3,45.8
2025,8,"2025-08-01","RPR","Swami Vivekananda Airport","Raipur","Chhattisgarh",21.1803,81.7389,290979,2049,2213,28.1,160,84,7.3,46.4
2025,8,"2025-08-01","DED","Jolly Grant Airport","Dehradun","Uttarakhand",30.1897,78.1803,186226,1311,1416,24,160,84,7.3,43.7
2025,8,"2025-08-01","PNT","Pantnagar Airport","Pantnagar","Uttarakhand",29.0333,79.4736,11639,82,89,24.5,160,84,7.3,44.1
2025,8,"2025-08-01","IXR","Birsa Munda Airport","Ranchi","Jharkhand",23.3142,85.3217,279340,1967,2124,27.1,320,84,7.3,68.7
2025,8,"2025-08-01","DHO","Deoghar Airport","Deoghar","Jharkhand",24.4439,86.7028,34917,246,266,26.6,320,84,7.3,68.3
2025,8,"2025-08-01","JRG","Veer Surendra Sai Airport","Jharsuguda","Odisha",21.9136,84.0503,34917,246,266,27.7,160,84,7.3,46.2
2025,8,"2025-08-01","DMU","Dimapur Airport","Dimapur","Nagaland",25.8839,93.7711,46557,328,354,26,320,84,7.3,67.9
2025,8,"2025-08-01","SHL","Shillong Airport (Umroi)","Shillong","Meghalaya",25.7036,91.9786,11639,82,89,26,320,84,7.3,67.9
2025,8,"2025-08-01","AJL","Lengpui Airport","Aizawl","Mizoram",23.8406,92.6192,23278,164,177,26.9,320,84,7.3,68.5
2025,8,"2025-08-01","IXS","Silchar Airport","Silchar","Assam",24.9128,92.9789,46557,328,354,26.4,320,84,7.3,68.2
2025,8,"2025-08-01","DBR","Dibrugarh Airport","Dibrugarh","Assam",27.4839,95.0169,128031,902,974,25.2,320,84,7.3,67.4
2025,8,"2025-08-01","JRH","Jorhat Airport","Jorhat","Assam",26.7314,94.1758,34917,246,266,25.6,320,84,7.3,67.6
2025,8,"2025-08-01","TEZ","Tezpur Airport","Tezpur","Assam",26.7092,92.7872,11639,82,89,25.6,320,84,7.3,67.6
2025,8,"2025-08-01","IXT","Pakyong Airport","Pakyong","Sikkim",27.2344,88.5886,5820,41,44,25.3,320,84,7.3,67.5
2025,8,"2025-08-01","IXZ","Veer Savarkar International Airport","Port Blair","Andaman and Nicobar Islands",11.6411,92.7297,197866,1393,1504,32.4,160,84,7.3,49.3
2025,8,"2025-08-01","PYB","Jeypore Airport","Jeypore","Odisha",18.88,82.553,5820,41,44,29.1,160,84,7.3,47.1
2025,8,"2025-08-01","HYT","Donyi Polo Airport (Itanagar)","Hollongi","Arunachal Pradesh",26.96,93.64,23278,164,177,25.5,320,84,7.3,67.6
2025,8,"2025-08-01","RMD","Ramagundam Airport","Ramagundam","Telangana",18.78,79.44,2328,16,17,29.1,160,84,7.3,47.2
2025,9,"2025-09-01","DEL","Indira Gandhi International Airport","New Delhi","Delhi",28.5562,77.1,8525333,60038,64841,24.7,160,84,6.5,43.7
2025,9,"2025-09-01","BOM","Chhatrapati Shivaji Maharaj International Airport","Mumbai","Maharashtra",19.0896,72.8656,5977000,42092,45459,29,160,84,6.5,46.5
2025,9,"2025-09-01","BLR","Kempegowda International Airport","Bengaluru","Karnataka",13.1986,77.7066,4343750,30590,33037,31.7,160,84,6.5,48.3
2025,9,"2025-09-01","MAA","Chennai International Airport","Chennai","Tamil Nadu",12.9941,80.1709,2444083,17212,18589,31.8,160,84,6.5,48.4
2025,9,"2025-09-01","HYD","Rajiv Gandhi International Airport","Hyderabad","Telangana",17.2403,78.4294,2895833,20393,22024,29.8,160,84,6.5,47.1
2025,9,"2025-09-01","CCU","Netaji Subhash Chandra Bose International Airport","Kolkata","West Bengal",22.6547,88.4467,2293500,16151,17443,27.4,320,84,6.5,68.3
2025,9,"2025-09-01","AMD","Sardar Vallabhbhai Patel International Airport","Ahmedabad","Gujarat",23.0772,72.6347,1297333,9136,9867,27.2,160,84,6.5,45.3
2025,9,"2025-09-01","PNQ","Pune Airport","Pune","Maharashtra",18.5822,73.9197,926667,6526,7048,29.2,160,84,6.5,46.7
2025,9,"2025-09-01","COK","Cochin International Airport","Kochi","Kerala",10.152,76.4019,1193083,8402,9074,33,280,84,6.5,66.4
2025,9,"2025-09-01","GOI","Dabolim Airport","Goa","Goa",15.3808,73.8314,973000,6852,7400,30.7,280,84,6.5,64.8
2025,9,"2025-09-01","GOX","Manohar International Airport (MOPA)","Goa","Goa",15.7481,73.8647,486500,3426,3700,30.5,280,84,6.5,64.7
2025,9,"2025-09-01","CJB","Coimbatore International Airport","Coimbatore","Tamil Nadu",11.03,77.0434,335917,2366,2555,32.6,160,84,6.5,48.9
2025,9,"2025-09-01","TRZ","Tiruchirappalli International Airport","Tiruchirappalli","Tamil Nadu",10.7654,78.7097,208500,1468,1585,32.8,160,84,6.5,49
2025,9,"2025-09-01","IXM","Madurai Airport","Madurai","Tamil Nadu",9.8345,78.0934,162167,1142,1233,33.2,160,84,6.5,49.3
2025,9,"2025-09-01","SXV","Salem Airport","Salem","Tamil Nadu",11.7783,78.0647,11583,82,89,32.3,160,84,6.5,48.7
2025,9,"2025-09-01","TCR","Tuticorin Airport","Thoothukudi","Tamil Nadu",8.7242,78.0267,23167,163,176,33.7,160,84,6.5,49.6
2025,9,"2025-09-01","ATQ","Sri Guru Ram Dass Jee International Airport","Amritsar","Punjab",31.7096,74.7973,324333,2284,2467,23.3,160,84,6.5,42.7
2025,9,"2025-09-01","IXC","Chandigarh International Airport","Chandigarh","Chandigarh",30.6735,76.7885,417000,2937,3172,23.8,160,84,6.5,43.1
2025,9,"2025-09-01","GAU","Lokpriya Gopinath Bordoloi International Airport","Guwahati","Assam",26.1061,91.5859,671833,4731,5109,25.9,320,84,6.5,67.3
2025,9,"2025-09-01","JAI","Jaipur International Airport","Jaipur","Rajasthan",26.8242,75.8122,625500,4405,4757,25.5,160,84,6.5,44.2
2025,9,"2025-09-01","LKO","Chaudhary Charan Singh International Airport","Lucknow","Uttar Pradesh",26.7606,80.8893,602333,4242,4581,25.6,160,84,6.5,44.2
2025,9,"2025-09-01","TRV","Thiruvananthapuram International Airport","Thiruvananthapuram","Kerala",8.4821,76.92,509667,3589,3876,33.8,280,84,6.5,66.9
2025,9,"2025-09-01","CCJ","Calicut International Airport","Kozhikode","Kerala",11.1368,75.9553,370667,2610,2819,32.6,280,84,6.5,66.1
2025,9,"2025-09-01","IXE","Mangaluru International Airport","Mangaluru","Karnataka",12.9613,74.89,220083,1550,1674,31.8,280,84,6.5,65.5
2025,9,"2025-09-01","PAT","Jay Prakash Narayan Airport","Patna","Bihar",25.5913,85.088,486500,3426,3700,26.1,320,84,6.5,67.4
2025,9,"2025-09-01","BBI","Biju Patnaik International Airport","Bhubaneswar","Odisha",20.2444,85.8178,521250,3671,3965,28.5,320,84,6.5,69
2025,9,"2025-09-01","IDR","Devi Ahilya Bai Holkar Airport","Indore","Madhya Pradesh",22.7217,75.8011,359083,2529,2731,27.4,160,84,6.5,45.4
2025,9,"2025-09-01","NAG","Dr. Babasaheb Ambedkar International Airport","Nagpur","Maharashtra",21.0922,79.0472,324333,2284,2467,28.1,160,84,6.5,45.9
2025,9,"2025-09-01","IXB","Bagdogra Airport","Siliguri","West Bengal",26.6812,88.3286,359083,2529,2731,25.6,320,84,6.5,67.1
2025,9,"2025-09-01","SXR","Sheikh ul-Alam International Airport","Srinagar","Jammu and Kashmir",33.9872,74.7742,509667,3589,3876,22.3,160,84,6.5,42.1
2025,9,"2025-09-01","IXJ","Jammu Airport","Jammu","Jammu and Kashmir",32.6892,74.8372,208500,1468,1585,22.9,160,84,6.5,42.5
2025,9,"2025-09-01","IXL","Kushok Bakula Rimpochee Airport","Leh","Ladakh",34.1358,77.5464,139000,979,1057,22.2,160,84,6.5,42
2025,9,"2025-09-01","IXA","Maharaja Bir Bikram Airport","Agartala","Tripura",23.887,91.2405,173750,1224,1322,26.9,320,84,6.5,67.9
2025,9,"2025-09-01","IMF","Imphal Airport","Imphal","Manipur",24.76,93.8967,139000,979,1057,26.5,320,84,6.5,67.7
2025,9,"2025-09-01","RJA","Rajahmundry Airport","Rajahmundry","Andhra Pradesh",17.1106,81.8181,46333,326,352,29.9,160,84,6.5,47.1
2025,9,"2025-09-01","VTZ","Visakhapatnam Airport","Visakhapatnam","Andhra Pradesh",17.7211,83.2244,324333,2284,2467,29.6,160,84,6.5,46.9
2025,9,"2025-09-01","TIR","Tirupati Airport","Tirupati","Andhra Pradesh",13.6325,79.5433,104250,734,793,31.5,160,84,6.5,48.2
2025,9,"2025-09-01","VGA","Vijayawada Airport","Vijayawada","Andhra Pradesh",16.5304,80.7968,127417,897,969,30.2,160,84,6.5,47.3
2025,9,"2025-09-01","DHM","Gaggal Airport (Dharamshala)","Kangra","Himachal Pradesh",32.1651,76.2634,34750,245,265,23.1,160,84,6.5,42.6
2025,9,"2025-09-01","SLV","Shimla Airport","Shimla","Himachal Pradesh",31.0817,77.0678,11583,82,89,23.6,160,84,6.5,42.9
2025,9,"2025-09-01","KUU","Kullu Manali Airport (Bhuntar)","Bhuntar","Himachal Pradesh",31.8767,77.1542,11583,82,89,23.3,160,84,6.5,42.7
2025,9,"2025-09-01","BDQ","Vadodara Airport","Vadodara","Gujarat",22.3361,73.2264,139000,979,1057,27.5,160,84,6.5,45.6
2025,9,"2025-09-01","STV","Surat Airport","Surat","Gujarat",21.1142,72.7419,150583,1060,1145,28.1,160,84,6.5,45.9
2025,9,"2025-09-01","HSR","Hisar Airport","Hisar","Haryana",29.1794,75.7538,5792,41,44,24.5,160,84,6.5,43.5
2025,9,"2025-09-01","GWL","Gwalior Airport","Gwalior","Madhya Pradesh",26.2933,78.2278,46333,326,352,25.8,160,84,6.5,44.4
2025,9,"2025-09-01","JLR","Jabalpur Airport","Jabalpur","Madhya Pradesh",23.1778,80.0522,57917,408,441,27.2,160,84,6.5,45.3
2025,9,"2025-09-01","RPR","Swami Vivekananda Airport","Raipur","Chhattisgarh",21.1803,81.7389,289583,2039,2202,28.1,160,84,6.5,45.9
2025,9,"2025-09-01","DED","Jolly Grant Airport","Dehradun","Uttarakhand",30.1897,78.1803,185333,1305,1409,24,160,84,6.5,43.2
2025,9,"2025-09-01","PNT","Pantnagar Airport","Pantnagar","Uttarakhand",29.0333,79.4736,11583,82,89,24.5,160,84,6.5,43.5
2025,9,"2025-09-01","IXR","Birsa Munda Airport","Ranchi","Jharkhand",23.3142,85.3217,278000,1958,2115,27.1,320,84,6.5,68.1
2025,9,"2025-09-01","DHO","Deoghar Airport","Deoghar","Jharkhand",24.4439,86.7028,34750,245,265,26.6,320,84,6.5,67.8
2025,9,"2025-09-01","JRG","Veer Surendra Sai Airport","Jharsuguda","Odisha",21.9136,84.0503,34750,245,265,27.7,160,84,6.5,45.7
2025,9,"2025-09-01","DMU","Dimapur Airport","Dimapur","Nagaland",25.8839,93.7711,46333,326,352,26,320,84,6.5,67.3
2025,9,"2025-09-01","SHL","Shillong Airport (Umroi)","Shillong","Meghalaya",25.7036,91.9786,11583,82,89,26,320,84,6.5,67.4
2025,9,"2025-09-01","AJL","Lengpui Airport","Aizawl","Mizoram",23.8406,92.6192,23167,163,176,26.9,320,84,6.5,68
2025,9,"2025-09-01","IXS","Silchar Airport","Silchar","Assam",24.9128,92.9789,46333,326,352,26.4,320,84,6.5,67.6
2025,9,"2025-09-01","DBR","Dibrugarh Airport","Dibrugarh","Assam",27.4839,95.0169,127417,897,969,25.2,320,84,6.5,66.9
2025,9,"2025-09-01","JRH","Jorhat Airport","Jorhat","Assam",26.7314,94.1758,34750,245,265,25.6,320,84,6.5,67.1
2025,9,"2025-09-01","TEZ","Tezpur Airport","Tezpur","Assam",26.7092,92.7872,11583,82,89,25.6,320,84,6.5,67.1
2025,9,"2025-09-01","IXT","Pakyong Airport","Pakyong","Sikkim",27.2344,88.5886,5792,41,44,25.3,320,84,6.5,66.9
2025,9,"2025-09-01","IXZ","Veer Savarkar International Airport","Port Blair","Andaman and Nicobar Islands",11.6411,92.7297,196917,1387,1498,32.4,160,84,6.5,48.8
2025,9,"2025-09-01","PYB","Jeypore Airport","Jeypore","Odisha",18.88,82.553,5792,41,44,29.1,160,84,6.5,46.6
2025,9,"2025-09-01","HYT","Donyi Polo Airport (Itanagar)","Hollongi","Arunachal Pradesh",26.96,93.64,23167,163,176,25.5,320,84,6.5,67
2025,9,"2025-09-01","RMD","Ramagundam Airport","Ramagundam","Telangana",18.78,79.44,2317,16,17,29.1,160,84,6.5,46.6
2025,10,"2025-10-01","DEL","Indira Gandhi International Airport","New Delhi","Delhi",28.5562,77.1,8566419,60327,65153,24.7,18.5,65,7.3,24
2025,10,"2025-10-01","BOM","Chhatrapati Shivaji Maharaj International Airport","Mumbai","Maharashtra",19.0896,72.8656,6005805,42294,45678,29,18.5,65,7.3,26.8
2025,10,"2025-10-01","BLR","Kempegowda International Airport","Bengaluru","Karnataka",13.1986,77.7066,4364684,30737,33196,31.7,210,65,7.3,56
2025,10,"2025-10-01","MAA","Chennai International Airport","Chennai","Tamil Nadu",12.9941,80.1709,2455862,17295,18679,31.8,210,65,7.3,56
2025,10,"2025-10-01","HYD","Rajiv Gandhi International Airport","Hyderabad","Telangana",17.2403,78.4294,2909789,20491,22130,29.8,18.5,65,7.3,27.4
2025,10,"2025-10-01","CCU","Netaji Subhash Chandra Bose International Airport","Kolkata","West Bengal",22.6547,88.4467,2304553,16229,17527,27.4,18.5,65,7.3,25.8
2025,10,"2025-10-01","AMD","Sardar Vallabhbhai Patel International Airport","Ahmedabad","Gujarat",23.0772,72.6347,1303585,9180,9914,27.2,18.5,65,7.3,25.7
2025,10,"2025-10-01","PNQ","Pune Airport","Pune","Maharashtra",18.5822,73.9197,931132,6557,7082,29.2,18.5,65,7.3,27
2025,10,"2025-10-01","COK","Cochin International Airport","Kochi","Kerala",10.152,76.4019,1198833,8442,9117,33,210,65,7.3,56.9
2025,10,"2025-10-01","GOI","Dabolim Airport","Goa","Goa",15.3808,73.8314,977689,6885,7436,30.7,18.5,65,7.3,28
2025,10,"2025-10-01","GOX","Manohar International Airport (MOPA)","Goa","Goa",15.7481,73.8647,488845,3443,3718,30.5,18.5,65,7.3,27.9
2025,10,"2025-10-01","CJB","Coimbatore International Airport","Coimbatore","Tamil Nadu",11.03,77.0434,337536,2377,2567,32.6,210,65,7.3,56.6
2025,10,"2025-10-01","TRZ","Tiruchirappalli International Airport","Tiruchirappalli","Tamil Nadu",10.7654,78.7097,209505,1475,1593,32.8,210,65,7.3,56.7
2025,10,"2025-10-01","IXM","Madurai Airport","Madurai","Tamil Nadu",9.8345,78.0934,162948,1148,1240,33.2,210,65,7.3,57
2025,10,"2025-10-01","SXV","Salem Airport","Salem","Tamil Nadu",11.7783,78.0647,11639,82,89,32.3,210,65,7.3,56.4
2025,10,"2025-10-01","TCR","Tuticorin Airport","Thoothukudi","Tamil Nadu",8.7242,78.0267,23278,164,177,33.7,210,65,7.3,57.3
2025,10,"2025-10-01","ATQ","Sri Guru Ram Dass Jee International Airport","Amritsar","Punjab",31.7096,74.7973,325896,2295,2479,23.3,18.5,65,7.3,23.1
2025,10,"2025-10-01","IXC","Chandigarh International Airport","Chandigarh","Chandigarh",30.6735,76.7885,419010,2951,3187,23.8,18.5,65,7.3,23.4
2025,10,"2025-10-01","GAU","Lokpriya Gopinath Bordoloi International Airport","Guwahati","Assam",26.1061,91.5859,675071,4754,5134,25.9,18.5,65,7.3,24.7
2025,10,"2025-10-01","JAI","Jaipur International Airport","Jaipur","Rajasthan",26.8242,75.8122,628514,4426,4780,25.5,18.5,65,7.3,24.5
2025,10,"2025-10-01","LKO","Chaudhary Charan Singh International Airport","Lucknow","Uttar Pradesh",26.7606,80.8893,605236,4262,4603,25.6,18.5,65,7.3,24.5
2025,10,"2025-10-01","TRV","Thiruvananthapuram International Airport","Thiruvananthapuram","Kerala",8.4821,76.92,512123,3606,3894,33.8,210,65,7.3,57.4
2025,10,"2025-10-01","CCJ","Calicut International Airport","Kozhikode","Kerala",11.1368,75.9553,372453,2623,2833,32.6,210,65,7.3,56.6
2025,10,"2025-10-01","IXE","Mangaluru International Airport","Mangaluru","Karnataka",12.9613,74.89,221144,1557,1682,31.8,210,65,7.3,56
2025,10,"2025-10-01","PAT","Jay Prakash Narayan Airport","Patna","Bihar",25.5913,85.088,488845,3443,3718,26.1,18.5,65,7.3,24.9
2025,10,"2025-10-01","BBI","Biju Patnaik International Airport","Bhubaneswar","Odisha",20.2444,85.8178,523762,3688,3983,28.5,18.5,65,7.3,26.5
2025,10,"2025-10-01","IDR","Devi Ahilya Bai Holkar Airport","Indore","Madhya Pradesh",22.7217,75.8011,360814,2541,2744,27.4,18.5,65,7.3,25.8
2025,10,"2025-10-01","NAG","Dr. Babasaheb Ambedkar International Airport","Nagpur","Maharashtra",21.0922,79.0472,325896,2295,2479,28.1,18.5,65,7.3,26.2
2025,10,"2025-10-01","IXB","Bagdogra Airport","Siliguri","West Bengal",26.6812,88.3286,360814,2541,2744,25.6,18.5,65,7.3,24.6
2025,10,"2025-10-01","SXR","Sheikh ul-Alam International Airport","Srinagar","Jammu and Kashmir",33.9872,74.7742,512123,3606,3894,22.3,18.5,65,7.3,22.4
2025,10,"2025-10-01","IXJ","Jammu Airport","Jammu","Jammu and Kashmir",32.6892,74.8372,209505,1475,1593,22.9,18.5,65,7.3,22.8
2025,10,"2025-10-01","IXL","Kushok Bakula Rimpochee Airport","Leh","Ladakh",34.1358,77.5464,139670,984,1063,22.2,18.5,65,7.3,22.3
2025,10,"2025-10-01","IXA","Maharaja Bir Bikram Airport","Agartala","Tripura",23.887,91.2405,174587,1229,1327,26.9,18.5,65,7.3,25.4
2025,10,"2025-10-01","IMF","Imphal Airport","Imphal","Manipur",24.76,93.8967,139670,984,1063,26.5,18.5,65,7.3,25.1
2025,10,"2025-10-01","RJA","Rajahmundry Airport","Rajahmundry","Andhra Pradesh",17.1106,81.8181,46557,328,354,29.9,18.5,65,7.3,27.4
2025,10,"2025-10-01","VTZ","Visakhapatnam Airport","Visakhapatnam","Andhra Pradesh",17.7211,83.2244,325896,2295,2479,29.6,18.5,65,7.3,27.3
2025,10,"2025-10-01","TIR","Tirupati Airport","Tirupati","Andhra Pradesh",13.6325,79.5433,104752,738,797,31.5,210,65,7.3,55.8
2025,10,"2025-10-01","VGA","Vijayawada Airport","Vijayawada","Andhra Pradesh",16.5304,80.7968,128031,902,974,30.2,18.5,65,7.3,27.6
2025,10,"2025-10-01","DHM","Gaggal Airport (Dharamshala)","Kangra","Himachal Pradesh",32.1651,76.2634,34917,246,266,23.1,18.5,65,7.3,22.9
2025,10,"2025-10-01","SLV","Shimla Airport","Shimla","Himachal Pradesh",31.0817,77.0678,11639,82,89,23.6,18.5,65,7.3,23.3
2025,10,"2025-10-01","KUU","Kullu Manali Airport (Bhuntar)","Bhuntar","Himachal Pradesh",31.8767,77.1542,11639,82,89,23.3,18.5,65,7.3,23
2025,10,"2025-10-01","BDQ","Vadodara Airport","Vadodara","Gujarat",22.3361,73.2264,139670,984,1063,27.5,18.5,65,7.3,25.9
2025,10,"2025-10-01","STV","Surat Airport","Surat","Gujarat",21.1142,72.7419,151309,1066,1151,28.1,18.5,65,7.3,26.2
2025,10,"2025-10-01","HSR","Hisar Airport","Hisar","Haryana",29.1794,75.7538,5820,41,44,24.5,18.5,65,7.3,23.8
2025,10,"2025-10-01","GWL","Gwalior Airport","Gwalior","Madhya Pradesh",26.2933,78.2278,46557,328,354,25.8,18.5,65,7.3,24.7
2025,10,"2025-10-01","JLR","Jabalpur Airport","Jabalpur","Madhya Pradesh",23.1778,80.0522,58196,410,443,27.2,18.5,65,7.3,25.6
2025,10,"2025-10-01","RPR","Swami Vivekananda Airport","Raipur","Chhattisgarh",21.1803,81.7389,290979,2049,2213,28.1,18.5,65,7.3,26.2
2025,10,"2025-10-01","DED","Jolly Grant Airport","Dehradun","Uttarakhand",30.1897,78.1803,186226,1311,1416,24,18.5,65,7.3,23.5
2025,10,"2025-10-01","PNT","Pantnagar Airport","Pantnagar","Uttarakhand",29.0333,79.4736,11639,82,89,24.5,18.5,65,7.3,23.9
2025,10,"2025-10-01","IXR","Birsa Munda Airport","Ranchi","Jharkhand",23.3142,85.3217,279340,1967,2124,27.1,18.5,65,7.3,25.6
2025,10,"2025-10-01","DHO","Deoghar Airport","Deoghar","Jharkhand",24.4439,86.7028,34917,246,266,26.6,18.5,65,7.3,25.2
2025,10,"2025-10-01","JRG","Veer Surendra Sai Airport","Jharsuguda","Odisha",21.9136,84.0503,34917,246,266,27.7,18.5,65,7.3,26
2025,10,"2025-10-01","DMU","Dimapur Airport","Dimapur","Nagaland",25.8839,93.7711,46557,328,354,26,18.5,65,7.3,24.8
2025,10,"2025-10-01","SHL","Shillong Airport (Umroi)","Shillong","Meghalaya",25.7036,91.9786,11639,82,89,26,18.5,65,7.3,24.9
2025,10,"2025-10-01","AJL","Lengpui Airport","Aizawl","Mizoram",23.8406,92.6192,23278,164,177,26.9,18.5,65,7.3,25.4
2025,10,"2025-10-01","IXS","Silchar Airport","Silchar","Assam",24.9128,92.9789,46557,328,354,26.4,18.5,65,7.3,25.1
2025,10,"2025-10-01","DBR","Dibrugarh Airport","Dibrugarh","Assam",27.4839,95.0169,128031,902,974,25.2,18.5,65,7.3,24.3
2025,10,"2025-10-01","JRH","Jorhat Airport","Jorhat","Assam",26.7314,94.1758,34917,246,266,25.6,18.5,65,7.3,24.6
2025,10,"2025-10-01","TEZ","Tezpur Airport","Tezpur","Assam",26.7092,92.7872,11639,82,89,25.6,18.5,65,7.3,24.6
2025,10,"2025-10-01","IXT","Pakyong Airport","Pakyong","Sikkim",27.2344,88.5886,5820,41,44,25.3,18.5,65,7.3,24.4
2025,10,"2025-10-01","IXZ","Veer Savarkar International Airport","Port Blair","Andaman and Nicobar Islands",11.6411,92.7297,197866,1393,1504,32.4,210,65,7.3,56.4
2025,10,"2025-10-01","PYB","Jeypore Airport","Jeypore","Odisha",18.88,82.553,5820,41,44,29.1,18.5,65,7.3,26.9
2025,10,"2025-10-01","HYT","Donyi Polo Airport (Itanagar)","Hollongi","Arunachal Pradesh",26.96,93.64,23278,164,177,25.5,18.5,65,7.3,24.5
2025,10,"2025-10-01","RMD","Ramagundam Airport","Ramagundam","Telangana",18.78,79.44,2328,16,17,29.1,18.5,65,7.3,26.9
2025,11,"2025-11-01","DEL","Indira Gandhi International Airport","New Delhi","Delhi",28.5562,77.1,8678667,61117,66006,24.7,18.5,65,9.5,25.5
2025,11,"2025-11-01","BOM","Chhatrapati Shivaji Maharaj International Airport","Mumbai","Maharashtra",19.0896,72.8656,6084500,42849,46277,29,18.5,65,9.5,28.3
2025,11,"2025-11-01","BLR","Kempegowda International Airport","Bengaluru","Karnataka",13.1986,77.7066,4421875,31140,33631,31.7,210,65,9.5,57.4
2025,11,"2025-11-01","MAA","Chennai International Airport","Chennai","Tamil Nadu",12.9941,80.1709,2488042,17521,18923,31.8,210,65,9.5,57.5
2025,11,"2025-11-01","HYD","Rajiv Gandhi International Airport","Hyderabad","Telangana",17.2403,78.4294,2947917,20760,22421,29.8,18.5,65,9.5,28.9
2025,11,"2025-11-01","CCU","Netaji Subhash Chandra Bose International Airport","Kolkata","West Bengal",22.6547,88.4467,2334750,16442,17757,27.4,18.5,65,9.5,27.2
2025,11,"2025-11-01","AMD","Sardar Vallabhbhai Patel International Airport","Ahmedabad","Gujarat",23.0772,72.6347,1320667,9300,10044,27.2,18.5,65,9.5,27.1
2025,11,"2025-11-01","PNQ","Pune Airport","Pune","Maharashtra",18.5822,73.9197,943333,6643,7174,29.2,18.5,65,9.5,28.5
2025,11,"2025-11-01","COK","Cochin International Airport","Kochi","Kerala",10.152,76.4019,1214542,8553,9237,33,210,65,9.5,58.4
2025,11,"2025-11-01","GOI","Dabolim Airport","Goa","Goa",15.3808,73.8314,990500,6975,7533,30.7,18.5,65,9.5,29.4
2025,11,"2025-11-01","GOX","Manohar International Airport (MOPA)","Goa","Goa",15.7481,73.8647,495250,3488,3767,30.5,18.5,65,9.5,29.3
2025,11,"2025-11-01","CJB","Coimbatore International Airport","Coimbatore","Tamil Nadu",11.03,77.0434,341958,2408,2601,32.6,210,65,9.5,58.1
2025,11,"2025-11-01","TRZ","Tiruchirappalli International Airport","Tiruchirappalli","Tamil Nadu",10.7654,78.7097,212250,1495,1615,32.8,210,65,9.5,58.2
2025,11,"2025-11-01","IXM","Madurai Airport","Madurai","Tamil Nadu",9.8345,78.0934,165083,1163,1256,33.2,210,65,9.5,58.4
2025,11,"2025-11-01","SXV","Salem Airport","Salem","Tamil Nadu",11.7783,78.0647,11792,83,90,32.3,210,65,9.5,57.9
2025,11,"2025-11-01","TCR","Tuticorin Airport","Thoothukudi","Tamil Nadu",8.7242,78.0267,23583,166,179,33.7,210,65,9.5,58.8
2025,11,"2025-11-01","ATQ","Sri Guru Ram Dass Jee International Airport","Amritsar","Punjab",31.7096,74.7973,330167,2325,2511,23.3,18.5,65,9.5,24.5
2025,11,"2025-11-01","IXC","Chandigarh International Airport","Chandigarh","Chandigarh",30.6735,76.7885,424500,2989,3228,23.8,18.5,65,9.5,24.8
2025,11,"2025-11-01","GAU","Lokpriya Gopinath Bordoloi International Airport","Guwahati","Assam",26.1061,91.5859,683917,4816,5201,25.9,18.5,65,9.5,26.2
2025,11,"2025-11-01","JAI","Jaipur International Airport","Jaipur","Rajasthan",26.8242,75.8122,636750,4484,4843,25.5,18.5,65,9.5,26
2025,11,"2025-11-01","LKO","Chaudhary Charan Singh International Airport","Lucknow","Uttar Pradesh",26.7606,80.8893,613167,4318,4663,25.6,18.5,65,9.5,26
2025,11,"2025-11-01","TRV","Thiruvananthapuram International Airport","Thiruvananthapuram","Kerala",8.4821,76.92,518833,3654,3946,33.8,210,65,9.5,58.9
2025,11,"2025-11-01","CCJ","Calicut International Airport","Kozhikode","Kerala",11.1368,75.9553,377333,2657,2870,32.6,210,65,9.5,58.1
2025,11,"2025-11-01","IXE","Mangaluru International Airport","Mangaluru","Karnataka",12.9613,74.89,224042,1578,1704,31.8,210,65,9.5,57.5
2025,11,"2025-11-01","PAT","Jay Prakash Narayan Airport","Patna","Bihar",25.5913,85.088,495250,3488,3767,26.1,18.5,65,9.5,26.4
2025,11,"2025-11-01","BBI","Biju Patnaik International Airport","Bhubaneswar","Odisha",20.2444,85.8178,530625,3737,4036,28.5,18.5,65,9.5,28
2025,11,"2025-11-01","IDR","Devi Ahilya Bai Holkar Airport","Indore","Madhya Pradesh",22.7217,75.8011,365542,2574,2780,27.4,18.5,65,9.5,27.2
2025,11,"2025-11-01","NAG","Dr. Babasaheb Ambedkar International Airport","Nagpur","Maharashtra",21.0922,79.0472,330167,2325,2511,28.1,18.5,65,9.5,27.7
2025,11,"2025-11-01","IXB","Bagdogra Airport","Siliguri","West Bengal",26.6812,88.3286,365542,2574,2780,25.6,18.5,65,9.5,26
2025,11,"2025-11-01","SXR","Sheikh ul-Alam International Airport","Srinagar","Jammu and Kashmir",33.9872,74.7742,518833,3654,3946,22.3,18.5,65,9.5,23.8
2025,11,"2025-11-01","IXJ","Jammu Airport","Jammu","Jammu and Kashmir",32.6892,74.8372,212250,1495,1615,22.9,18.5,65,9.5,24.2
2025,11,"2025-11-01","IXL","Kushok Bakula Rimpochee Airport","Leh","Ladakh",34.1358,77.5464,141500,996,1076,22.2,18.5,65,9.5,23.8
2025,11,"2025-11-01","IXA","Maharaja Bir Bikram Airport","Agartala","Tripura",23.887,91.2405,176875,1246,1346,26.9,18.5,65,9.5,26.9
2025,11,"2025-11-01","IMF","Imphal Airport","Imphal","Manipur",24.76,93.8967,141500,996,1076,26.5,18.5,65,9.5,26.6
2025,11,"2025-11-01","RJA","Rajahmundry Airport","Rajahmundry","Andhra Pradesh",17.1106,81.8181,47167,332,359,29.9,18.5,65,9.5,28.9
2025,11,"2025-11-01","VTZ","Visakhapatnam Airport","Visakhapatnam","Andhra Pradesh",17.7211,83.2244,330167,2325,2511,29.6,18.5,65,9.5,28.7
2025,11,"2025-11-01","TIR","Tirupati Airport","Tirupati","Andhra Pradesh",13.6325,79.5433,106125,747,807,31.5,210,65,9.5,57.3
2025,11,"2025-11-01","VGA","Vijayawada Airport","Vijayawada","Andhra Pradesh",16.5304,80.7968,129708,913,986,30.2,18.5,65,9.5,29.1
2025,11,"2025-11-01","DHM","Gaggal Airport (Dharamshala)","Kangra","Himachal Pradesh",32.1651,76.2634,35375,249,269,23.1,18.5,65,9.5,24.4
2025,11,"2025-11-01","SLV","Shimla Airport","Shimla","Himachal Pradesh",31.0817,77.0678,11792,83,90,23.6,18.5,65,9.5,24.7
2025,11,"2025-11-01","KUU","Kullu Manali Airport (Bhuntar)","Bhuntar","Himachal Pradesh",31.8767,77.1542,11792,83,90,23.3,18.5,65,9.5,24.5
2025,11,"2025-11-01","BDQ","Vadodara Airport","Vadodara","Gujarat",22.3361,73.2264,141500,996,1076,27.5,18.5,65,9.5,27.3
2025,11,"2025-11-01","STV","Surat Airport","Surat","Gujarat",21.1142,72.7419,153292,1080,1166,28.1,18.5,65,9.5,27.7
2025,11,"2025-11-01","HSR","Hisar Airport","Hisar","Haryana",29.1794,75.7538,5896,42,45,24.5,18.5,65,9.5,25.3
2025,11,"2025-11-01","GWL","Gwalior Airport","Gwalior","Madhya Pradesh",26.2933,78.2278,47167,332,359,25.8,18.5,65,9.5,26.2
2025,11,"2025-11-01","JLR","Jabalpur Airport","Jabalpur","Madhya Pradesh",23.1778,80.0522,58958,415,448,27.2,18.5,65,9.5,27.1
2025,11,"2025-11-01","RPR","Swami Vivekananda Airport","Raipur","Chhattisgarh",21.1803,81.7389,294792,2076,2242,28.1,18.5,65,9.5,27.7
2025,11,"2025-11-01","DED","Jolly Grant Airport","Dehradun","Uttarakhand",30.1897,78.1803,188667,1329,1435,24,18.5,65,9.5,25
2025,11,"2025-11-01","PNT","Pantnagar Airport","Pantnagar","Uttarakhand",29.0333,79.4736,11792,83,90,24.5,18.5,65,9.5,25.3
2025,11,"2025-11-01","IXR","Birsa Munda Airport","Ranchi","Jharkhand",23.3142,85.3217,283000,1993,2152,27.1,18.5,65,9.5,27
2025,11,"2025-11-01","DHO","Deoghar Airport","Deoghar","Jharkhand",24.4439,86.7028,35375,249,269,26.6,18.5,65,9.5,26.7
2025,11,"2025-11-01","JRG","Veer Surendra Sai Airport","Jharsuguda","Odisha",21.9136,84.0503,35375,249,269,27.7,18.5,65,9.5,27.5
2025,11,"2025-11-01","DMU","Dimapur Airport","Dimapur","Nagaland",25.8839,93.7711,47167,332,359,26,18.5,65,9.5,26.3
2025,11,"2025-11-01","SHL","Shillong Airport (Umroi)","Shillong","Meghalaya",25.7036,91.9786,11792,83,90,26,18.5,65,9.5,26.3
2025,11,"2025-11-01","AJL","Lengpui Airport","Aizawl","Mizoram",23.8406,92.6192,23583,166,179,26.9,18.5,65,9.5,26.9
2025,11,"2025-11-01","IXS","Silchar Airport","Silchar","Assam",24.9128,92.9789,47167,332,359,26.4,18.5,65,9.5,26.6
2025,11,"2025-11-01","DBR","Dibrugarh Airport","Dibrugarh","Assam",27.4839,95.0169,129708,913,986,25.2,18.5,65,9.5,25.8
2025,11,"2025-11-01","JRH","Jorhat Airport","Jorhat","Assam",26.7314,94.1758,35375,249,269,25.6,18.5,65,9.5,26
2025,11,"2025-11-01","TEZ","Tezpur Airport","Tezpur","Assam",26.7092,92.7872,11792,83,90,25.6,18.5,65,9.5,26
2025,11,"2025-11-01","IXT","Pakyong Airport","Pakyong","Sikkim",27.2344,88.5886,5896,42,45,25.3,18.5,65,9.5,25.9
2025,11,"2025-11-01","IXZ","Veer Savarkar International Airport","Port Blair","Andaman and Nicobar Islands",11.6411,92.7297,200458,1412,1525,32.4,210,65,9.5,57.9
2025,11,"2025-11-01","PYB","Jeypore Airport","Jeypore","Odisha",18.88,82.553,5896,42,45,29.1,18.5,65,9.5,28.4
2025,11,"2025-11-01","HYT","Donyi Polo Airport (Itanagar)","Hollongi","Arunachal Pradesh",26.96,93.64,23583,166,179,25.5,18.5,65,9.5,26
2025,11,"2025-11-01","RMD","Ramagundam Airport","Ramagundam","Telangana",18.78,79.44,2358,17,18,29.1,18.5,65,9.5,28.4
2025,12,"2025-12-01","DEL","Indira Gandhi International Airport","New Delhi","Delhi",28.5562,77.1,8832000,62197,67173,16.7,18.5,65,12.5,22.1
2025,12,"2025-12-01","BOM","Chhatrapati Shivaji Maharaj International Airport","Mumbai","Maharashtra",19.0896,72.8656,6192000,43606,47094,21,18.5,65,12.5,25
2025,12,"2025-12-01","BLR","Kempegowda International Airport","Bengaluru","Karnataka",13.1986,77.7066,4500000,31690,34225,23.7,18.5,65,12.5,26.7
2025,12,"2025-12-01","MAA","Chennai International Airport","Chennai","Tamil Nadu",12.9941,80.1709,2532000,17831,19257,23.8,18.5,65,12.5,26.8
2025,12,"2025-12-01","HYD","Rajiv Gandhi International Airport","Hyderabad","Telangana",17.2403,78.4294,3e+06,21127,22817,21.8,18.5,65,12.5,25.5
2025,12,"2025-12-01","CCU","Netaji Subhash Chandra Bose International Airport","Kolkata","West Bengal",22.6547,88.4467,2376000,16732,18071,19.4,18.5,65,12.5,23.9
2025,12,"2025-12-01","AMD","Sardar Vallabhbhai Patel International Airport","Ahmedabad","Gujarat",23.0772,72.6347,1344000,9465,10222,19.2,18.5,65,12.5,23.8
2025,12,"2025-12-01","PNQ","Pune Airport","Pune","Maharashtra",18.5822,73.9197,960000,6761,7302,21.2,18.5,65,12.5,25.1
2025,12,"2025-12-01","COK","Cochin International Airport","Kochi","Kerala",10.152,76.4019,1236000,8704,9400,25,18.5,65,12.5,27.7
2025,12,"2025-12-01","GOI","Dabolim Airport","Goa","Goa",15.3808,73.8314,1008000,7099,7667,22.7,18.5,65,12.5,26.1
2025,12,"2025-12-01","GOX","Manohar International Airport (MOPA)","Goa","Goa",15.7481,73.8647,504000,3549,3833,22.5,18.5,65,12.5,26
2025,12,"2025-12-01","CJB","Coimbatore International Airport","Coimbatore","Tamil Nadu",11.03,77.0434,348000,2451,2647,24.6,18.5,65,12.5,27.4
2025,12,"2025-12-01","TRZ","Tiruchirappalli International Airport","Tiruchirappalli","Tamil Nadu",10.7654,78.7097,216000,1521,1643,24.8,18.5,65,12.5,27.5
2025,12,"2025-12-01","IXM","Madurai Airport","Madurai","Tamil Nadu",9.8345,78.0934,168000,1183,1278,25.2,18.5,65,12.5,27.8
2025,12,"2025-12-01","SXV","Salem Airport","Salem","Tamil Nadu",11.7783,78.0647,12000,85,92,24.3,18.5,65,12.5,27.2
2025,12,"2025-12-01","TCR","Tuticorin Airport","Thoothukudi","Tamil Nadu",8.7242,78.0267,24000,169,183,25.7,18.5,65,12.5,28.1
2025,12,"2025-12-01","ATQ","Sri Guru Ram Dass Jee International Airport","Amritsar","Punjab",31.7096,74.7973,336000,2366,2555,15.3,18.5,65,12.5,21.2
2025,12,"2025-12-01","IXC","Chandigarh International Airport","Chandigarh","Chandigarh",30.6735,76.7885,432000,3042,3285,15.8,18.5,65,12.5,21.5
2025,12,"2025-12-01","GAU","Lokpriya Gopinath Bordoloi International Airport","Guwahati","Assam",26.1061,91.5859,696000,4901,5293,17.9,18.5,65,12.5,22.9
2025,12,"2025-12-01","JAI","Jaipur International Airport","Jaipur","Rajasthan",26.8242,75.8122,648000,4563,4928,17.5,18.5,65,12.5,22.7
2025,12,"2025-12-01","LKO","Chaudhary Charan Singh International Airport","Lucknow","Uttar Pradesh",26.7606,80.8893,624000,4394,4746,17.6,18.5,65,12.5,22.7
2025,12,"2025-12-01","TRV","Thiruvananthapuram International Airport","Thiruvananthapuram","Kerala",8.4821,76.92,528000,3718,4015,25.8,18.5,65,12.5,28.2
2025,12,"2025-12-01","CCJ","Calicut International Airport","Kozhikode","Kerala",11.1368,75.9553,384000,2704,2920,24.6,18.5,65,12.5,27.4
2025,12,"2025-12-01","IXE","Mangaluru International Airport","Mangaluru","Karnataka",12.9613,74.89,228000,1606,1734,23.8,18.5,65,12.5,26.8
2025,12,"2025-12-01","PAT","Jay Prakash Narayan Airport","Patna","Bihar",25.5913,85.088,504000,3549,3833,18.1,18.5,65,12.5,23
2025,12,"2025-12-01","BBI","Biju Patnaik International Airport","Bhubaneswar","Odisha",20.2444,85.8178,540000,3803,4107,20.5,18.5,65,12.5,24.6
2025,12,"2025-12-01","IDR","Devi Ahilya Bai Holkar Airport","Indore","Madhya Pradesh",22.7217,75.8011,372000,2620,2830,19.4,18.5,65,12.5,23.9
2025,12,"2025-12-01","NAG","Dr. Babasaheb Ambedkar International Airport","Nagpur","Maharashtra",21.0922,79.0472,336000,2366,2555,20.1,18.5,65,12.5,24.4
2025,12,"2025-12-01","IXB","Bagdogra Airport","Siliguri","West Bengal",26.6812,88.3286,372000,2620,2830,17.6,18.5,65,12.5,22.7
2025,12,"2025-12-01","SXR","Sheikh ul-Alam International Airport","Srinagar","Jammu and Kashmir",33.9872,74.7742,528000,3718,4015,14.3,18.5,65,12.5,20.5
2025,12,"2025-12-01","IXJ","Jammu Airport","Jammu","Jammu and Kashmir",32.6892,74.8372,216000,1521,1643,14.9,18.5,65,12.5,20.9
2025,12,"2025-12-01","IXL","Kushok Bakula Rimpochee Airport","Leh","Ladakh",34.1358,77.5464,144000,1014,1095,14.2,18.5,65,12.5,20.5
2025,12,"2025-12-01","IXA","Maharaja Bir Bikram Airport","Agartala","Tripura",23.887,91.2405,180000,1268,1369,18.9,18.5,65,12.5,23.5
2025,12,"2025-12-01","IMF","Imphal Airport","Imphal","Manipur",24.76,93.8967,144000,1014,1095,18.5,18.5,65,12.5,23.3
2025,12,"2025-12-01","RJA","Rajahmundry Airport","Rajahmundry","Andhra Pradesh",17.1106,81.8181,48000,338,365,21.9,18.5,65,12.5,25.6
2025,12,"2025-12-01","VTZ","Visakhapatnam Airport","Visakhapatnam","Andhra Pradesh",17.7211,83.2244,336000,2366,2555,21.6,18.5,65,12.5,25.4
2025,12,"2025-12-01","TIR","Tirupati Airport","Tirupati","Andhra Pradesh",13.6325,79.5433,108000,761,822,23.5,18.5,65,12.5,26.6
2025,12,"2025-12-01","VGA","Vijayawada Airport","Vijayawada","Andhra Pradesh",16.5304,80.7968,132000,930,1004,22.2,18.5,65,12.5,25.8
2025,12,"2025-12-01","DHM","Gaggal Airport (Dharamshala)","Kangra","Himachal Pradesh",32.1651,76.2634,36000,254,274,15.1,18.5,65,12.5,21.1
2025,12,"2025-12-01","SLV","Shimla Airport","Shimla","Himachal Pradesh",31.0817,77.0678,12000,85,92,15.6,18.5,65,12.5,21.4
2025,12,"2025-12-01","KUU","Kullu Manali Airport (Bhuntar)","Bhuntar","Himachal Pradesh",31.8767,77.1542,12000,85,92,15.3,18.5,65,12.5,21.1
2025,12,"2025-12-01","BDQ","Vadodara Airport","Vadodara","Gujarat",22.3361,73.2264,144000,1014,1095,19.5,18.5,65,12.5,24
2025,12,"2025-12-01","STV","Surat Airport","Surat","Gujarat",21.1142,72.7419,156000,1099,1187,20.1,18.5,65,12.5,24.4
2025,12,"2025-12-01","HSR","Hisar Airport","Hisar","Haryana",29.1794,75.7538,6000,42,45,16.5,18.5,65,12.5,22
2025,12,"2025-12-01","GWL","Gwalior Airport","Gwalior","Madhya Pradesh",26.2933,78.2278,48000,338,365,17.8,18.5,65,12.5,22.8
2025,12,"2025-12-01","JLR","Jabalpur Airport","Jabalpur","Madhya Pradesh",23.1778,80.0522,60000,423,457,19.2,18.5,65,12.5,23.8
2025,12,"2025-12-01","RPR","Swami Vivekananda Airport","Raipur","Chhattisgarh",21.1803,81.7389,3e+05,2113,2282,20.1,18.5,65,12.5,24.4
2025,12,"2025-12-01","DED","Jolly Grant Airport","Dehradun","Uttarakhand",30.1897,78.1803,192000,1352,1460,16,18.5,65,12.5,21.7
2025,12,"2025-12-01","PNT","Pantnagar Airport","Pantnagar","Uttarakhand",29.0333,79.4736,12000,85,92,16.5,18.5,65,12.5,22
2025,12,"2025-12-01","IXR","Birsa Munda Airport","Ranchi","Jharkhand",23.3142,85.3217,288000,2028,2190,19.1,18.5,65,12.5,23.7
2025,12,"2025-12-01","DHO","Deoghar Airport","Deoghar","Jharkhand",24.4439,86.7028,36000,254,274,18.6,18.5,65,12.5,23.4
2025,12,"2025-12-01","JRG","Veer Surendra Sai Airport","Jharsuguda","Odisha",21.9136,84.0503,36000,254,274,19.7,18.5,65,12.5,24.1
2025,12,"2025-12-01","DMU","Dimapur Airport","Dimapur","Nagaland",25.8839,93.7711,48000,338,365,18,18.5,65,12.5,22.9
2025,12,"2025-12-01","SHL","Shillong Airport (Umroi)","Shillong","Meghalaya",25.7036,91.9786,12000,85,92,18,18.5,65,12.5,23
2025,12,"2025-12-01","AJL","Lengpui Airport","Aizawl","Mizoram",23.8406,92.6192,24000,169,183,18.9,18.5,65,12.5,23.6
2025,12,"2025-12-01","IXS","Silchar Airport","Silchar","Assam",24.9128,92.9789,48000,338,365,18.4,18.5,65,12.5,23.2
2025,12,"2025-12-01","DBR","Dibrugarh Airport","Dibrugarh","Assam",27.4839,95.0169,132000,930,1004,17.2,18.5,65,12.5,22.5
2025,12,"2025-12-01","JRH","Jorhat Airport","Jorhat","Assam",26.7314,94.1758,36000,254,274,17.6,18.5,65,12.5,22.7
2025,12,"2025-12-01","TEZ","Tezpur Airport","Tezpur","Assam",26.7092,92.7872,12000,85,92,17.6,18.5,65,12.5,22.7
2025,12,"2025-12-01","IXT","Pakyong Airport","Pakyong","Sikkim",27.2344,88.5886,6000,42,45,17.3,18.5,65,12.5,22.5
2025,12,"2025-12-01","IXZ","Veer Savarkar International Airport","Port Blair","Andaman and Nicobar Islands",11.6411,92.7297,204000,1437,1552,24.4,18.5,65,12.5,27.2
2025,12,"2025-12-01","PYB","Jeypore Airport","Jeypore","Odisha",18.88,82.553,6000,42,45,21.1,18.5,65,12.5,25
2025,12,"2025-12-01","HYT","Donyi Polo Airport (Itanagar)","Hollongi","Arunachal Pradesh",26.96,93.64,24000,169,183,17.5,18.5,65,12.5,22.6
2025,12,"2025-12-01","RMD","Ramagundam Airport","Ramagundam","Telangana",18.78,79.44,2400,17,18,21.1,18.5,65,12.5,25.1
